CensusDate,FacilityID,DeptID,UnitName,StaffedBeds,Admissions,Discharges,MidnightCensus
2025-03-01,F01,D110,Medical-Surgical 4 West,36,8,9,30
2025-03-01,F01,D111,Medical-Surgical 5 East,32,3,5,27
2025-03-01,F01,D120,Cardiac Step-Down,24,5,8,18
2025-03-01,F01,D130,Intensive Care Unit,20,6,6,17
2025-03-01,F01,D140,Orthopedics & Spine,22,8,10,17
2025-03-01,F01,D150,Oncology,18,3,3,15
2025-03-01,F01,D160,Neuroscience & Stroke,16,1,2,13
2025-03-01,F01,D170,Labor & Delivery,20,3,3,12
2025-03-01,F01,D180,Pediatrics,14,0,1,11
2025-03-01,F01,D190,Behavioral Health,18,3,4,15
2025-03-01,F01,D195,Observation Unit,12,14,15,8
2025-03-01,F02,D210,Medical-Surgical,28,4,4,27
2025-03-01,F02,D230,Intensive Care Unit,8,2,2,6
2025-03-01,F02,D270,Labor & Delivery,10,4,4,5
2025-03-01,F03,D310,Medical-Surgical,30,3,5,26
2025-03-01,F03,D320,Cardiac Step-Down,16,5,6,14
2025-03-01,F03,D330,Intensive Care Unit,12,2,2,10
2025-03-01,F03,D340,Orthopedics,14,3,4,8
2025-03-02,F01,D110,Medical-Surgical 4 West,36,10,10,30
2025-03-02,F01,D111,Medical-Surgical 5 East,32,3,3,27
2025-03-02,F01,D120,Cardiac Step-Down,24,3,2,19
2025-03-02,F01,D130,Intensive Care Unit,20,5,6,16
2025-03-02,F01,D140,Orthopedics & Spine,22,5,6,16
2025-03-02,F01,D150,Oncology,18,4,4,15
2025-03-02,F01,D160,Neuroscience & Stroke,16,6,6,13
2025-03-02,F01,D170,Labor & Delivery,20,1,2,11
2025-03-02,F01,D180,Pediatrics,14,5,6,10
2025-03-02,F01,D190,Behavioral Health,18,2,2,15
2025-03-02,F01,D195,Observation Unit,12,8,8,8
2025-03-02,F02,D210,Medical-Surgical,28,4,4,27
2025-03-02,F02,D230,Intensive Care Unit,8,2,2,6
2025-03-02,F02,D270,Labor & Delivery,10,2,1,6
2025-03-02,F03,D310,Medical-Surgical,30,6,6,26
2025-03-02,F03,D320,Cardiac Step-Down,16,1,2,13
2025-03-02,F03,D330,Intensive Care Unit,12,2,2,10
2025-03-02,F03,D340,Orthopedics,14,1,1,8
2025-03-03,F01,D110,Medical-Surgical 4 West,36,5,5,30
2025-03-03,F01,D111,Medical-Surgical 5 East,32,7,6,28
2025-03-03,F01,D120,Cardiac Step-Down,24,10,10,19
2025-03-03,F01,D130,Intensive Care Unit,20,4,4,16
2025-03-03,F01,D140,Orthopedics & Spine,22,4,2,18
2025-03-03,F01,D150,Oncology,18,6,6,15
2025-03-03,F01,D160,Neuroscience & Stroke,16,1,2,12
2025-03-03,F01,D170,Labor & Delivery,20,7,7,11
2025-03-03,F01,D180,Pediatrics,14,2,2,10
2025-03-03,F01,D190,Behavioral Health,18,2,1,16
2025-03-03,F01,D195,Observation Unit,12,6,6,8
2025-03-03,F02,D210,Medical-Surgical,28,7,8,26
2025-03-03,F02,D230,Intensive Care Unit,8,2,2,6
2025-03-03,F02,D270,Labor & Delivery,10,3,3,6
2025-03-03,F03,D310,Medical-Surgical,30,8,8,26
2025-03-03,F03,D320,Cardiac Step-Down,16,4,3,14
2025-03-03,F03,D330,Intensive Care Unit,12,0,0,10
2025-03-03,F03,D340,Orthopedics,14,2,0,10
2025-03-04,F01,D110,Medical-Surgical 4 West,36,5,3,32
2025-03-04,F01,D111,Medical-Surgical 5 East,32,7,6,29
2025-03-04,F01,D120,Cardiac Step-Down,24,8,7,20
2025-03-04,F01,D130,Intensive Care Unit,20,8,7,17
2025-03-04,F01,D140,Orthopedics & Spine,22,3,1,20
2025-03-04,F01,D150,Oncology,18,2,3,14
2025-03-04,F01,D160,Neuroscience & Stroke,16,1,0,13
2025-03-04,F01,D170,Labor & Delivery,20,7,5,13
2025-03-04,F01,D180,Pediatrics,14,1,1,10
2025-03-04,F01,D190,Behavioral Health,18,4,3,17
2025-03-04,F01,D195,Observation Unit,12,7,7,8
2025-03-04,F02,D210,Medical-Surgical,28,7,8,25
2025-03-04,F02,D230,Intensive Care Unit,8,0,0,6
2025-03-04,F02,D270,Labor & Delivery,10,4,4,6
2025-03-04,F03,D310,Medical-Surgical,30,6,7,25
2025-03-04,F03,D320,Cardiac Step-Down,16,8,8,14
2025-03-04,F03,D330,Intensive Care Unit,12,0,1,9
2025-03-04,F03,D340,Orthopedics,14,3,3,10
2025-03-05,F01,D110,Medical-Surgical 4 West,36,13,12,33
2025-03-05,F01,D111,Medical-Surgical 5 East,32,3,4,28
2025-03-05,F01,D120,Cardiac Step-Down,24,11,12,19
2025-03-05,F01,D130,Intensive Care Unit,20,1,1,17
2025-03-05,F01,D140,Orthopedics & Spine,22,5,6,19
2025-03-05,F01,D150,Oncology,18,1,1,14
2025-03-05,F01,D160,Neuroscience & Stroke,16,5,5,13
2025-03-05,F01,D170,Labor & Delivery,20,6,7,12
2025-03-05,F01,D180,Pediatrics,14,4,4,10
2025-03-05,F01,D190,Behavioral Health,18,3,4,16
2025-03-05,F01,D195,Observation Unit,12,8,8,8
2025-03-05,F02,D210,Medical-Surgical,28,13,14,24
2025-03-05,F02,D230,Intensive Care Unit,8,1,0,7
2025-03-05,F02,D270,Labor & Delivery,10,4,4,6
2025-03-05,F03,D310,Medical-Surgical,30,5,5,25
2025-03-05,F03,D320,Cardiac Step-Down,16,2,3,13
2025-03-05,F03,D330,Intensive Care Unit,12,4,4,9
2025-03-05,F03,D340,Orthopedics,14,2,1,11
2025-03-06,F01,D110,Medical-Surgical 4 West,36,4,5,32
2025-03-06,F01,D111,Medical-Surgical 5 East,32,6,4,30
2025-03-06,F01,D120,Cardiac Step-Down,24,7,8,18
2025-03-06,F01,D130,Intensive Care Unit,20,7,6,18
2025-03-06,F01,D140,Orthopedics & Spine,22,4,5,18
2025-03-06,F01,D150,Oncology,18,4,4,14
2025-03-06,F01,D160,Neuroscience & Stroke,16,5,5,13
2025-03-06,F01,D170,Labor & Delivery,20,5,4,13
2025-03-06,F01,D180,Pediatrics,14,5,5,10
2025-03-06,F01,D190,Behavioral Health,18,2,2,16
2025-03-06,F01,D195,Observation Unit,12,6,6,8
2025-03-06,F02,D210,Medical-Surgical,28,8,8,24
2025-03-06,F02,D230,Intensive Care Unit,8,2,2,7
2025-03-06,F02,D270,Labor & Delivery,10,1,1,6
2025-03-06,F03,D310,Medical-Surgical,30,8,6,27
2025-03-06,F03,D320,Cardiac Step-Down,16,4,3,14
2025-03-06,F03,D330,Intensive Care Unit,12,4,4,9
2025-03-06,F03,D340,Orthopedics,14,5,5,11
2025-03-07,F01,D110,Medical-Surgical 4 West,36,10,11,31
2025-03-07,F01,D111,Medical-Surgical 5 East,32,5,6,29
2025-03-07,F01,D120,Cardiac Step-Down,24,3,0,21
2025-03-07,F01,D130,Intensive Care Unit,20,5,7,16
2025-03-07,F01,D140,Orthopedics & Spine,22,4,7,15
2025-03-07,F01,D150,Oncology,18,2,2,14
2025-03-07,F01,D160,Neuroscience & Stroke,16,4,5,12
2025-03-07,F01,D170,Labor & Delivery,20,7,9,11
2025-03-07,F01,D180,Pediatrics,14,7,7,10
2025-03-07,F01,D190,Behavioral Health,18,0,0,16
2025-03-07,F01,D195,Observation Unit,12,10,10,8
2025-03-07,F02,D210,Medical-Surgical,28,10,10,24
2025-03-07,F02,D230,Intensive Care Unit,8,2,1,8
2025-03-07,F02,D270,Labor & Delivery,10,0,0,6
2025-03-07,F03,D310,Medical-Surgical,30,9,7,29
2025-03-07,F03,D320,Cardiac Step-Down,16,4,4,14
2025-03-07,F03,D330,Intensive Care Unit,12,3,3,9
2025-03-07,F03,D340,Orthopedics,14,7,7,11
2025-03-08,F01,D110,Medical-Surgical 4 West,36,9,8,32
2025-03-08,F01,D111,Medical-Surgical 5 East,32,8,9,28
2025-03-08,F01,D120,Cardiac Step-Down,24,6,7,20
2025-03-08,F01,D130,Intensive Care Unit,20,4,3,17
2025-03-08,F01,D140,Orthopedics & Spine,22,7,9,13
2025-03-08,F01,D150,Oncology,18,2,3,13
2025-03-08,F01,D160,Neuroscience & Stroke,16,6,5,13
2025-03-08,F01,D170,Labor & Delivery,20,3,4,10
2025-03-08,F01,D180,Pediatrics,14,1,2,9
2025-03-08,F01,D190,Behavioral Health,18,2,3,15
2025-03-08,F01,D195,Observation Unit,12,8,9,7
2025-03-08,F02,D210,Medical-Surgical,28,8,8,24
2025-03-08,F02,D230,Intensive Care Unit,8,2,2,8
2025-03-08,F02,D270,Labor & Delivery,10,3,4,5
2025-03-08,F03,D310,Medical-Surgical,30,7,8,28
2025-03-08,F03,D320,Cardiac Step-Down,16,4,5,13
2025-03-08,F03,D330,Intensive Care Unit,12,1,1,9
2025-03-08,F03,D340,Orthopedics,14,3,5,9
2025-03-09,F01,D110,Medical-Surgical 4 West,36,5,6,31
2025-03-09,F01,D111,Medical-Surgical 5 East,32,7,7,28
2025-03-09,F01,D120,Cardiac Step-Down,24,5,3,22
2025-03-09,F01,D130,Intensive Care Unit,20,7,7,17
2025-03-09,F01,D140,Orthopedics & Spine,22,4,4,13
2025-03-09,F01,D150,Oncology,18,3,3,13
2025-03-09,F01,D160,Neuroscience & Stroke,16,2,2,13
2025-03-09,F01,D170,Labor & Delivery,20,3,3,10
2025-03-09,F01,D180,Pediatrics,14,4,4,9
2025-03-09,F01,D190,Behavioral Health,18,1,1,15
2025-03-09,F01,D195,Observation Unit,12,8,7,8
2025-03-09,F02,D210,Medical-Surgical,28,6,7,23
2025-03-09,F02,D230,Intensive Care Unit,8,4,5,7
2025-03-09,F02,D270,Labor & Delivery,10,3,3,5
2025-03-09,F03,D310,Medical-Surgical,30,5,6,27
2025-03-09,F03,D320,Cardiac Step-Down,16,6,6,13
2025-03-09,F03,D330,Intensive Care Unit,12,2,1,10
2025-03-09,F03,D340,Orthopedics,14,1,1,9
2025-03-10,F01,D110,Medical-Surgical 4 West,36,5,3,33
2025-03-10,F01,D111,Medical-Surgical 5 East,32,7,5,30
2025-03-10,F01,D120,Cardiac Step-Down,24,10,10,22
2025-03-10,F01,D130,Intensive Care Unit,20,6,7,16
2025-03-10,F01,D140,Orthopedics & Spine,22,4,2,15
2025-03-10,F01,D150,Oncology,18,1,1,13
2025-03-10,F01,D160,Neuroscience & Stroke,16,2,3,12
2025-03-10,F01,D170,Labor & Delivery,20,5,3,12
2025-03-10,F01,D180,Pediatrics,14,4,4,9
2025-03-10,F01,D190,Behavioral Health,18,1,1,15
2025-03-10,F01,D195,Observation Unit,12,13,12,9
2025-03-10,F02,D210,Medical-Surgical,28,7,6,24
2025-03-10,F02,D230,Intensive Care Unit,8,3,3,7
2025-03-10,F02,D270,Labor & Delivery,10,5,4,6
2025-03-10,F03,D310,Medical-Surgical,30,9,11,25
2025-03-10,F03,D320,Cardiac Step-Down,16,1,0,14
2025-03-10,F03,D330,Intensive Care Unit,12,2,2,10
2025-03-10,F03,D340,Orthopedics,14,1,0,10
2025-03-11,F01,D110,Medical-Surgical 4 West,36,6,6,33
2025-03-11,F01,D111,Medical-Surgical 5 East,32,8,7,31
2025-03-11,F01,D120,Cardiac Step-Down,24,1,1,22
2025-03-11,F01,D130,Intensive Care Unit,20,4,4,16
2025-03-11,F01,D140,Orthopedics & Spine,22,1,0,16
2025-03-11,F01,D150,Oncology,18,5,4,14
2025-03-11,F01,D160,Neuroscience & Stroke,16,4,3,13
2025-03-11,F01,D170,Labor & Delivery,20,6,6,12
2025-03-11,F01,D180,Pediatrics,14,3,3,9
2025-03-11,F01,D190,Behavioral Health,18,1,1,15
2025-03-11,F01,D195,Observation Unit,12,12,12,9
2025-03-11,F02,D210,Medical-Surgical,28,8,7,25
2025-03-11,F02,D230,Intensive Care Unit,8,1,1,7
2025-03-11,F02,D270,Labor & Delivery,10,1,1,6
2025-03-11,F03,D310,Medical-Surgical,30,17,16,26
2025-03-11,F03,D320,Cardiac Step-Down,16,5,4,15
2025-03-11,F03,D330,Intensive Care Unit,12,6,6,10
2025-03-11,F03,D340,Orthopedics,14,4,4,10
2025-03-12,F01,D110,Medical-Surgical 4 West,36,9,11,31
2025-03-12,F01,D111,Medical-Surgical 5 East,32,7,7,31
2025-03-12,F01,D120,Cardiac Step-Down,24,6,6,22
2025-03-12,F01,D130,Intensive Care Unit,20,3,3,16
2025-03-12,F01,D140,Orthopedics & Spine,22,5,5,16
2025-03-12,F01,D150,Oncology,18,4,3,15
2025-03-12,F01,D160,Neuroscience & Stroke,16,4,5,12
2025-03-12,F01,D170,Labor & Delivery,20,5,5,12
2025-03-12,F01,D180,Pediatrics,14,1,1,9
2025-03-12,F01,D190,Behavioral Health,18,1,1,15
2025-03-12,F01,D195,Observation Unit,12,10,10,9
2025-03-12,F02,D210,Medical-Surgical,28,9,9,25
2025-03-12,F02,D230,Intensive Care Unit,8,0,0,7
2025-03-12,F02,D270,Labor & Delivery,10,4,4,6
2025-03-12,F03,D310,Medical-Surgical,30,5,5,26
2025-03-12,F03,D320,Cardiac Step-Down,16,4,5,14
2025-03-12,F03,D330,Intensive Care Unit,12,5,5,10
2025-03-12,F03,D340,Orthopedics,14,4,5,9
2025-03-13,F01,D110,Medical-Surgical 4 West,36,7,7,31
2025-03-13,F01,D111,Medical-Surgical 5 East,32,5,5,31
2025-03-13,F01,D120,Cardiac Step-Down,24,7,6,23
2025-03-13,F01,D130,Intensive Care Unit,20,8,8,16
2025-03-13,F01,D140,Orthopedics & Spine,22,7,6,17
2025-03-13,F01,D150,Oncology,18,3,4,14
2025-03-13,F01,D160,Neuroscience & Stroke,16,1,1,12
2025-03-13,F01,D170,Labor & Delivery,20,7,7,12
2025-03-13,F01,D180,Pediatrics,14,4,4,9
2025-03-13,F01,D190,Behavioral Health,18,0,0,15
2025-03-13,F01,D195,Observation Unit,12,9,9,9
2025-03-13,F02,D210,Medical-Surgical,28,10,10,25
2025-03-13,F02,D230,Intensive Care Unit,8,0,0,7
2025-03-13,F02,D270,Labor & Delivery,10,5,4,7
2025-03-13,F03,D310,Medical-Surgical,30,4,4,26
2025-03-13,F03,D320,Cardiac Step-Down,16,6,7,13
2025-03-13,F03,D330,Intensive Care Unit,12,5,6,9
2025-03-13,F03,D340,Orthopedics,14,7,6,10
2025-03-14,F01,D110,Medical-Surgical 4 West,36,8,8,31
2025-03-14,F01,D111,Medical-Surgical 5 East,32,7,9,29
2025-03-14,F01,D120,Cardiac Step-Down,24,8,10,21
2025-03-14,F01,D130,Intensive Care Unit,20,7,7,16
2025-03-14,F01,D140,Orthopedics & Spine,22,5,6,16
2025-03-14,F01,D150,Oncology,18,3,4,13
2025-03-14,F01,D160,Neuroscience & Stroke,16,3,3,12
2025-03-14,F01,D170,Labor & Delivery,20,6,6,12
2025-03-14,F01,D180,Pediatrics,14,2,1,10
2025-03-14,F01,D190,Behavioral Health,18,2,3,14
2025-03-14,F01,D195,Observation Unit,12,1,1,9
2025-03-14,F02,D210,Medical-Surgical,28,5,8,22
2025-03-14,F02,D230,Intensive Care Unit,8,2,2,7
2025-03-14,F02,D270,Labor & Delivery,10,2,3,6
2025-03-14,F03,D310,Medical-Surgical,30,9,9,26
2025-03-14,F03,D320,Cardiac Step-Down,16,4,5,12
2025-03-14,F03,D330,Intensive Care Unit,12,5,4,10
2025-03-14,F03,D340,Orthopedics,14,4,4,10
2025-03-15,F01,D110,Medical-Surgical 4 West,36,8,8,31
2025-03-15,F01,D111,Medical-Surgical 5 East,32,7,8,28
2025-03-15,F01,D120,Cardiac Step-Down,24,13,13,21
2025-03-15,F01,D130,Intensive Care Unit,20,7,6,17
2025-03-15,F01,D140,Orthopedics & Spine,22,6,9,13
2025-03-15,F01,D150,Oncology,18,3,3,13
2025-03-15,F01,D160,Neuroscience & Stroke,16,3,3,12
2025-03-15,F01,D170,Labor & Delivery,20,1,1,12
2025-03-15,F01,D180,Pediatrics,14,4,4,10
2025-03-15,F01,D190,Behavioral Health,18,4,2,16
2025-03-15,F01,D195,Observation Unit,12,10,11,8
2025-03-15,F02,D210,Medical-Surgical,28,5,4,23
2025-03-15,F02,D230,Intensive Care Unit,8,2,3,6
2025-03-15,F02,D270,Labor & Delivery,10,5,5,6
2025-03-15,F03,D310,Medical-Surgical,30,11,11,26
2025-03-15,F03,D320,Cardiac Step-Down,16,3,3,12
2025-03-15,F03,D330,Intensive Care Unit,12,0,0,10
2025-03-15,F03,D340,Orthopedics,14,5,7,8
2025-03-16,F01,D110,Medical-Surgical 4 West,36,4,4,31
2025-03-16,F01,D111,Medical-Surgical 5 East,32,4,5,27
2025-03-16,F01,D120,Cardiac Step-Down,24,4,5,20
2025-03-16,F01,D130,Intensive Care Unit,20,4,4,17
2025-03-16,F01,D140,Orthopedics & Spine,22,0,2,11
2025-03-16,F01,D150,Oncology,18,5,5,13
2025-03-16,F01,D160,Neuroscience & Stroke,16,4,3,13
2025-03-16,F01,D170,Labor & Delivery,20,6,6,12
2025-03-16,F01,D180,Pediatrics,14,1,1,10
2025-03-16,F01,D190,Behavioral Health,18,2,2,16
2025-03-16,F01,D195,Observation Unit,12,10,10,8
2025-03-16,F02,D210,Medical-Surgical,28,6,5,24
2025-03-16,F02,D230,Intensive Care Unit,8,4,3,7
2025-03-16,F02,D270,Labor & Delivery,10,0,1,5
2025-03-16,F03,D310,Medical-Surgical,30,8,8,26
2025-03-16,F03,D320,Cardiac Step-Down,16,3,3,12
2025-03-16,F03,D330,Intensive Care Unit,12,2,1,11
2025-03-16,F03,D340,Orthopedics,14,3,3,8
2025-03-17,F01,D110,Medical-Surgical 4 West,36,4,3,32
2025-03-17,F01,D111,Medical-Surgical 5 East,32,8,8,27
2025-03-17,F01,D120,Cardiac Step-Down,24,7,6,21
2025-03-17,F01,D130,Intensive Care Unit,20,6,7,16
2025-03-17,F01,D140,Orthopedics & Spine,22,5,3,13
2025-03-17,F01,D150,Oncology,18,4,3,14
2025-03-17,F01,D160,Neuroscience & Stroke,16,3,3,13
2025-03-17,F01,D170,Labor & Delivery,20,6,5,13
2025-03-17,F01,D180,Pediatrics,14,7,7,10
2025-03-17,F01,D190,Behavioral Health,18,1,2,15
2025-03-17,F01,D195,Observation Unit,12,9,7,10
2025-03-17,F02,D210,Medical-Surgical,28,7,6,25
2025-03-17,F02,D230,Intensive Care Unit,8,2,2,7
2025-03-17,F02,D270,Labor & Delivery,10,3,2,6
2025-03-17,F03,D310,Medical-Surgical,30,7,7,26
2025-03-17,F03,D320,Cardiac Step-Down,16,1,0,13
2025-03-17,F03,D330,Intensive Care Unit,12,3,3,11
2025-03-17,F03,D340,Orthopedics,14,5,3,10
2025-03-18,F01,D110,Medical-Surgical 4 West,36,5,6,31
2025-03-18,F01,D111,Medical-Surgical 5 East,32,9,11,25
2025-03-18,F01,D120,Cardiac Step-Down,24,3,3,21
2025-03-18,F01,D130,Intensive Care Unit,20,3,4,15
2025-03-18,F01,D140,Orthopedics & Spine,22,3,1,15
2025-03-18,F01,D150,Oncology,18,3,3,14
2025-03-18,F01,D160,Neuroscience & Stroke,16,2,1,14
2025-03-18,F01,D170,Labor & Delivery,20,5,4,14
2025-03-18,F01,D180,Pediatrics,14,6,6,10
2025-03-18,F01,D190,Behavioral Health,18,2,2,15
2025-03-18,F01,D195,Observation Unit,12,13,13,10
2025-03-18,F02,D210,Medical-Surgical,28,9,8,26
2025-03-18,F02,D230,Intensive Care Unit,8,3,3,7
2025-03-18,F02,D270,Labor & Delivery,10,2,2,6
2025-03-18,F03,D310,Medical-Surgical,30,8,8,26
2025-03-18,F03,D320,Cardiac Step-Down,16,2,2,13
2025-03-18,F03,D330,Intensive Care Unit,12,4,4,11
2025-03-18,F03,D340,Orthopedics,14,7,6,11
2025-03-19,F01,D110,Medical-Surgical 4 West,36,6,7,30
2025-03-19,F01,D111,Medical-Surgical 5 East,32,8,7,26
2025-03-19,F01,D120,Cardiac Step-Down,24,9,8,22
2025-03-19,F01,D130,Intensive Care Unit,20,3,2,16
2025-03-19,F01,D140,Orthopedics & Spine,22,9,9,15
2025-03-19,F01,D150,Oncology,18,0,0,14
2025-03-19,F01,D160,Neuroscience & Stroke,16,4,5,13
2025-03-19,F01,D170,Labor & Delivery,20,7,9,12
2025-03-19,F01,D180,Pediatrics,14,0,1,9
2025-03-19,F01,D190,Behavioral Health,18,0,0,15
2025-03-19,F01,D195,Observation Unit,12,2,2,10
2025-03-19,F02,D210,Medical-Surgical,28,9,9,26
2025-03-19,F02,D230,Intensive Care Unit,8,4,4,7
2025-03-19,F02,D270,Labor & Delivery,10,4,4,6
2025-03-19,F03,D310,Medical-Surgical,30,6,6,26
2025-03-19,F03,D320,Cardiac Step-Down,16,2,2,13
2025-03-19,F03,D330,Intensive Care Unit,12,0,0,11
2025-03-19,F03,D340,Orthopedics,14,2,3,10
2025-03-20,F01,D110,Medical-Surgical 4 West,36,5,7,28
2025-03-20,F01,D111,Medical-Surgical 5 East,32,11,9,28
2025-03-20,F01,D120,Cardiac Step-Down,24,8,7,23
2025-03-20,F01,D130,Intensive Care Unit,20,6,6,16
2025-03-20,F01,D140,Orthopedics & Spine,22,2,1,16
2025-03-20,F01,D150,Oncology,18,6,5,15
2025-03-20,F01,D160,Neuroscience & Stroke,16,4,4,13
2025-03-20,F01,D170,Labor & Delivery,20,4,3,13
2025-03-20,F01,D180,Pediatrics,14,2,1,10
2025-03-20,F01,D190,Behavioral Health,18,2,2,15
2025-03-20,F01,D195,Observation Unit,12,10,11,9
2025-03-20,F02,D210,Medical-Surgical,28,6,7,25
2025-03-20,F02,D230,Intensive Care Unit,8,4,4,7
2025-03-20,F02,D270,Labor & Delivery,10,2,2,6
2025-03-20,F03,D310,Medical-Surgical,30,5,5,26
2025-03-20,F03,D320,Cardiac Step-Down,16,6,5,14
2025-03-20,F03,D330,Intensive Care Unit,12,1,1,11
2025-03-20,F03,D340,Orthopedics,14,7,6,11
2025-03-21,F01,D110,Medical-Surgical 4 West,36,8,6,30
2025-03-21,F01,D111,Medical-Surgical 5 East,32,9,6,31
2025-03-21,F01,D120,Cardiac Step-Down,24,0,0,23
2025-03-21,F01,D130,Intensive Care Unit,20,6,6,16
2025-03-21,F01,D140,Orthopedics & Spine,22,5,7,14
2025-03-21,F01,D150,Oncology,18,6,7,14
2025-03-21,F01,D160,Neuroscience & Stroke,16,2,2,13
2025-03-21,F01,D170,Labor & Delivery,20,7,8,12
2025-03-21,F01,D180,Pediatrics,14,2,2,10
2025-03-21,F01,D190,Behavioral Health,18,2,0,17
2025-03-21,F01,D195,Observation Unit,12,13,13,9
2025-03-21,F02,D210,Medical-Surgical,28,4,3,26
2025-03-21,F02,D230,Intensive Care Unit,8,2,3,6
2025-03-21,F02,D270,Labor & Delivery,10,2,3,5
2025-03-21,F03,D310,Medical-Surgical,30,4,4,26
2025-03-21,F03,D320,Cardiac Step-Down,16,0,2,12
2025-03-21,F03,D330,Intensive Care Unit,12,2,2,11
2025-03-21,F03,D340,Orthopedics,14,2,2,11
2025-03-22,F01,D110,Medical-Surgical 4 West,36,7,9,28
2025-03-22,F01,D111,Medical-Surgical 5 East,32,8,10,29
2025-03-22,F01,D120,Cardiac Step-Down,24,3,5,21
2025-03-22,F01,D130,Intensive Care Unit,20,3,2,17
2025-03-22,F01,D140,Orthopedics & Spine,22,7,9,12
2025-03-22,F01,D150,Oncology,18,7,8,13
2025-03-22,F01,D160,Neuroscience & Stroke,16,4,3,14
2025-03-22,F01,D170,Labor & Delivery,20,5,6,11
2025-03-22,F01,D180,Pediatrics,14,2,3,9
2025-03-22,F01,D190,Behavioral Health,18,5,6,16
2025-03-22,F01,D195,Observation Unit,12,10,12,7
2025-03-22,F02,D210,Medical-Surgical,28,5,6,25
2025-03-22,F02,D230,Intensive Care Unit,8,0,0,6
2025-03-22,F02,D270,Labor & Delivery,10,2,2,5
2025-03-22,F03,D310,Medical-Surgical,30,7,7,26
2025-03-22,F03,D320,Cardiac Step-Down,16,5,5,12
2025-03-22,F03,D330,Intensive Care Unit,12,4,4,11
2025-03-22,F03,D340,Orthopedics,14,0,1,10
2025-03-23,F01,D110,Medical-Surgical 4 West,36,6,2,32
2025-03-23,F01,D111,Medical-Surgical 5 East,32,9,7,31
2025-03-23,F01,D120,Cardiac Step-Down,24,9,9,21
2025-03-23,F01,D130,Intensive Care Unit,20,5,5,17
2025-03-23,F01,D140,Orthopedics & Spine,22,6,7,11
2025-03-23,F01,D150,Oncology,18,4,3,14
2025-03-23,F01,D160,Neuroscience & Stroke,16,5,6,13
2025-03-23,F01,D170,Labor & Delivery,20,6,5,12
2025-03-23,F01,D180,Pediatrics,14,3,3,9
2025-03-23,F01,D190,Behavioral Health,18,2,1,17
2025-03-23,F01,D195,Observation Unit,12,6,6,7
2025-03-23,F02,D210,Medical-Surgical,28,7,8,24
2025-03-23,F02,D230,Intensive Care Unit,8,2,2,6
2025-03-23,F02,D270,Labor & Delivery,10,1,1,5
2025-03-23,F03,D310,Medical-Surgical,30,5,7,24
2025-03-23,F03,D320,Cardiac Step-Down,16,3,2,13
2025-03-23,F03,D330,Intensive Care Unit,12,5,5,11
2025-03-23,F03,D340,Orthopedics,14,3,3,10
2025-03-24,F01,D110,Medical-Surgical 4 West,36,8,7,33
2025-03-24,F01,D111,Medical-Surgical 5 East,32,4,4,31
2025-03-24,F01,D120,Cardiac Step-Down,24,7,7,21
2025-03-24,F01,D130,Intensive Care Unit,20,4,3,18
2025-03-24,F01,D140,Orthopedics & Spine,22,7,4,14
2025-03-24,F01,D150,Oncology,18,2,2,14
2025-03-24,F01,D160,Neuroscience & Stroke,16,7,6,14
2025-03-24,F01,D170,Labor & Delivery,20,6,5,13
2025-03-24,F01,D180,Pediatrics,14,0,0,9
2025-03-24,F01,D190,Behavioral Health,18,3,2,18
2025-03-24,F01,D195,Observation Unit,12,4,3,8
2025-03-24,F02,D210,Medical-Surgical,28,8,7,25
2025-03-24,F02,D230,Intensive Care Unit,8,4,3,7
2025-03-24,F02,D270,Labor & Delivery,10,1,0,6
2025-03-24,F03,D310,Medical-Surgical,30,7,7,24
2025-03-24,F03,D320,Cardiac Step-Down,16,3,3,13
2025-03-24,F03,D330,Intensive Care Unit,12,4,4,11
2025-03-24,F03,D340,Orthopedics,14,5,3,12
2025-03-25,F01,D110,Medical-Surgical 4 West,36,12,13,32
2025-03-25,F01,D111,Medical-Surgical 5 East,32,9,11,29
2025-03-25,F01,D120,Cardiac Step-Down,24,3,3,21
2025-03-25,F01,D130,Intensive Care Unit,20,5,6,17
2025-03-25,F01,D140,Orthopedics & Spine,22,6,4,16
2025-03-25,F01,D150,Oncology,18,0,0,14
2025-03-25,F01,D160,Neuroscience & Stroke,16,3,3,14
2025-03-25,F01,D170,Labor & Delivery,20,7,7,13
2025-03-25,F01,D180,Pediatrics,14,4,5,8
2025-03-25,F01,D190,Behavioral Health,18,1,1,18
2025-03-25,F01,D195,Observation Unit,12,11,11,8
2025-03-25,F02,D210,Medical-Surgical,28,6,6,25
2025-03-25,F02,D230,Intensive Care Unit,8,3,3,7
2025-03-25,F02,D270,Labor & Delivery,10,1,1,6
2025-03-25,F03,D310,Medical-Surgical,30,3,0,27
2025-03-25,F03,D320,Cardiac Step-Down,16,3,3,13
2025-03-25,F03,D330,Intensive Care Unit,12,9,9,11
2025-03-25,F03,D340,Orthopedics,14,8,8,12
2025-03-26,F01,D110,Medical-Surgical 4 West,36,8,8,32
2025-03-26,F01,D111,Medical-Surgical 5 East,32,7,7,29
2025-03-26,F01,D120,Cardiac Step-Down,24,4,4,21
2025-03-26,F01,D130,Intensive Care Unit,20,4,5,16
2025-03-26,F01,D140,Orthopedics & Spine,22,6,6,16
2025-03-26,F01,D150,Oncology,18,2,2,14
2025-03-26,F01,D160,Neuroscience & Stroke,16,4,4,14
2025-03-26,F01,D170,Labor & Delivery,20,5,5,13
2025-03-26,F01,D180,Pediatrics,14,4,3,9
2025-03-26,F01,D190,Behavioral Health,18,3,3,18
2025-03-26,F01,D195,Observation Unit,12,12,12,8
2025-03-26,F02,D210,Medical-Surgical,28,9,10,24
2025-03-26,F02,D230,Intensive Care Unit,8,3,4,6
2025-03-26,F02,D270,Labor & Delivery,10,2,2,6
2025-03-26,F03,D310,Medical-Surgical,30,5,7,25
2025-03-26,F03,D320,Cardiac Step-Down,16,7,6,14
2025-03-26,F03,D330,Intensive Care Unit,12,0,0,11
2025-03-26,F03,D340,Orthopedics,14,4,5,11
2025-03-27,F01,D110,Medical-Surgical 4 West,36,11,9,34
2025-03-27,F01,D111,Medical-Surgical 5 East,32,11,13,27
2025-03-27,F01,D120,Cardiac Step-Down,24,13,12,22
2025-03-27,F01,D130,Intensive Care Unit,20,2,2,16
2025-03-27,F01,D140,Orthopedics & Spine,22,7,7,16
2025-03-27,F01,D150,Oncology,18,4,3,15
2025-03-27,F01,D160,Neuroscience & Stroke,16,1,3,12
2025-03-27,F01,D170,Labor & Delivery,20,8,9,12
2025-03-27,F01,D180,Pediatrics,14,6,6,9
2025-03-27,F01,D190,Behavioral Health,18,3,3,18
2025-03-27,F01,D195,Observation Unit,12,11,11,8
2025-03-27,F02,D210,Medical-Surgical,28,5,6,23
2025-03-27,F02,D230,Intensive Care Unit,8,4,4,6
2025-03-27,F02,D270,Labor & Delivery,10,2,2,6
2025-03-27,F03,D310,Medical-Surgical,30,8,6,27
2025-03-27,F03,D320,Cardiac Step-Down,16,2,2,14
2025-03-27,F03,D330,Intensive Care Unit,12,3,3,11
2025-03-27,F03,D340,Orthopedics,14,4,3,12
2025-03-28,F01,D110,Medical-Surgical 4 West,36,9,8,35
2025-03-28,F01,D111,Medical-Surgical 5 East,32,16,17,26
2025-03-28,F01,D120,Cardiac Step-Down,24,9,10,21
2025-03-28,F01,D130,Intensive Care Unit,20,2,2,16
2025-03-28,F01,D140,Orthopedics & Spine,22,8,9,15
2025-03-28,F01,D150,Oncology,18,4,5,14
2025-03-28,F01,D160,Neuroscience & Stroke,16,4,3,13
2025-03-28,F01,D170,Labor & Delivery,20,5,6,11
2025-03-28,F01,D180,Pediatrics,14,3,3,9
2025-03-28,F01,D190,Behavioral Health,18,1,1,18
2025-03-28,F01,D195,Observation Unit,12,5,5,8
2025-03-28,F02,D210,Medical-Surgical,28,8,7,24
2025-03-28,F02,D230,Intensive Care Unit,8,2,2,6
2025-03-28,F02,D270,Labor & Delivery,10,3,3,6
2025-03-28,F03,D310,Medical-Surgical,30,5,5,27
2025-03-28,F03,D320,Cardiac Step-Down,16,7,7,14
2025-03-28,F03,D330,Intensive Care Unit,12,1,1,11
2025-03-28,F03,D340,Orthopedics,14,4,5,11
2025-03-29,F01,D110,Medical-Surgical 4 West,36,7,8,34
2025-03-29,F01,D111,Medical-Surgical 5 East,32,3,3,26
2025-03-29,F01,D120,Cardiac Step-Down,24,7,7,21
2025-03-29,F01,D130,Intensive Care Unit,20,3,3,16
2025-03-29,F01,D140,Orthopedics & Spine,22,3,6,12
2025-03-29,F01,D150,Oncology,18,3,4,13
2025-03-29,F01,D160,Neuroscience & Stroke,16,3,4,12
2025-03-29,F01,D170,Labor & Delivery,20,8,9,10
2025-03-29,F01,D180,Pediatrics,14,0,1,8
2025-03-29,F01,D190,Behavioral Health,18,0,0,18
2025-03-29,F01,D195,Observation Unit,12,4,5,7
2025-03-29,F02,D210,Medical-Surgical,28,4,3,25
2025-03-29,F02,D230,Intensive Care Unit,8,2,2,6
2025-03-29,F02,D270,Labor & Delivery,10,2,3,5
2025-03-29,F03,D310,Medical-Surgical,30,11,11,27
2025-03-29,F03,D320,Cardiac Step-Down,16,7,7,14
2025-03-29,F03,D330,Intensive Care Unit,12,3,3,11
2025-03-29,F03,D340,Orthopedics,14,4,6,9
2025-03-30,F01,D110,Medical-Surgical 4 West,36,2,3,33
2025-03-30,F01,D111,Medical-Surgical 5 East,32,11,9,28
2025-03-30,F01,D120,Cardiac Step-Down,24,4,5,20
2025-03-30,F01,D130,Intensive Care Unit,20,4,5,15
2025-03-30,F01,D140,Orthopedics & Spine,22,6,5,13
2025-03-30,F01,D150,Oncology,18,4,3,14
2025-03-30,F01,D160,Neuroscience & Stroke,16,2,2,12
2025-03-30,F01,D170,Labor & Delivery,20,4,3,11
2025-03-30,F01,D180,Pediatrics,14,2,2,8
2025-03-30,F01,D190,Behavioral Health,18,2,1,19
2025-03-30,F01,D195,Observation Unit,12,5,5,7
2025-03-30,F02,D210,Medical-Surgical,28,9,8,26
2025-03-30,F02,D230,Intensive Care Unit,8,1,0,7
2025-03-30,F02,D270,Labor & Delivery,10,0,0,5
2025-03-30,F03,D310,Medical-Surgical,30,6,8,25
2025-03-30,F03,D320,Cardiac Step-Down,16,5,6,13
2025-03-30,F03,D330,Intensive Care Unit,12,4,5,10
2025-03-30,F03,D340,Orthopedics,14,4,5,8
2025-03-31,F01,D110,Medical-Surgical 4 West,36,9,8,34
2025-03-31,F01,D111,Medical-Surgical 5 East,32,1,0,29
2025-03-31,F01,D120,Cardiac Step-Down,24,4,5,19
2025-03-31,F01,D130,Intensive Care Unit,20,5,3,17
2025-03-31,F01,D140,Orthopedics & Spine,22,5,2,16
2025-03-31,F01,D150,Oncology,18,1,2,13
2025-03-31,F01,D160,Neuroscience & Stroke,16,5,4,13
2025-03-31,F01,D170,Labor & Delivery,20,8,8,11
2025-03-31,F01,D180,Pediatrics,14,2,2,8
2025-03-31,F01,D190,Behavioral Health,18,3,2,20
2025-03-31,F01,D195,Observation Unit,12,8,7,8
2025-03-31,F02,D210,Medical-Surgical,28,7,8,25
2025-03-31,F02,D230,Intensive Care Unit,8,1,1,7
2025-03-31,F02,D270,Labor & Delivery,10,3,2,6
2025-03-31,F03,D310,Medical-Surgical,30,12,12,25
2025-03-31,F03,D320,Cardiac Step-Down,16,1,0,14
2025-03-31,F03,D330,Intensive Care Unit,12,4,4,10
2025-03-31,F03,D340,Orthopedics,14,2,0,10
