ClaimID,EncounterID,PatientID,PayerID,ServiceDate,SubmitDate,BilledAmount,AllowedAmount,PatientResponsibility,PaidAmount,ClaimStatus,DenialReason,PaidDate
CLM512573,ENC112573,PT13253,PY02,2025-03-01,2025-07-05,44626.41,14801.98,872.65,13929.33,Paid,,2025-07-22
CLM512926,ENC112926,PT10115,PY06,2025-03-04,2025-07-17,11790.08,0.00,0.00,0.00,Denied,Timely Filing,
CLM512981,ENC112981,PT10891,PY01,2025-03-05,2025-07-13,398.52,118.18,15.81,102.37,Paid,,2025-07-28
CLM513039,ENC113039,PT13751,PY02,2025-03-07,2025-07-08,140.00,48.87,1.11,47.76,Paid,,2025-07-31
CLM513250,ENC113250,PT11247,PY04,2025-03-13,2025-07-04,1690.40,0.00,0.00,0.00,Appealed,Timely Filing,
CLM513258,ENC113258,PT12194,PY01,2025-03-14,2025-07-07,2699.79,802.94,48.46,754.48,Paid,,2025-07-21
CLM513279,ENC113279,PT13030,PY05,2025-03-14,2025-07-31,1372.14,0.00,0.00,0.00,Denied,Timely Filing,
CLM513281,ENC113281,PT13939,PY06,2025-03-18,2025-07-20,21578.21,0.00,0.00,0.00,Appealed,Timely Filing,
CLM513577,ENC113577,PT13912,PY03,2025-03-24,2025-07-01,391.18,91.98,0.00,91.98,Paid,,2025-07-29
CLM513833,ENC113833,PT11855,PY03,2025-04-01,2025-07-29,324.51,0.00,0.00,0.00,Denied,Medical Necessity,
CLM514176,ENC114176,PT11759,PY03,2025-04-14,2025-07-17,485.21,124.60,0.00,124.60,Paid,,2025-09-06
CLM514425,ENC114425,PT13707,PY03,2025-04-22,2025-07-02,1459.69,376.77,0.00,376.77,Paid,,2025-08-01
CLM514480,ENC114480,PT11792,PY02,2025-04-24,2025-07-30,173.36,64.11,5.41,58.70,Paid,,2025-08-28
CLM514585,ENC114585,PT11760,PY03,2025-04-28,2025-07-16,309.64,77.07,0.00,77.07,Paid,,2025-08-22
CLM514729,ENC114729,PT10894,PY03,2025-05-06,2025-07-30,12304.57,2713.64,0.00,2713.64,Paid,,2025-09-16
CLM514939,ENC114939,PT11761,PY06,2025-05-10,2025-07-02,2657.82,1376.93,210.63,1166.30,Paid,,2025-08-05
CLM514948,ENC114948,PT11455,PY02,2025-05-11,2025-07-19,1372.35,425.92,8.66,417.26,Paid,,2025-09-04
CLM515016,ENC115016,PT13292,PY02,2025-05-13,2025-07-15,236.21,92.24,6.85,85.39,Paid,,2025-09-12
CLM515286,ENC115286,PT11453,PY03,2025-05-22,2025-07-28,257.02,58.41,0.00,58.41,Paid,,2025-08-29
CLM515822,ENC115822,PT12587,PY01,2025-06-11,2025-07-30,5337.52,1472.80,52.30,1420.50,Paid,,2025-08-14
CLM515871,ENC115871,PT13460,PY05,2025-06-12,2025-07-30,2966.20,1247.63,152.44,1095.19,Paid,,2025-09-15
CLM515901,ENC115901,PT11314,PY04,2025-06-13,2025-07-21,1947.42,966.13,57.11,909.02,Paid,,2025-08-27
CLM515915,ENC115915,PT11903,PY05,2025-06-30,2025-07-05,55754.78,26509.89,3142.64,23367.25,Paid,,2025-08-17
CLM515966,ENC115966,PT12062,PY04,2025-06-16,2025-07-01,177.59,0.00,0.00,0.00,Denied,Coding Error,
CLM515983,ENC115983,PT11121,PY01,2025-06-16,2025-07-04,531.21,159.35,0.00,159.35,Paid,,2025-07-19
CLM515998,ENC115998,PT11705,PY05,2025-06-17,2025-07-02,207.90,98.60,11.17,87.43,Paid,,2025-08-02
CLM516020,ENC116020,PT13661,PY04,2025-06-27,2025-07-05,54267.63,30719.28,4737.89,25981.39,Paid,,2025-07-29
CLM516026,ENC116026,PT10413,PY07,2025-06-25,2025-07-09,42221.95,16712.22,16712.22,3550.46,Partially Paid,,2025-09-15
CLM516044,ENC116044,PT12683,PY01,2025-06-22,2025-07-08,15798.31,4690.75,62.10,4628.65,Paid,,2025-07-21
CLM516091,ENC116091,PT13481,PY03,2025-06-20,2025-07-01,11832.67,3037.35,0.00,3037.35,Paid,,2025-07-23
CLM516092,ENC116092,PT11753,PY03,2025-06-22,2025-07-03,14637.44,3285.71,0.00,3285.71,Paid,,2025-07-27
CLM516115,ENC116115,PT12125,PY02,2025-06-30,2025-07-07,48144.00,14695.79,811.53,13884.26,Paid,,2025-08-08
CLM516123,ENC116123,PT13738,PY03,2025-06-20,2025-07-05,2194.42,0.00,0.00,0.00,Appealed,Authorization Required,
CLM516126,ENC116126,PT11861,PY02,2025-06-21,2025-07-07,2370.19,837.13,2.06,835.07,Paid,,2025-07-20
CLM516127,ENC116127,PT11544,PY05,2025-06-21,2025-07-03,6033.69,2753.64,397.66,2355.98,Paid,,2025-07-25
CLM516131,ENC116131,PT10135,PY03,2025-06-24,2025-07-04,21565.00,0.00,0.00,0.00,Denied,Medical Necessity,
CLM516139,ENC116139,PT11480,PY04,2025-07-02,2025-07-06,43369.45,0.00,0.00,0.00,Appealed,Eligibility / Coverage,
CLM516141,ENC116141,PT10168,PY05,2025-06-21,2025-07-04,1162.83,604.82,93.07,511.75,Paid,,2025-07-28
CLM516151,ENC116151,PT11091,PY01,2025-06-22,2025-07-02,1801.59,523.78,42.95,480.83,Paid,,2025-07-20
CLM516157,ENC116157,PT10879,PY01,2025-06-29,2025-07-06,31700.98,10082.43,990.55,9091.88,Paid,,2025-07-16
CLM516159,ENC116159,PT13868,PY01,2025-06-22,2025-07-03,845.79,240.05,32.68,207.37,Paid,,2025-07-15
CLM516161,ENC116161,PT11061,PY06,2025-06-23,2025-07-04,1350.14,0.00,0.00,0.00,Denied,Coding Error,
CLM516164,ENC116164,PT11960,PY01,2025-06-27,2025-07-05,71167.49,21808.89,1261.69,20547.20,Paid,,2025-07-31
CLM516166,ENC116166,PT13132,PY04,2025-06-24,2025-07-06,7179.61,3683.99,299.22,3384.77,Paid,,2025-07-27
CLM516167,ENC116167,PT11369,PY05,2025-06-28,2025-07-02,21544.78,10829.25,1280.59,9548.66,Paid,,2025-08-02
CLM516174,ENC116174,PT13400,PY04,2025-06-23,2025-07-03,3632.64,1659.40,98.00,1561.40,Paid,,2025-08-10
CLM516187,ENC116187,PT11959,PY07,2025-06-26,2025-07-02,13868.43,5326.05,5326.05,5326.05,Paid,,2025-09-09
CLM516197,ENC116197,PT11534,PY04,2025-06-28,2025-07-03,45852.80,25467.91,2879.24,22588.67,Paid,,2025-07-23
CLM516198,ENC116198,PT11137,PY05,2025-06-23,2025-07-05,788.92,0.00,0.00,0.00,Denied,Authorization Required,
CLM516202,ENC116202,PT13773,PY07,2025-07-03,2025-07-07,21454.63,8120.29,8120.29,8120.29,Paid,,2025-08-06
CLM516206,ENC116206,PT10877,PY03,2025-06-24,2025-07-05,3606.07,940.53,0.00,940.53,Paid,,2025-08-01
CLM516219,ENC116219,PT13087,PY01,2025-06-24,2025-07-08,552.31,165.15,15.49,57.11,Partially Paid,Coding Error,2025-07-24
CLM516221,ENC116221,PT12437,PY07,2025-06-27,2025-07-06,16416.82,7023.84,7023.84,1874.50,Partially Paid,,2025-08-19
CLM516222,ENC116222,PT10326,PY05,2025-06-26,2025-07-04,9972.53,4630.96,270.49,4360.47,Paid,,2025-08-14
CLM516223,ENC116223,PT10902,PY03,2025-06-24,2025-07-04,382.71,88.52,0.00,88.52,Paid,,2025-09-29
CLM516226,ENC116226,PT10589,PY04,2025-06-30,2025-07-03,20813.28,10079.98,1440.80,8639.18,Paid,,2025-08-03
CLM516229,ENC116229,PT10721,PY01,2025-06-24,2025-07-07,224.56,73.49,6.95,66.54,Paid,,2025-07-25
CLM516230,ENC116230,PT10861,PY06,2025-07-04,2025-07-14,95293.20,56177.11,8982.47,47194.64,Paid,,2025-08-09
CLM516233,ENC116233,PT10278,PY05,2025-06-24,2025-07-05,1604.80,701.07,86.94,614.13,Paid,,2025-07-26
CLM516234,ENC116234,PT11668,PY04,2025-07-01,2025-07-03,73881.97,41860.09,3156.43,38703.66,Paid,,2025-07-24
CLM516236,ENC116236,PT13571,PY07,2025-06-27,2025-07-02,24504.15,10343.54,10343.54,10343.54,Paid,,2025-09-09
CLM516239,ENC116239,PT10828,PY05,2025-06-26,2025-07-04,22731.92,11394.43,861.70,10532.73,Paid,,2025-08-18
CLM516241,ENC116241,PT12684,PY06,2025-06-25,2025-07-01,230.99,0.00,0.00,0.00,Appealed,Coding Error,
CLM516242,ENC116242,PT13759,PY01,2025-06-25,2025-07-04,347.85,103.17,9.93,93.24,Paid,,2025-07-19
CLM516243,ENC116243,PT12773,PY05,2025-06-25,2025-07-01,323.75,150.68,24.78,125.90,Paid,,2025-07-30
CLM516248,ENC116248,PT13842,PY01,2025-06-25,2025-07-06,10703.26,3474.15,284.53,3189.62,Paid,,2025-07-24
CLM516250,ENC116250,PT13788,PY02,2025-06-25,2025-07-02,254.41,92.67,5.75,86.92,Paid,,2025-07-20
CLM516251,ENC116251,PT13900,PY01,2025-06-25,2025-07-03,288.90,83.06,6.48,76.58,Paid,,2025-07-13
CLM516253,ENC116253,PT13678,PY02,2025-07-03,2025-07-06,47173.77,16232.59,1227.65,15004.94,Paid,,2025-08-07
CLM516256,ENC116256,PT10081,PY01,2025-06-25,2025-07-01,3096.64,962.64,140.37,822.27,Paid,,2025-07-19
CLM516258,ENC116258,PT12045,PY06,2025-06-25,2025-07-02,3170.76,1753.85,143.11,1610.74,Paid,,2025-07-18
CLM516260,ENC116260,PT12032,PY03,2025-06-30,2025-07-05,35510.60,8161.88,0.00,8161.88,Paid,,2025-07-25
CLM516262,ENC116262,PT11259,PY01,2025-07-04,2025-07-12,42556.22,13690.37,2445.55,11244.82,Paid,,2025-07-29
CLM516263,ENC116263,PT10545,PY01,2025-06-26,2025-07-01,9508.36,3104.81,266.42,2838.39,Paid,,2025-07-09
CLM516264,ENC116264,PT11736,PY04,2025-06-27,2025-07-02,19480.14,10837.74,718.41,10119.33,Paid,,2025-07-25
CLM516265,ENC116265,PT12299,PY02,2025-07-04,2025-07-07,84006.09,29497.77,1316.38,28181.39,Paid,,2025-07-28
CLM516267,ENC116267,PT12873,PY01,2025-06-26,2025-07-02,403.85,0.00,0.00,0.00,Denied,Authorization Required,
CLM516268,ENC116268,PT11352,PY05,2025-06-26,2025-07-09,551.43,240.39,35.31,205.08,Paid,,2025-08-11
CLM516269,ENC116269,PT13524,PY05,2025-06-26,2025-07-01,548.40,297.33,15.29,282.04,Paid,,2025-08-01
CLM516270,ENC116270,PT12960,PY05,2025-06-26,2025-07-01,339.51,177.68,7.56,170.12,Paid,,2025-08-12
CLM516272,ENC116272,PT12500,PY06,2025-06-26,2025-07-11,18169.06,9905.93,1195.67,8710.26,Paid,,2025-07-31
CLM516274,ENC116274,PT13862,PY02,2025-06-26,2025-07-01,293.12,97.96,3.81,94.15,Paid,,2025-07-22
CLM516276,ENC116276,PT10679,PY01,2025-07-01,2025-07-04,17997.74,5519.59,864.77,4654.82,Paid,,2025-07-24
CLM516277,ENC116277,PT10262,PY02,2025-06-26,2025-07-02,294.44,106.97,7.65,99.32,Paid,,2025-08-18
CLM516279,ENC116279,PT12733,PY05,2025-06-26,2025-07-01,2749.13,1414.43,146.19,1268.24,Paid,,2025-08-22
CLM516282,ENC116282,PT10358,PY03,2025-06-26,2025-07-03,253.40,56.94,0.00,56.94,Paid,,2025-08-17
CLM516284,ENC116284,PT12938,PY01,2025-06-26,2025-07-02,445.45,143.10,11.36,131.74,Paid,,2025-07-17
CLM516286,ENC116286,PT12497,PY01,2025-06-26,2025-07-06,1262.73,369.58,34.39,335.19,Paid,,2025-07-23
CLM516289,ENC116289,PT11246,PY05,2025-06-26,2025-07-03,265.20,117.53,16.40,101.13,Paid,,2025-07-31
CLM516290,ENC116290,PT10855,PY01,2025-06-26,2025-07-01,208.14,64.23,1.09,63.14,Paid,,2025-07-14
CLM516291,ENC116291,PT10505,PY03,2025-06-26,2025-07-01,291.59,73.72,0.00,73.72,Paid,,2025-07-31
CLM516292,ENC116292,PT10350,PY06,2025-06-26,2025-07-02,304.27,182.16,11.17,170.99,Paid,,2025-08-23
CLM516293,ENC116293,PT11101,PY01,2025-06-26,2025-07-05,446.48,130.76,11.02,119.74,Paid,,2025-07-18
CLM516294,ENC116294,PT12532,PY04,2025-06-30,2025-07-06,23945.87,12890.04,972.57,11917.47,Paid,,2025-07-27
CLM516296,ENC116296,PT13863,PY05,2025-07-06,2025-07-08,125874.28,64373.02,2900.43,61472.59,Paid,,2025-07-26
CLM516298,ENC116298,PT11300,PY04,2025-07-04,2025-07-08,64752.24,39664.42,6503.59,33160.83,Paid,,2025-07-23
CLM516299,ENC116299,PT12751,PY01,2025-06-27,2025-07-03,5607.59,1607.51,153.63,1453.88,Paid,,2025-07-17
CLM516301,ENC116301,PT13348,PY07,2025-06-28,2025-07-03,50210.49,20180.29,20180.29,20180.29,Paid,,2025-09-08
CLM516302,ENC116302,PT12713,PY04,2025-06-29,2025-07-04,13831.20,0.00,0.00,0.00,Denied,Authorization Required,
CLM516303,ENC116303,PT11641,PY06,2025-06-27,2025-07-01,1071.48,622.82,48.52,574.30,Paid,,2025-07-18
CLM516304,ENC116304,PT12236,PY04,2025-06-27,2025-07-03,3288.60,1875.75,269.22,1606.53,Paid,,2025-08-04
CLM516305,ENC116305,PT13340,PY05,2025-07-02,2025-07-04,57174.83,27903.11,4789.23,23113.88,Paid,,2025-07-23
CLM516306,ENC116306,PT11845,PY01,2025-07-01,2025-07-04,23489.23,7336.61,762.88,6573.73,Paid,,2025-07-11
CLM516307,ENC116307,PT11532,PY01,2025-07-06,2025-07-17,57822.18,18726.00,1647.79,17078.21,Paid,,2025-08-06
CLM516308,ENC116308,PT11978,PY03,2025-06-27,2025-07-02,3180.92,779.80,0.00,779.80,Paid,,2025-08-04
CLM516309,ENC116309,PT13311,PY03,2025-06-30,2025-07-02,14721.37,0.00,0.00,0.00,Denied,Authorization Required,
CLM516310,ENC116310,PT11831,PY02,2025-07-01,2025-07-02,20739.00,7932.67,336.85,7595.82,Paid,,2025-07-30
CLM516312,ENC116312,PT11921,PY04,2025-06-27,2025-07-01,242.19,128.21,12.28,115.93,Paid,,2025-07-13
CLM516314,ENC116314,PT12453,PY06,2025-06-27,2025-07-06,4811.16,2783.41,236.15,2547.26,Paid,,2025-07-17
CLM516316,ENC116316,PT12231,PY07,2025-06-27,2025-07-03,280.88,107.16,107.16,50.32,Partially Paid,,2025-08-17
CLM516318,ENC116318,PT10225,PY03,2025-06-27,2025-07-06,346.81,76.46,0.00,76.46,Paid,,2025-08-17
CLM516319,ENC116319,PT12788,PY02,2025-06-27,2025-07-02,458.96,152.23,9.78,142.45,Paid,,2025-07-29
CLM516321,ENC116321,PT11348,PY05,2025-07-11,2025-07-18,118752.41,62935.92,10726.69,52209.23,Paid,,2025-08-08
CLM516324,ENC116324,PT11035,PY03,2025-06-27,2025-07-03,1859.59,413.06,0.00,413.06,Paid,,2025-08-06
CLM516326,ENC116326,PT11356,PY05,2025-06-27,2025-07-01,2412.83,0.00,0.00,0.00,Denied,Eligibility / Coverage,
CLM516327,ENC116327,PT11319,PY02,2025-06-28,2025-07-06,11962.51,3985.22,285.37,3699.85,Paid,,2025-08-05
CLM516329,ENC116329,PT11827,PY01,2025-07-02,2025-07-07,67558.17,20833.28,1922.13,10259.35,Partially Paid,Coding Error,2025-07-24
CLM516333,ENC116333,PT10321,PY04,2025-06-30,2025-07-03,15099.63,8235.72,863.78,7371.94,Paid,,2025-08-16
CLM516336,ENC116336,PT12788,PY02,2025-07-06,2025-07-10,34003.83,10720.19,1324.20,9395.99,Paid,,2025-08-27
CLM516338,ENC116338,PT11320,PY01,2025-06-28,2025-07-03,3079.56,1004.03,142.46,861.57,Paid,,2025-07-18
CLM516339,ENC116339,PT12950,PY01,2025-06-28,2025-07-06,3059.71,942.64,106.04,836.60,Paid,,2025-07-18
CLM516340,ENC116340,PT13170,PY03,2025-06-28,2025-07-01,796.62,207.06,0.00,207.06,Paid,,2025-07-26
CLM516341,ENC116341,PT11705,PY05,2025-06-28,2025-07-01,582.41,308.82,33.89,274.93,Paid,,2025-07-24
CLM516342,ENC116342,PT13071,PY07,2025-06-29,2025-07-04,4647.99,1905.79,1905.79,452.23,Partially Paid,,2025-08-15
CLM516343,ENC116343,PT11478,PY05,2025-07-03,2025-07-17,40781.16,17633.82,1380.57,16253.25,Paid,,2025-08-22
CLM516344,ENC116344,PT12007,PY02,2025-07-04,2025-07-05,33661.21,11766.68,1064.23,10702.45,Paid,,2025-07-30
CLM516345,ENC116345,PT13669,PY02,2025-07-02,2025-07-06,22579.40,0.00,0.00,0.00,Denied,Duplicate Claim,
CLM516346,ENC116346,PT11614,PY07,2025-06-28,2025-07-05,2804.33,1092.07,1092.07,1092.07,Paid,,2025-08-16
CLM516347,ENC116347,PT10165,PY02,2025-06-28,2025-07-03,1243.73,361.05,33.97,327.08,Paid,,2025-08-06
CLM516348,ENC116348,PT10663,PY02,2025-07-01,2025-07-04,19018.42,5754.95,406.28,5348.67,Paid,,2025-07-22
CLM516349,ENC116349,PT13780,PY06,2025-06-28,2025-07-01,1293.79,723.83,34.97,688.86,Paid,,2025-07-28
CLM516350,ENC116350,PT12153,PY01,2025-06-28,2025-07-02,1452.43,461.68,21.34,440.34,Paid,,2025-07-16
CLM516352,ENC116352,PT12260,PY02,2025-06-28,2025-07-02,1116.75,0.00,0.00,0.00,Appealed,Medical Necessity,
CLM516354,ENC116354,PT10686,PY05,2025-07-02,2025-07-05,41309.14,18205.15,581.26,17623.89,Paid,,2025-08-04
CLM516355,ENC116355,PT10258,PY02,2025-06-28,2025-07-01,732.95,237.42,31.78,205.64,Paid,,2025-07-23
CLM516356,ENC116356,PT13387,PY03,2025-06-29,2025-07-08,13589.57,3822.67,0.00,3822.67,Paid,,2025-08-01
CLM516357,ENC116357,PT10410,PY01,2025-06-29,2025-07-01,1080.81,317.48,21.20,296.28,Paid,,2025-07-26
CLM516358,ENC116358,PT12654,PY01,2025-06-29,2025-07-05,3236.08,1085.13,127.67,957.46,Paid,,2025-07-16
CLM516359,ENC116359,PT13522,PY05,2025-06-29,2025-07-02,755.56,347.74,39.08,308.66,Paid,,2025-07-19
CLM516360,ENC116360,PT10058,PY06,2025-06-29,2025-07-08,1036.93,533.85,79.33,454.52,Paid,,2025-08-01
CLM516361,ENC116361,PT13510,PY01,2025-07-02,2025-07-03,19802.09,6336.94,597.78,5739.16,Paid,,2025-07-21
CLM516362,ENC116362,PT10386,PY05,2025-06-29,2025-07-01,787.72,365.85,37.88,327.97,Paid,,2025-08-09
CLM516363,ENC116363,PT12905,PY01,2025-07-08,2025-07-13,25030.01,7502.54,741.98,6760.56,Paid,,2025-07-31
CLM516364,ENC116364,PT10373,PY05,2025-06-29,2025-07-07,1418.31,716.14,41.83,674.31,Paid,,2025-08-16
CLM516365,ENC116365,PT12320,PY01,2025-06-30,2025-07-05,3763.43,1234.18,112.62,1121.56,Paid,,2025-07-22
CLM516366,ENC116366,PT11409,PY03,2025-06-29,2025-07-04,970.08,236.07,0.00,236.07,Paid,,2025-08-10
CLM516367,ENC116367,PT12982,PY02,2025-07-06,2025-07-10,92192.25,0.00,0.00,0.00,Denied,Coding Error,
CLM516368,ENC116368,PT13090,PY01,2025-07-01,2025-07-02,12146.59,3720.70,323.76,3396.94,Paid,,2025-07-14
CLM516369,ENC116369,PT12939,PY04,2025-06-29,2025-07-06,4174.11,0.00,0.00,0.00,Denied,Missing Documentation,
CLM516370,ENC116370,PT12751,PY01,2025-06-30,2025-07-04,3922.10,1126.81,148.41,978.40,Paid,,2025-07-14
CLM516371,ENC116371,PT13366,PY03,2025-06-30,2025-07-05,1385.10,0.00,0.00,0.00,Denied,Authorization Required,
CLM516372,ENC116372,PT10246,PY04,2025-07-05,2025-07-07,28306.32,14234.14,1039.08,9817.64,Partially Paid,Medical Necessity,2025-07-28
CLM516373,ENC116373,PT12869,PY03,2025-07-03,2025-07-05,18049.23,4349.13,0.00,4349.13,Paid,,2025-08-05
CLM516375,ENC116375,PT12512,PY04,2025-06-30,2025-07-03,219.42,113.46,15.56,97.90,Paid,,2025-07-22
CLM516376,ENC116376,PT10572,PY05,2025-06-30,2025-07-04,367.14,188.61,20.18,168.43,Paid,,2025-08-30
CLM516377,ENC116377,PT10947,PY02,2025-06-30,2025-07-04,266.51,94.08,6.60,87.48,Paid,,2025-08-03
CLM516378,ENC116378,PT11207,PY01,2025-06-30,2025-07-04,5800.96,1738.72,251.92,1125.59,Partially Paid,Missing Documentation,2025-07-13
CLM516379,ENC116379,PT12647,PY02,2025-06-30,2025-07-04,303.61,115.02,11.03,103.99,Paid,,2025-08-16
CLM516380,ENC116380,PT11529,PY04,2025-06-30,2025-07-06,426.57,241.67,14.51,227.16,Paid,,2025-07-21
CLM516381,ENC116381,PT12507,PY04,2025-06-30,2025-07-02,454.18,228.86,37.64,124.60,Partially Paid,Missing Documentation,2025-07-19
CLM516383,ENC116383,PT12966,PY02,2025-06-30,2025-07-03,3433.32,1148.71,50.63,1098.08,Paid,,2025-08-04
CLM516384,ENC116384,PT13318,PY03,2025-06-30,2025-07-06,4105.21,1011.08,0.00,1011.08,Paid,,2025-09-07
CLM516385,ENC116385,PT12222,PY01,2025-07-04,2025-07-06,21473.43,7401.31,596.28,6805.03,Paid,,2025-07-15
CLM516386,ENC116386,PT10161,PY03,2025-06-30,2025-07-03,454.56,103.75,0.00,103.75,Paid,,2025-08-22
CLM516387,ENC116387,PT13492,PY07,2025-06-30,2025-07-03,4032.03,1540.29,1540.29,0.00,Pending,,
CLM516388,ENC116388,PT12949,PY03,2025-06-30,2025-07-04,557.32,143.59,0.00,143.59,Paid,,2025-07-22
CLM516389,ENC116389,PT12216,PY03,2025-06-30,2025-07-05,661.37,170.34,0.00,170.34,Paid,,2025-08-11
CLM516390,ENC116390,PT12418,PY06,2025-06-30,2025-07-05,150.09,89.75,4.68,85.07,Paid,,2025-08-08
CLM516391,ENC116391,PT13271,PY01,2025-06-30,2025-07-03,4181.07,0.00,0.00,0.00,Denied,Eligibility / Coverage,
CLM516392,ENC116392,PT10604,PY04,2025-06-30,2025-07-06,186.45,0.00,0.00,0.00,Appealed,Eligibility / Coverage,
CLM516393,ENC116393,PT10551,PY06,2025-06-30,2025-07-12,230.58,134.24,15.17,119.07,Paid,,2025-07-19
CLM516394,ENC116394,PT10891,PY01,2025-06-30,2025-07-02,1757.02,583.36,7.69,575.67,Paid,,2025-07-19
CLM516395,ENC116395,PT13570,PY04,2025-06-30,2025-07-17,9400.31,4777.32,248.98,4528.34,Paid,,2025-08-08
CLM516396,ENC116396,PT10474,PY05,2025-07-05,2025-07-08,20654.53,10395.45,1182.37,9213.08,Paid,,2025-08-21
CLM516397,ENC116397,PT12137,PY03,2025-06-30,2025-07-02,3376.39,819.44,0.00,819.44,Paid,,2025-07-27
CLM516398,ENC116398,PT12282,PY04,2025-06-30,2025-07-04,2704.32,1444.37,164.73,1279.64,Paid,,2025-07-28
CLM516399,ENC116399,PT11388,PY04,2025-07-09,2025-07-15,27266.35,14613.26,47.63,14565.63,Paid,,2025-08-06
CLM516400,ENC116400,PT12817,PY07,2025-07-01,2025-07-03,3962.96,1682.92,1682.92,719.00,Partially Paid,,2025-09-20
CLM516401,ENC116401,PT10967,PY02,2025-06-30,2025-07-05,1437.51,501.40,29.80,471.60,Paid,,2025-07-25
CLM516402,ENC116402,PT10556,PY03,2025-07-01,2025-07-03,3342.78,878.84,0.00,878.84,Paid,,2025-08-31
CLM516403,ENC116403,PT13420,PY04,2025-07-01,2025-07-04,5643.66,2933.53,561.28,2372.25,Paid,,2025-08-08
CLM516404,ENC116404,PT13376,PY03,2025-07-03,2025-07-05,14573.07,3180.31,0.00,3180.31,Paid,,2025-08-12
CLM516405,ENC116405,PT11428,PY01,2025-07-01,2025-07-09,246.54,80.75,7.34,73.41,Paid,,2025-07-22
CLM516406,ENC116406,PT13490,PY02,2025-07-01,2025-07-03,229.21,0.00,0.00,0.00,Appealed,Authorization Required,
CLM516407,ENC116407,PT11447,PY06,2025-07-02,2025-07-05,7532.77,4120.14,279.17,3840.97,Paid,,2025-08-06
CLM516408,ENC116408,PT13359,PY04,2025-07-01,2025-07-04,13754.07,6723.85,813.21,5910.64,Paid,,2025-07-17
CLM516409,ENC116409,PT12014,PY03,2025-07-01,2025-07-07,4225.61,886.61,0.00,886.61,Paid,,2025-08-01
CLM516410,ENC116410,PT13929,PY01,2025-07-01,2025-07-02,9824.91,2811.15,337.35,2473.80,Paid,,2025-07-11
CLM516411,ENC116411,PT13394,PY03,2025-07-01,2025-07-04,308.41,71.10,0.00,71.10,Paid,,2025-08-09
CLM516412,ENC116412,PT13540,PY02,2025-07-01,2025-07-02,367.36,113.90,7.99,105.91,Paid,,2025-07-23
CLM516413,ENC116413,PT10081,PY01,2025-07-01,2025-07-11,121.97,36.26,1.90,34.36,Paid,,2025-07-26
CLM516414,ENC116414,PT13570,PY04,2025-07-01,2025-07-14,239.14,115.17,16.91,98.26,Paid,,2025-08-03
CLM516415,ENC116415,PT12530,PY06,2025-07-01,2025-07-05,8825.34,5258.01,927.32,4330.69,Paid,,2025-07-21
CLM516416,ENC116416,PT11019,PY05,2025-07-01,2025-07-08,3855.93,2023.85,330.75,1693.10,Paid,,2025-07-29
CLM516417,ENC116417,PT10343,PY07,2025-07-01,2025-07-03,3395.57,1329.44,1329.44,1329.44,Paid,,2025-08-07
CLM516418,ENC116418,PT10007,PY05,2025-07-01,2025-07-03,647.58,306.60,24.78,281.82,Paid,,2025-07-24
CLM516419,ENC116419,PT10146,PY03,2025-07-03,2025-07-08,25946.26,6342.80,0.00,6342.80,Paid,,2025-08-21
CLM516420,ENC116420,PT10600,PY06,2025-07-01,2025-07-09,332.82,0.00,0.00,0.00,Denied,Eligibility / Coverage,
CLM516421,ENC116421,PT10103,PY01,2025-07-01,2025-07-06,382.53,128.32,8.75,119.57,Paid,,2025-07-17
CLM516422,ENC116422,PT11610,PY03,2025-07-01,2025-07-06,1552.29,0.00,0.00,0.00,Denied,Coding Error,
CLM516423,ENC116423,PT12348,PY01,2025-07-03,2025-07-07,16722.57,6155.27,179.80,5975.47,Paid,,2025-07-21
CLM516424,ENC116424,PT13801,PY03,2025-07-01,2025-07-12,3141.47,753.68,0.00,753.68,Paid,,2025-08-17
CLM516425,ENC116425,PT13360,PY04,2025-07-01,2025-07-02,2896.10,1506.33,218.37,1041.04,Partially Paid,Coding Error,2025-07-21
CLM516426,ENC116426,PT13327,PY01,2025-07-01,2025-07-05,271.40,88.56,6.94,81.62,Paid,,2025-07-18
CLM516427,ENC116427,PT10399,PY05,2025-07-01,2025-07-05,337.66,160.60,27.19,133.41,Paid,,2025-08-02
CLM516428,ENC116428,PT11679,PY01,2025-07-01,2025-07-06,2307.67,0.00,0.00,0.00,Denied,Authorization Required,
CLM516429,ENC116429,PT11883,PY05,2025-07-02,2025-07-09,8708.01,4332.53,287.55,4044.98,Paid,,2025-07-30
CLM516430,ENC116430,PT13758,PY04,2025-07-01,2025-07-11,190.59,103.86,4.05,99.81,Paid,,2025-09-01
CLM516431,ENC116431,PT11171,PY01,2025-07-01,2025-07-04,398.42,117.82,21.62,96.20,Paid,,2025-07-20
CLM516432,ENC116432,PT12732,PY02,2025-07-01,2025-07-02,3245.57,1064.69,92.10,972.59,Paid,,2025-07-25
CLM516433,ENC116433,PT10679,PY01,2025-07-05,2025-07-08,17276.22,5327.82,423.08,4904.74,Paid,,2025-08-02
CLM516434,ENC116434,PT12712,PY02,2025-07-01,2025-07-05,1381.61,461.99,41.16,420.83,Paid,,2025-08-23
CLM516435,ENC116435,PT10917,PY01,2025-07-01,2025-07-03,1616.59,496.04,64.07,431.97,Paid,,2025-07-24
CLM516436,ENC116436,PT12403,PY03,2025-07-01,2025-07-03,2492.91,625.44,0.00,467.57,Partially Paid,Missing Documentation,2025-08-03
CLM516437,ENC116437,PT12059,PY01,2025-07-02,2025-07-07,3426.00,1035.08,133.24,901.84,Paid,,2025-07-16
CLM516438,ENC116438,PT10475,PY06,2025-07-07,2025-07-10,55605.82,27315.07,3191.26,24123.81,Paid,,2025-08-14
CLM516439,ENC116439,PT13661,PY04,2025-07-08,2025-07-13,32084.08,16587.96,2128.12,14459.84,Paid,,2025-07-31
CLM516440,ENC116440,PT11975,PY04,2025-07-07,2025-07-10,49443.43,26133.61,1419.94,24713.67,Paid,,2025-07-29
CLM516441,ENC116441,PT12012,PY08,2025-07-02,2025-07-05,2794.43,1795.90,0.00,1795.90,Paid,,2025-08-11
CLM516442,ENC116442,PT13116,PY01,2025-07-07,2025-07-16,94705.94,32685.43,4281.49,28403.94,Paid,,2025-07-24
CLM516443,ENC116443,PT11122,PY06,2025-07-02,2025-07-06,2634.03,0.00,0.00,0.00,Denied,Coding Error,
CLM516444,ENC116444,PT12341,PY07,2025-07-02,2025-07-07,1656.34,734.88,734.88,0.00,Pending,,
CLM516445,ENC116445,PT13273,PY01,2025-07-02,2025-07-03,555.08,154.40,10.18,144.22,Paid,,2025-07-13
CLM516446,ENC116446,PT12944,PY06,2025-07-02,2025-07-05,3495.30,1798.31,261.01,1317.04,Partially Paid,Coding Error,2025-07-26
CLM516447,ENC116447,PT10814,PY06,2025-07-02,2025-07-04,419.51,230.51,24.83,205.68,Paid,,2025-08-06
CLM516448,ENC116448,PT10601,PY05,2025-07-02,2025-07-07,265.75,128.84,21.89,106.95,Paid,,2025-08-07
CLM516449,ENC116449,PT10963,PY05,2025-07-02,2025-07-05,379.27,192.66,7.54,185.12,Paid,,2025-08-27
CLM516450,ENC116450,PT12455,PY01,2025-07-02,2025-07-05,11084.05,3349.71,293.79,3055.92,Paid,,2025-07-17
CLM516451,ENC116451,PT10030,PY01,2025-07-02,2025-07-07,381.07,114.75,11.97,102.78,Paid,,2025-07-25
CLM516452,ENC116452,PT10014,PY03,2025-07-02,2025-07-08,301.58,73.68,0.00,73.68,Paid,,2025-08-03
CLM516453,ENC116453,PT11938,PY04,2025-07-02,2025-07-08,6905.29,3595.75,390.65,3205.10,Paid,,2025-08-17
CLM516454,ENC116454,PT12280,PY07,2025-07-02,2025-07-06,681.51,248.78,248.78,186.25,Partially Paid,,2025-08-27
CLM516455,ENC116455,PT13981,PY02,2025-07-02,2025-07-06,299.85,97.10,2.42,94.68,Paid,,2025-08-01
CLM516456,ENC116456,PT12279,PY01,2025-07-07,2025-07-12,16074.14,4996.54,324.71,4671.83,Paid,,2025-07-28
CLM516458,ENC116458,PT12124,PY04,2025-07-02,2025-07-08,561.53,278.78,27.45,251.33,Paid,,2025-07-22
CLM516459,ENC116459,PT10343,PY07,2025-07-02,2025-07-04,1823.85,729.07,729.07,391.37,Partially Paid,,2025-08-29
CLM516460,ENC116460,PT11219,PY05,2025-07-02,2025-07-04,2811.15,1343.14,161.25,1181.89,Paid,,2025-08-22
CLM516461,ENC116461,PT10001,PY03,2025-07-02,2025-07-03,6473.22,1691.55,0.00,1691.55,Paid,,2025-08-09
CLM516462,ENC116462,PT10019,PY04,2025-07-03,2025-07-11,5819.78,2978.61,289.62,2688.99,Paid,,2025-08-14
CLM516463,ENC116463,PT12032,PY03,2025-07-06,2025-07-07,18263.93,4544.51,0.00,4544.51,Paid,,2025-08-28
CLM516464,ENC116464,PT11925,PY05,2025-07-03,2025-07-08,1359.84,692.46,87.78,604.68,Paid,,2025-08-10
CLM516465,ENC116465,PT10251,PY01,2025-07-03,2025-07-05,924.15,288.95,38.01,250.94,Paid,,2025-07-18
CLM516466,ENC116466,PT12355,PY01,2025-07-17,2025-07-18,104303.79,30167.78,3630.36,26537.42,Paid,,2025-07-31
CLM516467,ENC116467,PT10307,PY01,2025-07-11,2025-07-16,35951.04,10673.52,1334.27,9339.25,Paid,,2025-07-29
CLM516468,ENC116468,PT10217,PY01,2025-07-09,2025-07-12,70471.22,24137.24,2050.84,22086.40,Paid,,2025-07-28
CLM516469,ENC116469,PT13303,PY01,2025-07-04,2025-07-19,41296.28,13950.22,1531.77,12418.45,Paid,,2025-07-28
CLM516470,ENC116470,PT12444,PY04,2025-07-03,2025-07-11,3569.57,1781.45,137.50,1643.95,Paid,,2025-08-03
CLM516471,ENC116471,PT11178,PY05,2025-07-03,2025-07-05,295.48,134.16,15.99,118.17,Paid,,2025-08-17
CLM516472,ENC116472,PT13887,PY03,2025-07-03,2025-07-06,295.54,72.26,0.00,72.26,Paid,,2025-07-30
CLM516473,ENC116473,PT11861,PY02,2025-07-03,2025-07-06,548.94,180.44,15.96,164.48,Paid,,2025-08-19
CLM516474,ENC116474,PT12193,PY01,2025-07-03,2025-07-04,1282.03,412.98,9.37,403.61,Paid,,2025-07-23
CLM516475,ENC116475,PT10079,PY06,2025-07-03,2025-07-05,1468.19,745.80,82.46,663.34,Paid,,2025-07-25
CLM516476,ENC116476,PT12420,PY05,2025-07-03,2025-07-07,287.98,145.43,25.42,120.01,Paid,,2025-07-24
CLM516477,ENC116477,PT13004,PY01,2025-07-05,2025-07-10,9614.33,2779.42,302.63,1151.75,Partially Paid,Coding Error,2025-07-17
CLM516478,ENC116478,PT12679,PY03,2025-07-03,2025-07-05,250.39,54.38,0.00,54.38,Paid,,2025-08-06
CLM516479,ENC116479,PT13945,PY05,2025-07-03,2025-07-07,1384.93,663.01,94.74,568.27,Paid,,2025-08-14
CLM516480,ENC116480,PT13743,PY02,2025-07-10,2025-07-14,62088.13,21084.41,2163.60,18920.81,Paid,,2025-10-15
CLM516481,ENC116481,PT11179,PY07,2025-07-03,2025-07-07,452.63,183.87,183.87,133.73,Partially Paid,,2025-10-03
CLM516482,ENC116482,PT13829,PY02,2025-07-03,2025-07-08,152.17,51.92,2.66,49.26,Paid,,2025-08-08
CLM516483,ENC116483,PT11124,PY08,2025-07-03,2025-07-04,140.90,89.62,0.00,89.62,Paid,,2025-08-09
CLM516484,ENC116484,PT11776,PY01,2025-07-03,2025-07-05,174.80,49.35,0.77,31.56,Partially Paid,Coding Error,2025-08-01
CLM516485,ENC116485,PT12744,PY03,2025-07-03,2025-07-09,148.47,42.41,0.00,42.41,Paid,,2025-08-18
CLM516486,ENC116486,PT10685,PY04,2025-07-03,2025-07-08,161.61,82.89,16.30,66.59,Paid,,2025-08-04
CLM516487,ENC116487,PT12277,PY02,2025-07-03,2025-07-08,2655.91,837.72,74.32,763.40,Paid,,2025-08-06
CLM516488,ENC116488,PT12372,PY05,2025-07-03,2025-07-09,277.38,126.68,13.88,112.80,Paid,,2025-08-02
CLM516489,ENC116489,PT11616,PY03,2025-07-09,2025-07-15,21295.02,0.00,0.00,0.00,Appealed,Coding Error,
CLM516490,ENC116490,PT11023,PY01,2025-07-07,2025-07-12,29395.56,0.00,0.00,0.00,Denied,Authorization Required,
CLM516491,ENC116491,PT11944,PY02,2025-07-11,2025-07-15,61754.48,20308.13,871.20,19436.93,Paid,,2025-08-10
CLM516492,ENC116492,PT11767,PY05,2025-07-04,2025-07-10,8960.65,4648.45,534.19,4114.26,Paid,,2025-08-22
CLM516493,ENC116493,PT11967,PY03,2025-07-03,2025-07-11,488.91,100.48,0.00,100.48,Paid,,2025-08-10
CLM516494,ENC116494,PT11429,PY04,2025-07-06,2025-07-11,32846.52,17975.16,3560.23,14414.93,Paid,,2025-09-05
CLM516495,ENC116495,PT13937,PY06,2025-07-03,2025-07-08,357.57,212.77,29.27,183.50,Paid,,2025-08-22
CLM516496,ENC116496,PT12967,PY05,2025-07-03,2025-07-06,3399.84,1754.31,147.04,715.80,Partially Paid,Missing Documentation,2025-08-14
CLM516497,ENC116497,PT13163,PY07,2025-07-03,2025-07-16,3388.09,1317.83,1317.83,383.20,Partially Paid,,2025-09-06
CLM516498,ENC116498,PT10837,PY03,2025-07-04,2025-07-11,1454.47,338.65,0.00,338.65,Paid,,2025-08-18
CLM516500,ENC116500,PT11894,PY05,2025-07-04,2025-07-08,8394.96,3962.99,601.95,3361.04,Paid,,2025-08-07
CLM516501,ENC116501,PT11010,PY04,2025-07-04,2025-07-10,1275.77,539.80,104.91,434.89,Paid,,2025-07-31
CLM516502,ENC116502,PT12125,PY02,2025-07-06,2025-07-12,13482.32,0.00,0.00,0.00,Denied,Coding Error,
CLM516503,ENC116503,PT11955,PY01,2025-07-04,2025-07-05,259.05,81.04,5.31,40.00,Partially Paid,Coding Error,2025-07-19
CLM516504,ENC116504,PT12677,PY02,2025-07-04,2025-07-06,324.17,117.95,1.77,116.18,Paid,,2025-08-15
CLM516505,ENC116505,PT12642,PY03,2025-07-04,2025-07-08,264.50,61.22,0.00,61.22,Paid,,2025-07-28
CLM516507,ENC116507,PT13185,PY01,2025-07-04,2025-07-10,2646.40,756.79,78.74,678.05,Paid,,2025-07-21
CLM516508,ENC116508,PT13345,PY02,2025-07-04,2025-07-10,442.29,165.51,11.94,153.57,Paid,,2025-08-06
CLM516509,ENC116509,PT11733,PY02,2025-07-04,2025-07-08,696.61,250.93,21.46,229.47,Paid,,2025-07-29
CLM516510,ENC116510,PT13168,PY04,2025-07-07,2025-07-13,13743.64,6506.06,134.40,6371.66,Paid,,2025-08-21
CLM516511,ENC116511,PT10486,PY02,2025-07-04,2025-07-07,316.81,103.14,6.96,96.18,Paid,,2025-07-28
CLM516512,ENC116512,PT11780,PY06,2025-07-04,2025-07-13,6071.76,3124.02,362.88,1362.36,Partially Paid,Medical Necessity,2025-08-03
CLM516513,ENC116513,PT12313,PY01,2025-07-09,2025-07-14,39839.29,13070.62,1146.32,11924.30,Paid,,2025-08-05
CLM516514,ENC116514,PT11851,PY01,2025-07-04,2025-07-17,314.38,99.35,5.43,93.92,Paid,,2025-07-26
CLM516515,ENC116515,PT13015,PY03,2025-07-04,2025-07-07,157.99,38.44,0.00,38.44,Paid,,2025-08-23
CLM516516,ENC116516,PT10235,PY04,2025-07-04,2025-07-08,421.84,220.27,8.85,211.42,Paid,,2025-08-27
CLM516517,ENC116517,PT12567,PY05,2025-07-04,2025-07-13,264.51,121.53,3.46,118.07,Paid,,2025-08-20
CLM516518,ENC116518,PT10618,PY01,2025-07-11,2025-07-21,33943.66,10629.86,967.30,9662.56,Paid,,2025-07-30
CLM516519,ENC116519,PT12278,PY04,2025-07-04,2025-07-09,308.25,158.54,12.24,146.30,Paid,,2025-07-30
CLM516520,ENC116520,PT12869,PY03,2025-07-04,2025-07-07,166.65,37.55,0.00,37.55,Paid,,2025-08-05
CLM516521,ENC116521,PT11209,PY01,2025-07-04,2025-07-10,1262.77,359.10,20.60,299.81,Partially Paid,Missing Documentation,2025-07-17
CLM516522,ENC116522,PT11702,PY01,2025-07-09,2025-07-12,26139.56,7996.47,751.73,7244.74,Paid,,2025-07-22
CLM516523,ENC116523,PT10566,PY01,2025-07-04,2025-07-07,299.17,91.26,12.64,78.62,Paid,,2025-07-16
CLM516524,ENC116524,PT12401,PY02,2025-07-08,2025-07-09,48061.71,0.00,0.00,0.00,Appealed,Coding Error,
CLM516525,ENC116525,PT10455,PY05,2025-07-04,2025-07-07,5549.30,2597.83,278.20,2319.63,Paid,,2025-08-06
CLM516526,ENC116526,PT12247,PY03,2025-07-04,2025-07-07,575.67,0.00,0.00,0.00,Denied,Eligibility / Coverage,
CLM516527,ENC116527,PT13065,PY01,2025-07-05,2025-07-13,758.75,257.90,24.67,233.23,Paid,,2025-07-28
CLM516528,ENC116528,PT11475,PY01,2025-07-05,2025-07-06,3485.60,0.00,0.00,0.00,Denied,Coding Error,
CLM516529,ENC116529,PT11891,PY03,2025-07-07,2025-07-10,18280.64,4312.72,0.00,4312.72,Paid,,2025-08-20
CLM516530,ENC116530,PT11161,PY01,2025-07-05,2025-07-08,786.69,255.26,17.98,237.28,Paid,,2025-07-19
CLM516531,ENC116531,PT11200,PY03,2025-07-05,2025-07-10,638.03,160.55,0.00,160.55,Paid,,2025-08-22
CLM516532,ENC116532,PT12281,PY06,2025-07-05,2025-07-06,1082.06,631.07,26.94,604.13,Paid,,2025-07-20
CLM516533,ENC116533,PT10429,PY02,2025-07-06,2025-07-08,9690.66,3143.25,241.70,2901.55,Paid,,2025-07-30
CLM516535,ENC116535,PT11066,PY01,2025-07-05,2025-07-09,1515.65,451.98,14.37,437.61,Paid,,2025-07-18
CLM516536,ENC116536,PT13726,PY01,2025-07-05,2025-07-07,1364.28,354.26,39.83,257.39,Partially Paid,Coding Error,2025-07-26
CLM516537,ENC116537,PT11958,PY01,2025-07-09,2025-07-13,23894.01,7432.39,720.27,3005.22,Partially Paid,Medical Necessity,2025-07-20
CLM516538,ENC116538,PT12647,PY02,2025-07-05,2025-07-08,1543.66,525.90,27.17,498.73,Paid,,2025-08-29
CLM516539,ENC116539,PT12553,PY05,2025-07-07,2025-07-11,7075.18,3471.41,104.98,3366.43,Paid,,2025-09-05
CLM516540,ENC116540,PT12299,PY02,2025-07-18,2025-07-21,107346.74,31780.82,1341.02,30439.80,Paid,,2025-08-11
CLM516541,ENC116541,PT11773,PY02,2025-07-09,2025-07-12,21500.75,7990.82,784.14,7206.68,Paid,,2025-08-05
CLM516542,ENC116542,PT11121,PY01,2025-07-06,2025-07-10,3271.19,1120.61,79.59,1041.02,Paid,,2025-07-24
CLM516543,ENC116543,PT12976,PY01,2025-07-11,2025-07-16,22195.32,6814.52,710.22,6104.30,Paid,,2025-07-27
CLM516544,ENC116544,PT11603,PY03,2025-07-06,2025-07-14,5205.83,1175.12,0.00,1175.12,Paid,,2025-08-07
CLM516545,ENC116545,PT12910,PY05,2025-07-07,2025-07-12,7783.08,3733.44,431.16,3302.28,Paid,,2025-08-08
CLM516546,ENC116546,PT11753,PY03,2025-07-06,2025-07-09,2622.34,0.00,0.00,0.00,Denied,Medical Necessity,
CLM516547,ENC116547,PT13846,PY04,2025-07-06,2025-07-10,870.08,490.35,41.85,448.50,Paid,,2025-07-29
CLM516548,ENC116548,PT13561,PY04,2025-07-09,2025-07-13,11975.83,6301.06,708.59,5592.47,Paid,,2025-08-20
CLM516549,ENC116549,PT12636,PY01,2025-07-08,2025-07-11,25466.96,6716.35,575.80,6140.55,Paid,,2025-07-25
CLM516550,ENC116550,PT10567,PY05,2025-07-06,2025-07-07,3289.43,1714.30,207.80,1506.50,Paid,,2025-08-28
CLM516551,ENC116551,PT10576,PY06,2025-07-06,2025-07-12,1766.41,0.00,0.00,0.00,Denied,Authorization Required,
CLM516552,ENC116552,PT11213,PY03,2025-07-06,2025-07-11,2401.46,523.99,0.00,523.99,Paid,,2025-08-11
CLM516553,ENC116553,PT13531,PY03,2025-07-06,2025-07-10,6111.79,1426.80,0.00,1165.04,Partially Paid,Coding Error,2025-08-07
CLM516555,ENC116555,PT12919,PY01,2025-07-06,2025-07-15,588.78,176.99,10.58,166.41,Paid,,2025-08-05
CLM516556,ENC116556,PT10871,PY04,2025-07-07,2025-07-17,3826.01,2240.76,175.91,2064.85,Paid,,2025-08-17
CLM516557,ENC116557,PT13678,PY02,2025-07-09,2025-07-13,15351.07,5210.36,530.13,4680.23,Paid,,2025-09-06
CLM516558,ENC116558,PT13231,PY01,2025-07-07,2025-07-11,6030.10,1826.15,0.00,1826.15,Paid,,2025-07-18
CLM516559,ENC116559,PT11190,PY03,2025-07-11,2025-07-16,23143.37,0.00,0.00,0.00,Appealed,Missing Documentation,
CLM516560,ENC116560,PT11300,PY04,2025-07-07,2025-07-13,1327.20,738.74,74.75,663.99,Paid,,2025-08-02
CLM516561,ENC116561,PT10679,PY01,2025-07-15,2025-07-19,22224.43,7457.48,785.19,6672.29,Paid,,2025-07-30
CLM516562,ENC116562,PT11769,PY05,2025-07-07,2025-07-11,3463.18,1475.36,100.10,1375.26,Paid,,2025-08-04
CLM516563,ENC116563,PT10485,PY06,2025-07-07,2025-07-16,371.14,203.08,28.42,80.74,Partially Paid,Coding Error,2025-08-05
CLM516565,ENC116565,PT10716,PY01,2025-07-07,2025-07-10,369.78,0.00,0.00,0.00,Appealed,Medical Necessity,
CLM516566,ENC116566,PT12575,PY03,2025-07-09,2025-07-16,20892.96,0.00,0.00,0.00,Denied,Authorization Required,
CLM516567,ENC116567,PT13166,PY04,2025-07-07,2025-07-19,3334.21,0.00,0.00,0.00,Appealed,Authorization Required,
CLM516568,ENC116568,PT10516,PY05,2025-07-07,2025-07-12,9942.94,4418.16,620.11,3798.05,Paid,,2025-08-29
CLM516569,ENC116569,PT13274,PY03,2025-07-07,2025-07-09,272.38,73.22,0.00,73.22,Paid,,2025-08-29
CLM516570,ENC116570,PT10693,PY01,2025-07-14,2025-07-15,29572.58,9832.84,1399.79,8433.05,Paid,,2025-07-25
CLM516571,ENC116571,PT10758,PY05,2025-07-07,2025-07-10,175.51,100.97,9.99,90.98,Paid,,2025-08-22
CLM516572,ENC116572,PT13896,PY05,2025-07-07,2025-07-11,291.11,146.12,26.19,119.93,Paid,,2025-08-07
CLM516573,ENC116573,PT12340,PY06,2025-07-07,2025-07-08,218.68,116.81,14.69,102.12,Paid,,2025-07-22
CLM516574,ENC116574,PT11686,PY05,2025-07-12,2025-07-14,41520.52,18295.70,2694.61,15601.09,Paid,,2025-08-02
CLM516575,ENC116575,PT12180,PY02,2025-07-08,2025-07-12,6101.85,2103.32,179.45,1923.87,Paid,,2025-08-09
CLM516576,ENC116576,PT10259,PY01,2025-07-07,2025-07-21,4756.67,1575.85,182.05,1393.80,Paid,,2025-08-12
CLM516577,ENC116577,PT10027,PY03,2025-07-07,2025-07-09,10992.92,2583.65,0.00,2583.65,Paid,,2025-08-08
CLM516578,ENC116578,PT10902,PY03,2025-07-07,2025-07-10,8055.28,0.00,0.00,0.00,Denied,Coding Error,
CLM516579,ENC116579,PT13443,PY06,2025-07-07,2025-07-12,992.49,477.78,41.04,436.74,Paid,,2025-07-24
CLM516580,ENC116580,PT12244,PY02,2025-07-07,2025-07-08,492.96,169.58,9.69,159.89,Paid,,2025-08-20
CLM516581,ENC116581,PT12961,PY01,2025-07-07,2025-07-12,351.98,0.00,0.00,0.00,Denied,Eligibility / Coverage,
CLM516582,ENC116582,PT11397,PY03,2025-07-07,2025-07-15,300.15,0.00,0.00,0.00,Denied,Medical Necessity,
CLM516583,ENC116583,PT12602,PY06,2025-07-07,2025-07-09,11195.13,5583.61,1073.14,4510.47,Paid,,2025-08-03
CLM516584,ENC116584,PT12810,PY06,2025-07-07,2025-07-13,12708.22,6358.70,614.77,5743.93,Paid,,2025-08-02
CLM516585,ENC116585,PT13005,PY03,2025-07-07,2025-07-11,116.24,26.96,0.00,26.96,Paid,,2025-08-31
CLM516586,ENC116586,PT11874,PY03,2025-07-07,2025-07-09,892.09,191.66,0.00,191.66,Paid,,2025-07-31
CLM516587,ENC116587,PT10967,PY02,2025-07-11,2025-07-17,25531.34,8496.41,354.26,8142.15,Paid,,2025-08-03
CLM516588,ENC116588,PT10499,PY01,2025-07-07,2025-07-11,3879.98,1150.67,71.41,1079.26,Paid,,2025-07-21
CLM516589,ENC116589,PT11138,PY06,2025-07-07,2025-07-10,1837.54,1074.42,143.79,930.63,Paid,,2025-08-03
CLM516590,ENC116590,PT11593,PY05,2025-07-07,2025-07-15,3299.64,1678.70,296.10,1382.60,Paid,,2025-08-03
CLM516592,ENC116592,PT11311,PY01,2025-07-09,2025-07-16,11558.88,0.00,0.00,0.00,Appealed,Authorization Required,
CLM516593,ENC116593,PT12372,PY05,2025-07-08,2025-07-10,5468.25,2554.63,275.71,1146.09,Partially Paid,Coding Error,2025-09-11
CLM516594,ENC116594,PT12075,PY04,2025-07-08,2025-07-17,2565.59,1215.02,96.89,1118.13,Paid,,2025-07-29
CLM516595,ENC116595,PT13317,PY05,2025-07-08,2025-07-13,3654.98,1611.02,162.68,1448.34,Paid,,2025-07-28
CLM516596,ENC116596,PT13276,PY04,2025-07-08,2025-07-11,2693.72,0.00,0.00,0.00,Appealed,Coding Error,
CLM516597,ENC116597,PT10804,PY04,2025-07-08,2025-07-10,1467.54,724.73,98.45,626.28,Paid,,2025-08-05
CLM516598,ENC116598,PT12232,PY06,2025-07-10,2025-07-14,15661.47,9560.07,1174.53,8385.54,Paid,,2025-07-29
CLM516599,ENC116599,PT10135,PY03,2025-07-08,2025-07-12,3594.49,867.39,0.00,867.39,Paid,,2025-09-04
CLM516600,ENC116600,PT12689,PY07,2025-07-08,2025-07-14,2314.47,914.00,914.00,353.93,Partially Paid,,2025-08-29
CLM516601,ENC116601,PT10036,PY06,2025-07-08,2025-07-13,2018.34,1098.33,143.50,613.78,Partially Paid,Medical Necessity,2025-08-05
CLM516602,ENC116602,PT13326,PY04,2025-07-08,2025-07-11,209.90,105.67,13.47,92.20,Paid,,2025-08-09
CLM516603,ENC116603,PT13980,PY01,2025-07-08,2025-07-14,260.20,82.07,7.40,74.67,Paid,,2025-07-23
CLM516604,ENC116604,PT10837,PY03,2025-07-11,2025-07-16,18594.84,4692.14,0.00,4692.14,Paid,,2025-08-31
CLM516605,ENC116605,PT11604,PY06,2025-07-08,2025-07-18,348.97,168.27,12.46,155.81,Paid,,2025-08-09
CLM516606,ENC116606,PT10665,PY04,2025-07-08,2025-07-13,187.59,105.50,14.11,91.39,Paid,,2025-08-02
CLM516607,ENC116607,PT10772,PY02,2025-07-08,2025-07-11,311.32,105.56,2.74,102.82,Paid,,2025-08-07
CLM516608,ENC116608,PT12763,PY02,2025-07-08,2025-07-11,271.24,92.09,2.88,89.21,Paid,,2025-08-01
CLM516609,ENC116609,PT11343,PY06,2025-07-09,2025-07-16,9293.05,0.00,0.00,0.00,Denied,Medical Necessity,
CLM516610,ENC116610,PT11654,PY04,2025-07-08,2025-07-11,182.10,99.50,13.33,86.17,Paid,,2025-07-30
CLM516611,ENC116611,PT11549,PY02,2025-07-08,2025-07-16,3080.88,982.75,6.79,975.96,Paid,,2025-08-16
CLM516612,ENC116612,PT11951,PY03,2025-07-08,2025-07-15,5738.70,1365.28,0.00,1365.28,Paid,,2025-09-17
CLM516613,ENC116613,PT11897,PY02,2025-07-08,2025-07-11,4660.53,1545.40,157.43,1387.97,Paid,,2025-08-02
CLM516614,ENC116614,PT10233,PY06,2025-07-08,2025-07-09,4584.87,2879.84,63.54,2816.30,Paid,,2025-07-27
CLM516615,ENC116615,PT13996,PY01,2025-07-13,2025-07-16,25125.83,7723.18,852.43,6870.75,Paid,,2025-08-10
CLM516616,ENC116616,PT13989,PY01,2025-07-08,2025-07-12,330.42,96.63,7.02,89.61,Paid,,2025-07-27
CLM516617,ENC116617,PT10482,PY02,2025-07-08,2025-07-14,892.18,294.36,25.13,269.23,Paid,,2025-08-13
CLM516618,ENC116618,PT13699,PY05,2025-07-08,2025-07-12,1240.44,0.00,0.00,0.00,Appealed,Coding Error,
CLM516619,ENC116619,PT10683,PY08,2025-07-08,2025-07-15,187.10,128.79,0.00,128.79,Paid,,2025-09-18
CLM516620,ENC116620,PT11975,PY04,2025-07-08,2025-07-09,156.54,71.98,5.09,66.89,Paid,,2025-07-26
CLM516621,ENC116621,PT13386,PY01,2025-07-08,2025-07-11,496.81,147.88,20.81,127.07,Paid,,2025-07-21
CLM516622,ENC116622,PT12877,PY04,2025-07-08,2025-07-11,1348.49,703.71,60.53,405.76,Partially Paid,Medical Necessity,2025-07-28
CLM516623,ENC116623,PT10975,PY02,2025-07-08,2025-07-11,400.37,145.79,10.70,63.36,Partially Paid,Medical Necessity,2025-08-06
CLM516624,ENC116624,PT13486,PY05,2025-07-08,2025-07-10,1566.24,749.91,137.44,612.47,Paid,,2025-07-22
CLM516625,ENC116625,PT13938,PY01,2025-07-08,2025-07-11,4327.46,1184.03,136.21,1047.82,Paid,,2025-07-25
CLM516626,ENC116626,PT10333,PY01,2025-07-10,2025-07-15,9713.17,3056.23,397.64,2658.59,Paid,,2025-07-28
CLM516627,ENC116627,PT11112,PY06,2025-07-08,2025-07-12,4118.92,2160.80,237.29,1666.93,Partially Paid,Coding Error,2025-08-02
CLM516628,ENC116628,PT11014,PY02,2025-07-19,2025-07-24,117257.41,41819.39,2777.77,39041.62,Paid,,2025-08-22
CLM516629,ENC116629,PT11953,PY05,2025-07-09,2025-07-10,3640.17,1796.97,262.66,1534.31,Paid,,2025-07-29
CLM516630,ENC116630,PT10081,PY01,2025-07-13,2025-07-16,62384.76,19078.25,1087.93,17990.32,Paid,,2025-07-29
CLM516631,ENC116631,PT13574,PY05,2025-07-09,2025-07-19,3019.81,1430.65,99.13,1331.52,Paid,,2025-08-20
CLM516632,ENC116632,PT11004,PY02,2025-07-09,2025-07-18,240.00,75.38,4.77,70.61,Paid,,2025-08-07
CLM516633,ENC116633,PT13758,PY04,2025-07-09,2025-07-10,230.85,138.15,22.88,115.27,Paid,,2025-08-08
CLM516634,ENC116634,PT12701,PY02,2025-07-09,2025-07-16,341.47,107.04,7.69,42.55,Partially Paid,Coding Error,2025-09-04
CLM516635,ENC116635,PT10901,PY01,2025-07-11,2025-07-15,16116.13,5274.32,369.27,4905.05,Paid,,2025-07-23
CLM516636,ENC116636,PT13672,PY02,2025-07-12,2025-07-14,15946.42,5001.72,163.58,4838.14,Paid,,2025-09-06
CLM516637,ENC116637,PT10597,PY01,2025-07-09,2025-07-10,3977.55,0.00,0.00,0.00,Denied,Medical Necessity,
CLM516638,ENC116638,PT13206,PY03,2025-07-09,2025-07-14,104.20,22.57,0.00,22.57,Paid,,2025-07-30
CLM516639,ENC116639,PT10669,PY01,2025-07-09,2025-07-20,1385.14,469.48,10.98,458.50,Paid,,2025-08-01
CLM516640,ENC116640,PT12481,PY04,2025-07-13,2025-07-19,38082.66,19235.65,1800.34,17435.31,Paid,,2025-08-10
CLM516641,ENC116641,PT10584,PY04,2025-07-09,2025-07-12,308.88,156.73,23.48,133.25,Paid,,2025-08-17
CLM516642,ENC116642,PT10064,PY06,2025-07-13,2025-07-16,63426.39,40485.34,4480.13,36005.21,Paid,,2025-08-09
CLM516643,ENC116643,PT12264,PY01,2025-07-09,2025-07-12,454.56,138.27,14.26,124.01,Paid,,2025-07-26
CLM516644,ENC116644,PT10915,PY06,2025-07-09,2025-07-10,8993.73,4560.43,80.04,4480.39,Paid,,2025-07-22
CLM516645,ENC116645,PT10861,PY06,2025-07-12,2025-07-16,14768.20,7999.74,691.61,7308.13,Paid,,2025-08-11
CLM516646,ENC116646,PT10740,PY04,2025-07-12,2025-07-13,18036.80,9471.70,475.49,8996.21,Paid,,2025-08-02
CLM516647,ENC116647,PT13932,PY03,2025-07-09,2025-07-14,2806.39,660.14,0.00,464.49,Partially Paid,Missing Documentation,2025-07-31
CLM516648,ENC116648,PT10358,PY03,2025-07-09,2025-07-12,271.21,59.47,0.00,59.47,Paid,,2025-08-08
CLM516649,ENC116649,PT12784,PY03,2025-07-09,2025-07-16,290.82,63.74,0.00,55.59,Partially Paid,Missing Documentation,2025-09-04
CLM516650,ENC116650,PT13452,PY03,2025-07-14,2025-07-16,14378.49,3644.43,0.00,3644.43,Paid,,2025-08-13
CLM516651,ENC116651,PT13281,PY02,2025-07-09,2025-07-10,205.54,72.36,3.75,68.61,Paid,,2025-08-17
CLM516652,ENC116652,PT13316,PY04,2025-07-09,2025-07-16,393.48,209.87,30.46,179.41,Paid,,2025-08-02
CLM516653,ENC116653,PT10872,PY04,2025-07-13,2025-07-15,80686.26,41655.89,8358.74,33297.15,Paid,,2025-08-14
CLM516654,ENC116654,PT13067,PY01,2025-07-09,2025-07-15,182.73,57.78,3.59,54.19,Paid,,2025-07-26
CLM516655,ENC116655,PT10840,PY01,2025-07-09,2025-07-14,832.10,252.44,10.48,241.96,Paid,,2025-07-31
CLM516656,ENC116656,PT13361,PY05,2025-07-13,2025-07-21,36258.27,18243.58,3365.41,14878.17,Paid,,2025-08-31
CLM516657,ENC116657,PT11293,PY03,2025-07-14,2025-07-17,22119.26,0.00,0.00,0.00,Appealed,Missing Documentation,
CLM516658,ENC116658,PT13033,PY01,2025-07-09,2025-07-13,1501.07,467.73,23.66,444.07,Paid,,2025-07-26
CLM516659,ENC116659,PT10703,PY03,2025-07-17,2025-07-19,23378.79,5884.49,0.00,5884.49,Paid,,2025-08-23
CLM516660,ENC116660,PT11089,PY01,2025-07-09,2025-07-11,5721.14,1877.01,299.27,1577.74,Paid,,2025-07-26
CLM516661,ENC116661,PT12973,PY02,2025-07-09,2025-07-13,450.67,145.49,16.22,129.27,Paid,,2025-08-13
CLM516662,ENC116662,PT12450,PY06,2025-07-09,2025-07-14,1322.95,691.30,129.66,561.64,Paid,,2025-08-08
CLM516663,ENC116663,PT10135,PY03,2025-07-13,2025-07-14,18304.28,4758.86,0.00,4758.86,Paid,,2025-08-02
CLM516664,ENC116664,PT10419,PY01,2025-07-11,2025-07-17,10194.80,3119.97,400.30,2719.67,Paid,,2025-08-01
CLM516665,ENC116665,PT13653,PY04,2025-07-09,2025-07-15,1233.89,0.00,0.00,0.00,Denied,Missing Documentation,
CLM516666,ENC116666,PT12955,PY02,2025-07-12,2025-07-16,60409.70,19794.89,1775.43,18019.46,Paid,,2025-07-29
CLM516667,ENC116667,PT11516,PY04,2025-07-12,2025-07-18,17074.74,0.00,0.00,0.00,Denied,Medical Necessity,
CLM516668,ENC116668,PT13245,PY02,2025-07-17,2025-07-19,99761.34,0.00,0.00,0.00,Denied,Medical Necessity,
CLM516669,ENC116669,PT11651,PY06,2025-07-10,2025-07-17,2140.06,1047.91,173.98,873.93,Paid,,2025-08-05
CLM516670,ENC116670,PT12511,PY02,2025-07-10,2025-07-13,1338.09,474.45,27.06,447.39,Paid,,2025-08-13
CLM516671,ENC116671,PT11011,PY01,2025-07-10,2025-07-13,154.19,49.01,4.10,44.91,Paid,,2025-08-01
CLM516672,ENC116672,PT12261,PY03,2025-07-10,2025-07-18,353.50,87.62,0.00,87.62,Paid,,2025-08-15
CLM516673,ENC116673,PT12896,PY02,2025-07-10,2025-07-12,2354.23,725.27,49.68,675.59,Paid,,2025-08-10
CLM516674,ENC116674,PT11660,PY01,2025-07-10,2025-07-11,476.84,131.76,16.35,115.41,Paid,,2025-07-24
CLM516675,ENC116675,PT11476,PY07,2025-07-10,2025-07-19,157.64,70.65,70.65,44.62,Partially Paid,,2025-09-26
CLM516676,ENC116676,PT11680,PY01,2025-07-10,2025-07-15,402.68,0.00,0.00,0.00,Denied,Duplicate Claim,
CLM516677,ENC116677,PT13193,PY02,2025-07-13,2025-07-16,14221.19,4559.28,251.59,4307.69,Paid,,2025-08-08
CLM516678,ENC116678,PT12330,PY02,2025-07-10,2025-07-11,320.90,94.93,6.66,88.27,Paid,,2025-07-30
CLM516679,ENC116679,PT13682,PY03,2025-07-10,2025-07-15,5927.72,1344.69,0.00,1344.69,Paid,,2025-08-07
CLM516680,ENC116680,PT11973,PY04,2025-07-10,2025-07-12,262.45,127.30,8.93,118.37,Paid,,2025-07-26
CLM516681,ENC116681,PT13631,PY02,2025-07-10,2025-07-12,461.88,159.01,2.80,156.21,Paid,,2025-08-04
CLM516682,ENC116682,PT11908,PY04,2025-07-12,2025-07-15,8262.20,4464.66,457.24,4007.42,Paid,,2025-07-31
CLM516683,ENC116683,PT10101,PY02,2025-07-10,2025-07-13,332.09,0.00,0.00,0.00,Appealed,Authorization Required,
CLM516684,ENC116684,PT10382,PY07,2025-07-10,2025-07-11,585.95,227.63,227.63,112.35,Partially Paid,,2025-10-06
CLM516685,ENC116685,PT10683,PY06,2025-07-10,2025-07-16,325.28,206.94,34.19,125.44,Partially Paid,Coding Error,2025-08-05
CLM516686,ENC116686,PT13698,PY02,2025-07-10,2025-07-15,2506.41,870.68,48.43,822.25,Paid,,2025-09-29
CLM516687,ENC116687,PT12885,PY01,2025-07-15,2025-07-23,45615.93,14353.15,1141.27,13211.88,Paid,,2025-08-19
CLM516688,ENC116688,PT11000,PY05,2025-07-10,2025-07-13,3569.33,0.00,0.00,0.00,Denied,Coding Error,
CLM516689,ENC116689,PT12391,PY03,2025-07-10,2025-07-12,229.11,57.89,0.00,57.89,Paid,,2025-08-21
CLM516690,ENC116690,PT11774,PY06,2025-07-10,2025-07-18,2399.49,1430.28,84.09,1346.19,Paid,,2025-08-20
CLM516691,ENC116691,PT10246,PY04,2025-07-10,2025-07-13,292.56,155.57,20.80,134.77,Paid,,2025-08-24
CLM516692,ENC116692,PT10004,PY04,2025-07-10,2025-07-12,3927.37,2039.11,27.35,2011.76,Paid,,2025-08-03
CLM516693,ENC116693,PT12312,PY01,2025-07-10,2025-07-14,343.43,107.25,7.12,100.13,Paid,,2025-08-01
CLM516694,ENC116694,PT13892,PY04,2025-07-10,2025-07-18,204.70,103.85,1.95,101.90,Paid,,2025-08-06
CLM516695,ENC116695,PT12566,PY04,2025-07-10,2025-07-12,2678.32,1449.15,128.90,1320.25,Paid,,2025-07-24
CLM516696,ENC116696,PT12676,PY01,2025-07-10,2025-07-22,3249.97,917.03,73.21,843.82,Paid,,2025-08-07
CLM516697,ENC116697,PT10519,PY02,2025-07-10,2025-07-14,457.28,152.21,10.09,142.12,Paid,,2025-08-04
CLM516698,ENC116698,PT13619,PY05,2025-07-20,2025-07-22,49219.83,0.00,0.00,0.00,Appealed,Medical Necessity,
CLM516699,ENC116699,PT11110,PY04,2025-07-15,2025-07-22,32388.90,17297.37,1602.76,15694.61,Paid,,2025-08-05
CLM516700,ENC116700,PT11388,PY04,2025-07-10,2025-07-13,1496.11,753.69,162.41,591.28,Paid,,2025-08-08
CLM516702,ENC116702,PT11632,PY03,2025-07-22,2025-07-26,34930.53,8214.09,0.00,8214.09,Paid,,2025-09-14
CLM516703,ENC116703,PT13573,PY04,2025-07-13,2025-07-20,10180.29,5216.24,522.14,4694.10,Paid,,2025-08-02
CLM516704,ENC116704,PT13821,PY08,2025-07-10,2025-07-15,1252.29,685.86,0.00,685.86,Paid,,2025-08-31
CLM516705,ENC116705,PT12352,PY05,2025-07-11,2025-07-15,910.66,466.95,13.66,453.29,Paid,,2025-08-13
CLM516706,ENC116706,PT12893,PY04,2025-07-14,2025-07-17,14148.05,7057.41,1154.92,5902.49,Paid,,2025-08-11
CLM516707,ENC116707,PT10736,PY04,2025-07-11,2025-07-13,1653.80,835.69,46.51,789.18,Paid,,2025-07-25
CLM516708,ENC116708,PT11905,PY02,2025-07-11,2025-07-23,594.87,192.39,8.47,183.92,Paid,,2025-09-04
CLM516709,ENC116709,PT11829,PY02,2025-07-11,2025-07-17,154.15,0.00,0.00,0.00,Appealed,Authorization Required,
CLM516710,ENC116710,PT11981,PY01,2025-07-11,2025-07-29,319.78,104.09,10.09,94.00,Paid,,2025-08-23
CLM516711,ENC116711,PT10515,PY05,2025-07-11,2025-07-15,422.11,194.37,25.63,168.74,Paid,,2025-09-12
CLM516712,ENC116712,PT13098,PY04,2025-07-11,2025-07-14,471.24,242.63,0.00,242.63,Paid,,2025-08-18
CLM516713,ENC116713,PT12390,PY06,2025-07-11,2025-07-18,328.06,172.89,15.85,157.04,Paid,,2025-08-08
CLM516714,ENC116714,PT11654,PY04,2025-07-11,2025-07-13,258.21,134.39,16.18,118.21,Paid,,2025-07-23
CLM516715,ENC116715,PT13134,PY05,2025-07-11,2025-07-14,351.37,168.31,5.01,163.30,Paid,,2025-08-06
CLM516716,ENC116716,PT12398,PY02,2025-07-11,2025-07-21,195.79,66.11,4.91,61.20,Paid,,2025-08-18
CLM516717,ENC116717,PT11389,PY04,2025-07-11,2025-07-14,448.00,221.79,28.54,193.25,Paid,,2025-07-28
CLM516718,ENC116718,PT11668,PY04,2025-07-11,2025-07-18,188.25,97.45,10.85,86.60,Paid,,2025-08-03
CLM516720,ENC116720,PT12840,PY04,2025-07-11,2025-07-17,402.47,202.53,21.97,180.56,Paid,,2025-08-08
CLM516721,ENC116721,PT13000,PY01,2025-07-11,2025-07-19,1498.19,500.48,62.38,438.10,Paid,,2025-08-01
CLM516722,ENC116722,PT13783,PY03,2025-07-14,2025-07-22,20511.95,5255.01,0.00,3017.47,Partially Paid,Medical Necessity,2025-08-14
CLM516723,ENC116723,PT13985,PY01,2025-07-14,2025-07-21,19189.70,6059.85,886.62,5173.23,Paid,,2025-07-28
CLM516724,ENC116724,PT11208,PY03,2025-07-11,2025-07-13,3713.91,813.98,0.00,813.98,Paid,,2025-08-06
CLM516725,ENC116725,PT12891,PY01,2025-07-13,2025-07-18,14309.11,4619.67,659.34,3960.33,Paid,,2025-07-30
CLM516726,ENC116726,PT11897,PY02,2025-07-11,2025-07-15,509.10,0.00,0.00,0.00,Appealed,Authorization Required,
CLM516727,ENC116727,PT13042,PY04,2025-07-11,2025-07-17,3421.60,1756.99,328.11,1428.88,Paid,,2025-08-04
CLM516728,ENC116728,PT10579,PY04,2025-07-11,2025-07-18,8873.40,5133.18,407.55,4725.63,Paid,,2025-08-11
CLM516729,ENC116729,PT11220,PY05,2025-07-11,2025-07-19,500.57,212.18,34.79,177.39,Paid,,2025-08-17
CLM516731,ENC116731,PT13698,PY02,2025-07-15,2025-07-17,13928.39,4663.26,233.66,4429.60,Paid,,2025-08-03
CLM516732,ENC116732,PT11043,PY04,2025-07-13,2025-07-15,22731.71,11097.25,2030.62,9066.63,Paid,,2025-08-03
CLM516733,ENC116733,PT13889,PY07,2025-07-11,2025-07-13,3428.33,1436.90,1436.90,791.08,Partially Paid,,2025-11-13
CLM516734,ENC116734,PT13386,PY01,2025-07-11,2025-07-14,1213.84,368.25,24.71,343.54,Paid,,2025-07-25
CLM516735,ENC116735,PT13293,PY02,2025-07-15,2025-07-18,35077.26,11141.58,683.81,10457.77,Paid,,2025-08-12
CLM516736,ENC116736,PT10334,PY02,2025-07-13,2025-07-31,20399.89,0.00,0.00,0.00,Denied,Medical Necessity,
CLM516737,ENC116737,PT13401,PY01,2025-07-12,2025-07-14,7024.16,2049.16,262.66,1156.63,Partially Paid,Coding Error,2025-07-26
CLM516738,ENC116738,PT12551,PY01,2025-07-12,2025-07-16,3105.60,998.13,42.07,634.01,Partially Paid,Coding Error,2025-07-28
CLM516739,ENC116739,PT11563,PY04,2025-07-12,2025-07-15,3105.36,1485.45,233.43,1252.02,Paid,,2025-08-11
CLM516740,ENC116740,PT12857,PY04,2025-07-12,2025-07-16,1722.39,928.91,76.94,851.97,Paid,,2025-08-07
CLM516741,ENC116741,PT11165,PY05,2025-07-12,2025-07-18,1520.34,668.12,29.32,638.80,Paid,,2025-08-30
CLM516743,ENC116743,PT12582,PY03,2025-07-12,2025-07-17,1044.50,244.09,0.00,244.09,Paid,,2025-08-31
CLM516744,ENC116744,PT13905,PY03,2025-07-18,2025-07-21,29421.04,7933.37,0.00,4391.22,Partially Paid,Coding Error,2025-09-02
CLM516745,ENC116745,PT13563,PY01,2025-07-15,2025-07-19,53999.01,19273.27,760.66,18512.61,Paid,,2025-08-08
CLM516746,ENC116746,PT12298,PY03,2025-07-14,2025-07-15,16028.11,3562.69,0.00,3562.69,Paid,,2025-09-04
CLM516747,ENC116747,PT10249,PY01,2025-07-15,2025-07-19,18656.52,6264.67,590.44,5674.23,Paid,,2025-08-03
CLM516748,ENC116748,PT10306,PY02,2025-07-12,2025-07-16,1601.11,535.00,8.08,526.92,Paid,,2025-07-29
CLM516749,ENC116749,PT13560,PY02,2025-07-12,2025-07-16,3268.82,1074.51,22.65,1051.86,Paid,,2025-09-08
CLM516750,ENC116750,PT12918,PY01,2025-07-12,2025-07-17,3694.95,1259.99,78.80,1181.19,Paid,,2025-07-30
CLM516751,ENC116751,PT11539,PY03,2025-07-14,2025-07-18,16926.61,4011.74,0.00,4011.74,Paid,,2025-09-06
CLM516752,ENC116752,PT10122,PY03,2025-07-12,2025-07-14,3621.66,868.35,0.00,868.35,Paid,,2025-08-11
CLM516753,ENC116753,PT13507,PY03,2025-07-12,2025-07-18,1264.55,328.14,0.00,328.14,Paid,,2025-09-09
CLM516754,ENC116754,PT10301,PY03,2025-07-17,2025-07-21,27587.81,0.00,0.00,0.00,Denied,Authorization Required,
CLM516755,ENC116755,PT12348,PY01,2025-07-19,2025-07-22,41446.08,0.00,0.00,0.00,Appealed,Authorization Required,
CLM516756,ENC116756,PT12322,PY01,2025-07-13,2025-07-17,3026.08,906.53,45.22,861.31,Paid,,2025-08-05
CLM516757,ENC116757,PT10065,PY01,2025-07-13,2025-07-18,2492.91,782.76,45.12,737.64,Paid,,2025-07-31
CLM516758,ENC116758,PT10328,PY04,2025-07-13,2025-07-21,1258.65,710.16,115.03,364.28,Partially Paid,Medical Necessity,2025-08-22
CLM516759,ENC116759,PT13669,PY02,2025-07-13,2025-07-22,1829.71,0.00,0.00,0.00,Denied,Medical Necessity,
CLM516760,ENC116760,PT10699,PY01,2025-07-15,2025-07-18,12703.34,3856.13,164.90,3691.23,Paid,,2025-08-02
CLM516761,ENC116761,PT11210,PY03,2025-07-18,2025-07-22,16193.63,3601.04,0.00,3601.04,Paid,,2025-09-12
CLM516762,ENC116762,PT13350,PY05,2025-07-13,2025-07-15,1321.33,574.82,89.72,485.10,Paid,,2025-08-02
CLM516763,ENC116763,PT10879,PY01,2025-07-15,2025-07-18,8007.68,2540.03,35.23,2504.80,Paid,,2025-07-30
CLM516764,ENC116764,PT11367,PY04,2025-07-16,2025-07-19,41726.04,23569.96,2549.83,21020.13,Paid,,2025-08-05
CLM516765,ENC116765,PT10485,PY06,2025-07-13,2025-07-15,3606.55,1898.98,198.31,1700.67,Paid,,2025-08-12
CLM516767,ENC116767,PT10690,PY04,2025-07-13,2025-07-14,2059.16,1071.56,123.98,947.58,Paid,,2025-08-01
CLM516768,ENC116768,PT10350,PY06,2025-07-13,2025-07-14,3449.38,1829.11,103.25,1725.86,Paid,,2025-08-04
CLM516769,ENC116769,PT10791,PY06,2025-07-24,2025-07-31,34451.85,18751.20,2333.96,16417.24,Paid,,2025-08-18
CLM516770,ENC116770,PT13531,PY03,2025-07-13,2025-07-22,3166.52,732.06,0.00,732.06,Paid,,2025-08-27
CLM516771,ENC116771,PT13143,PY02,2025-07-13,2025-07-17,989.83,0.00,0.00,0.00,Denied,Medical Necessity,
CLM516772,ENC116772,PT12386,PY03,2025-07-15,2025-07-19,13220.65,3011.59,0.00,3011.59,Paid,,2025-08-26
CLM516774,ENC116774,PT13406,PY06,2025-07-14,2025-07-21,555.93,294.96,43.59,251.37,Paid,,2025-08-19
CLM516775,ENC116775,PT12285,PY05,2025-07-14,2025-07-16,743.52,321.44,4.47,316.97,Paid,,2025-08-10
CLM516776,ENC116776,PT13751,PY02,2025-07-14,2025-07-19,4122.84,1356.58,75.59,1280.99,Paid,,2025-08-21
CLM516777,ENC116777,PT11595,PY03,2025-07-14,2025-07-16,3176.88,747.86,0.00,747.86,Paid,,2025-08-15
CLM516778,ENC116778,PT12486,PY05,2025-07-18,2025-07-21,63013.13,29832.71,3113.62,19744.28,Partially Paid,Medical Necessity,2025-09-10
CLM516780,ENC116780,PT10576,PY06,2025-07-14,2025-07-19,1769.33,978.51,149.99,828.52,Paid,,2025-08-02
CLM516781,ENC116781,PT12682,PY05,2025-07-14,2025-07-20,321.17,163.33,23.32,140.01,Paid,,2025-08-13
CLM516782,ENC116782,PT12558,PY02,2025-07-14,2025-07-18,343.07,108.58,11.20,97.38,Paid,,2025-08-02
CLM516783,ENC116783,PT10763,PY01,2025-07-14,2025-07-18,472.28,0.00,0.00,0.00,Denied,Authorization Required,
CLM516784,ENC116784,PT12389,PY03,2025-07-14,2025-07-18,410.49,0.00,0.00,0.00,Denied,Authorization Required,
CLM516785,ENC116785,PT11305,PY01,2025-07-14,2025-07-26,2328.07,734.80,87.62,647.18,Paid,,2025-08-09
CLM516786,ENC116786,PT11021,PY04,2025-07-18,2025-07-30,65021.08,0.00,0.00,0.00,Denied,Authorization Required,
CLM516787,ENC116787,PT11179,PY07,2025-07-14,2025-07-17,116.47,46.28,46.28,0.00,Pending,,
CLM516788,ENC116788,PT10104,PY03,2025-07-14,2025-07-18,315.63,73.79,0.00,73.79,Paid,,2025-08-22
CLM516789,ENC116789,PT11258,PY03,2025-07-14,2025-07-17,209.04,49.07,0.00,25.38,Partially Paid,Missing Documentation,2025-08-15
CLM516790,ENC116790,PT13728,PY06,2025-07-14,2025-07-18,441.66,232.00,30.86,201.14,Paid,,2025-08-06
CLM516791,ENC116791,PT13626,PY03,2025-07-14,2025-07-27,444.34,110.17,0.00,110.17,Paid,,2025-08-25
CLM516792,ENC116792,PT11738,PY03,2025-07-14,2025-07-17,7149.46,1767.87,0.00,1767.87,Paid,,2025-08-21
CLM516793,ENC116793,PT13577,PY01,2025-07-14,2025-07-19,5527.72,1935.83,261.57,1674.26,Paid,,2025-07-29
CLM516794,ENC116794,PT11465,PY04,2025-07-14,2025-07-19,710.85,366.08,42.53,323.55,Paid,,2025-08-09
CLM516795,ENC116795,PT12832,PY01,2025-07-14,2025-07-21,380.92,115.52,5.71,109.81,Paid,,2025-07-30
CLM516796,ENC116796,PT12630,PY05,2025-07-18,2025-07-28,21802.84,10659.86,908.74,9751.12,Paid,,2025-09-04
CLM516797,ENC116797,PT13378,PY03,2025-07-19,2025-07-23,47098.66,10952.65,0.00,10952.65,Paid,,2025-08-28
CLM516799,ENC116799,PT13357,PY03,2025-07-14,2025-07-16,2216.51,528.00,0.00,528.00,Paid,,2025-08-20
CLM516800,ENC116800,PT10204,PY04,2025-07-14,2025-07-17,1002.18,536.77,49.36,487.41,Paid,,2025-08-14
CLM516801,ENC116801,PT12443,PY03,2025-07-15,2025-07-18,3677.23,0.00,0.00,0.00,Denied,Eligibility / Coverage,
CLM516802,ENC116802,PT12418,PY06,2025-07-15,2025-07-18,3967.54,2240.46,392.27,665.47,Partially Paid,Coding Error,2025-08-14
CLM516803,ENC116803,PT11851,PY01,2025-07-15,2025-07-26,1485.63,0.00,0.00,0.00,Denied,Authorization Required,
CLM516804,ENC116804,PT12506,PY06,2025-07-15,2025-07-19,3034.66,1712.51,168.98,1543.53,Paid,,2025-08-13
CLM516805,ENC116805,PT13306,PY05,2025-07-19,2025-07-24,25163.49,12589.96,692.47,11897.49,Paid,,2025-08-21
CLM516806,ENC116806,PT12424,PY07,2025-07-16,2025-07-24,12327.07,4227.39,4227.39,0.00,Pending,,
CLM516807,ENC116807,PT10925,PY03,2025-07-15,2025-07-17,311.61,76.55,0.00,76.55,Paid,,2025-08-09
CLM516809,ENC116809,PT10774,PY01,2025-07-15,2025-07-21,914.85,279.23,14.83,264.40,Paid,,2025-08-10
CLM516810,ENC116810,PT11337,PY03,2025-07-15,2025-07-21,274.43,62.75,0.00,62.75,Paid,,2025-08-20
CLM516811,ENC116811,PT13527,PY05,2025-07-15,2025-07-18,845.61,422.20,41.38,186.78,Partially Paid,Coding Error,2025-08-14
CLM516812,ENC116812,PT12572,PY02,2025-07-15,2025-07-17,146.49,0.00,0.00,0.00,Denied,Authorization Required,
CLM516813,ENC116813,PT11070,PY04,2025-07-15,2025-07-17,272.63,143.64,22.68,120.96,Paid,,2025-08-02
CLM516814,ENC116814,PT12318,PY01,2025-07-15,2025-07-20,112.26,34.60,2.16,32.44,Paid,,2025-08-04
CLM516815,ENC116815,PT11345,PY04,2025-07-15,2025-07-18,288.95,0.00,0.00,0.00,Denied,Missing Documentation,
CLM516816,ENC116816,PT10938,PY06,2025-07-24,2025-07-27,119155.55,61483.28,5288.28,56195.00,Paid,,2025-08-15
CLM516817,ENC116817,PT10065,PY01,2025-07-15,2025-07-20,419.06,130.98,17.56,113.42,Paid,,2025-08-06
CLM516818,ENC116818,PT13594,PY03,2025-07-15,2025-07-22,394.60,93.23,0.00,93.23,Paid,,2025-09-21
CLM516819,ENC116819,PT13825,PY03,2025-07-15,2025-07-20,616.18,151.93,0.00,151.93,Paid,,2025-08-29
CLM516820,ENC116820,PT10928,PY04,2025-07-27,2025-07-30,109763.59,60534.28,4198.47,27195.88,Partially Paid,Coding Error,2025-09-01
CLM516821,ENC116821,PT12513,PY02,2025-07-15,2025-07-20,474.25,162.34,3.03,159.31,Paid,,2025-09-01
CLM516822,ENC116822,PT12846,PY01,2025-07-17,2025-07-18,8664.54,0.00,0.00,0.00,Denied,Coding Error,
CLM516823,ENC116823,PT13476,PY01,2025-07-15,2025-07-16,1238.57,0.00,0.00,0.00,Appealed,Coding Error,
CLM516824,ENC116824,PT11509,PY01,2025-07-15,2025-07-20,2342.42,736.70,55.81,680.89,Paid,,2025-07-31
CLM516825,ENC116825,PT10214,PY05,2025-07-15,2025-07-17,5755.85,0.00,0.00,0.00,Denied,Authorization Required,
CLM516826,ENC116826,PT11845,PY01,2025-07-17,2025-07-20,28079.86,0.00,0.00,0.00,Appealed,Coding Error,
CLM516827,ENC116827,PT11199,PY06,2025-07-18,2025-07-22,8867.29,5161.82,79.48,5082.34,Paid,,2025-08-08
CLM516828,ENC116828,PT10586,PY01,2025-07-16,2025-07-22,3255.94,1029.03,100.02,929.01,Paid,,2025-08-01
CLM516829,ENC116829,PT10129,PY05,2025-07-16,2025-07-20,3934.59,1932.02,125.05,1806.97,Paid,,2025-08-07
CLM516830,ENC116830,PT11760,PY03,2025-07-16,2025-07-19,2013.95,496.50,0.00,496.50,Paid,,2025-08-16
CLM516831,ENC116831,PT13937,PY06,2025-07-17,2025-07-24,11743.60,0.00,0.00,0.00,Denied,Authorization Required,
CLM516832,ENC116832,PT12586,PY06,2025-07-22,2025-07-29,67847.60,0.00,0.00,0.00,Denied,Authorization Required,
CLM516833,ENC116833,PT10807,PY05,2025-07-20,2025-07-24,68389.52,0.00,0.00,0.00,Appealed,Authorization Required,
CLM516834,ENC116834,PT13916,PY05,2025-07-16,2025-07-25,348.26,160.18,5.73,154.45,Paid,,2025-08-18
CLM516835,ENC116835,PT13695,PY03,2025-07-16,2025-07-21,8425.46,0.00,0.00,0.00,Denied,Medical Necessity,
CLM516836,ENC116836,PT10021,PY06,2025-07-16,2025-07-24,203.41,116.21,19.18,97.03,Paid,,2025-08-13
CLM516837,ENC116837,PT13868,PY01,2025-07-17,2025-07-23,5169.50,1710.04,140.86,1569.18,Paid,,2025-08-07
CLM516838,ENC116838,PT10651,PY03,2025-07-16,2025-07-20,379.06,90.47,0.00,90.47,Paid,,2025-08-28
CLM516839,ENC116839,PT11293,PY03,2025-07-16,2025-07-21,258.03,62.02,0.00,62.02,Paid,,2025-08-13
CLM516840,ENC116840,PT11625,PY03,2025-07-16,2025-07-22,325.95,81.45,0.00,81.45,Paid,,2025-08-20
CLM516841,ENC116841,PT13588,PY03,2025-07-16,2025-07-21,3315.59,791.21,0.00,791.21,Paid,,2025-08-27
CLM516842,ENC116842,PT12325,PY04,2025-07-16,2025-07-28,201.43,103.93,16.99,86.94,Paid,,2025-08-27
CLM516843,ENC116843,PT11470,PY01,2025-07-16,2025-07-20,294.14,94.69,10.38,35.78,Partially Paid,Coding Error,2025-07-29
CLM516845,ENC116845,PT10725,PY03,2025-07-16,2025-07-19,413.11,95.48,0.00,95.48,Paid,,2025-08-04
CLM516846,ENC116846,PT12612,PY05,2025-07-16,2025-07-19,301.15,138.01,14.32,123.69,Paid,,2025-09-04
CLM516847,ENC116847,PT11556,PY04,2025-07-16,2025-07-21,199.04,118.28,10.11,108.17,Paid,,2025-08-05
CLM516848,ENC116848,PT11026,PY01,2025-07-16,2025-07-21,171.39,53.32,5.97,47.35,Paid,,2025-08-08
CLM516849,ENC116849,PT10922,PY06,2025-07-16,2025-07-19,291.36,0.00,0.00,0.00,Denied,Medical Necessity,
CLM516850,ENC116850,PT12932,PY03,2025-07-16,2025-07-21,285.86,0.00,0.00,0.00,Appealed,Coding Error,
CLM516851,ENC116851,PT11488,PY07,2025-07-16,2025-07-18,958.33,451.30,451.30,0.00,Pending,,
CLM516852,ENC116852,PT13636,PY04,2025-07-22,2025-07-30,29040.77,15664.76,877.33,14787.43,Paid,,2025-08-25
CLM516853,ENC116853,PT11822,PY05,2025-07-16,2025-07-18,422.77,190.23,33.94,156.29,Paid,,2025-08-19
CLM516854,ENC116854,PT12032,PY03,2025-07-16,2025-07-19,9126.04,2160.13,0.00,2160.13,Paid,,2025-08-19
CLM516855,ENC116855,PT13703,PY04,2025-07-16,2025-07-18,237.47,134.99,21.04,113.95,Paid,,2025-08-05
CLM516856,ENC116856,PT12781,PY03,2025-07-24,2025-07-26,77953.75,19232.41,0.00,19232.41,Paid,,2025-08-28
CLM516857,ENC116857,PT13079,PY01,2025-07-20,2025-07-25,19816.08,6053.38,599.00,5454.38,Paid,,2025-08-02
CLM516859,ENC116859,PT11128,PY04,2025-07-16,2025-07-19,3003.81,1507.04,233.15,1273.89,Paid,,2025-08-10
CLM516860,ENC116860,PT10907,PY07,2025-07-17,2025-07-24,3667.69,1504.99,1504.99,0.00,Pending,,
CLM516861,ENC116861,PT10864,PY03,2025-07-17,2025-07-29,8318.88,1980.19,0.00,1980.19,Paid,,2025-09-09
CLM516862,ENC116862,PT12328,PY04,2025-07-17,2025-07-19,7587.13,4226.84,401.85,3824.99,Paid,,2025-08-09
CLM516863,ENC116863,PT10556,PY03,2025-07-20,2025-07-28,12716.85,3156.98,0.00,3156.98,Paid,,2025-08-28
CLM516864,ENC116864,PT11529,PY04,2025-07-17,2025-07-21,3855.50,1927.95,127.90,902.36,Partially Paid,Medical Necessity,2025-09-11
CLM516865,ENC116865,PT13193,PY02,2025-07-19,2025-07-28,18289.38,5768.18,449.26,5318.92,Paid,,2025-08-16
CLM516867,ENC116867,PT11084,PY02,2025-07-17,2025-07-22,370.56,122.96,1.14,121.82,Paid,,2025-08-27
CLM516868,ENC116868,PT13359,PY04,2025-07-17,2025-07-22,312.05,181.31,8.28,173.03,Paid,,2025-08-25
CLM516869,ENC116869,PT10969,PY03,2025-07-17,2025-07-21,319.93,79.57,0.00,79.57,Paid,,2025-08-17
CLM516870,ENC116870,PT12433,PY02,2025-07-17,2025-07-26,173.82,50.07,1.82,48.25,Paid,,2025-08-24
CLM516871,ENC116871,PT12761,PY05,2025-07-17,2025-07-20,350.06,161.26,33.63,127.63,Paid,,2025-08-25
CLM516872,ENC116872,PT12193,PY01,2025-07-17,2025-07-22,440.60,0.00,0.00,0.00,Denied,Authorization Required,
CLM516873,ENC116873,PT13005,PY03,2025-07-17,2025-07-19,311.55,70.44,0.00,70.44,Paid,,2025-08-17
CLM516874,ENC116874,PT10482,PY02,2025-07-17,2025-07-26,3240.21,1264.03,59.28,1204.75,Paid,,2025-08-23
CLM516875,ENC116875,PT12074,PY07,2025-07-17,2025-07-21,2716.01,1190.50,1190.50,401.62,Partially Paid,,2025-10-24
CLM516876,ENC116876,PT10514,PY05,2025-07-17,2025-07-21,490.94,256.62,29.99,226.63,Paid,,2025-08-12
CLM516877,ENC116877,PT12282,PY04,2025-07-17,2025-07-21,390.95,205.93,15.41,190.52,Paid,,2025-08-14
CLM516878,ENC116878,PT11647,PY01,2025-07-17,2025-07-19,1318.06,377.18,26.43,350.75,Paid,,2025-07-28
CLM516879,ENC116879,PT13466,PY03,2025-07-17,2025-07-18,361.97,0.00,0.00,0.00,Denied,Missing Documentation,
CLM516881,ENC116881,PT10777,PY01,2025-07-17,2025-07-18,8986.07,2661.81,344.02,2317.79,Paid,,2025-07-26
CLM516882,ENC116882,PT13095,PY05,2025-07-17,2025-07-18,282.48,132.91,16.92,115.99,Paid,,2025-08-06
CLM516883,ENC116883,PT10795,PY05,2025-07-17,2025-07-23,1233.47,596.86,38.08,558.78,Paid,,2025-08-15
CLM516884,ENC116884,PT13581,PY01,2025-07-17,2025-07-22,1507.54,508.62,40.76,467.86,Paid,,2025-08-01
CLM516886,ENC116886,PT12312,PY01,2025-07-17,2025-07-25,219.62,67.26,5.46,61.80,Paid,,2025-08-09
CLM516887,ENC116887,PT13413,PY04,2025-07-17,2025-07-20,3226.51,1725.30,209.28,1516.02,Paid,,2025-08-27
CLM516888,ENC116888,PT12900,PY03,2025-07-18,2025-07-27,1156.82,304.20,0.00,304.20,Paid,,2025-09-16
CLM516889,ENC116889,PT11383,PY05,2025-07-18,2025-07-19,2960.89,1472.13,129.11,1343.02,Paid,,2025-08-25
CLM516890,ENC116890,PT13683,PY05,2025-07-21,2025-07-22,18361.87,8028.28,425.83,7602.45,Paid,,2025-08-25
CLM516891,ENC116891,PT12007,PY02,2025-07-21,2025-07-31,16792.25,5463.89,281.35,5182.54,Paid,,2025-08-22
CLM516892,ENC116892,PT12979,PY03,2025-07-18,2025-07-20,946.17,239.19,0.00,239.19,Paid,,2025-08-17
CLM516893,ENC116893,PT12579,PY02,2025-07-18,2025-07-24,3365.27,0.00,0.00,0.00,Appealed,Eligibility / Coverage,
CLM516894,ENC116894,PT12911,PY01,2025-07-18,2025-07-23,5524.55,1749.36,86.78,1662.58,Paid,,2025-08-01
CLM516895,ENC116895,PT12148,PY01,2025-07-18,2025-07-21,191.21,59.77,5.54,54.23,Paid,,2025-08-01
CLM516896,ENC116896,PT11964,PY02,2025-07-18,2025-07-26,228.95,76.92,4.56,72.36,Paid,,2025-09-05
CLM516897,ENC116897,PT11776,PY01,2025-07-18,2025-07-21,4455.06,1487.08,34.93,1038.99,Partially Paid,Medical Necessity,2025-08-08
CLM516898,ENC116898,PT11265,PY06,2025-07-24,2025-07-25,30722.69,17673.53,1370.73,12380.95,Partially Paid,Missing Documentation,2025-08-12
CLM516899,ENC116899,PT11840,PY02,2025-07-18,2025-07-24,569.81,198.65,5.76,192.89,Paid,,2025-08-23
CLM516900,ENC116900,PT11575,PY03,2025-07-18,2025-07-20,257.34,0.00,0.00,0.00,Denied,Authorization Required,
CLM516901,ENC116901,PT11407,PY05,2025-07-18,2025-07-26,266.01,128.28,13.18,115.10,Paid,,2025-08-20
CLM516902,ENC116902,PT12505,PY04,2025-07-18,2025-07-25,1488.72,710.05,86.21,623.84,Paid,,2025-08-19
CLM516903,ENC116903,PT11482,PY05,2025-07-21,2025-07-26,16120.15,8028.22,1288.87,6739.35,Paid,,2025-08-13
CLM516904,ENC116904,PT13375,PY01,2025-07-18,2025-07-21,679.07,202.91,18.30,136.72,Partially Paid,Medical Necessity,2025-07-31
CLM516905,ENC116905,PT13829,PY02,2025-07-18,2025-07-23,259.08,80.55,4.37,76.18,Paid,,2025-08-25
CLM516906,ENC116906,PT13750,PY04,2025-07-18,2025-07-23,9043.44,4480.73,496.72,3984.01,Paid,,2025-08-30
CLM516907,ENC116907,PT10913,PY01,2025-07-18,2025-07-19,365.87,126.87,18.31,108.56,Paid,,2025-08-01
CLM516908,ENC116908,PT13788,PY02,2025-07-18,2025-07-25,3385.64,0.00,0.00,0.00,Denied,Medical Necessity,
CLM516909,ENC116909,PT10270,PY02,2025-07-18,2025-07-21,189.39,61.30,4.75,56.55,Paid,,2025-08-08
CLM516910,ENC116910,PT12742,PY05,2025-07-18,2025-07-19,387.22,179.01,42.41,136.60,Paid,,2025-08-28
CLM516913,ENC116913,PT13488,PY06,2025-07-18,2025-07-24,4614.15,2630.31,419.98,2210.33,Paid,,2025-08-10
CLM516914,ENC116914,PT11528,PY06,2025-07-18,2025-07-23,2077.08,0.00,0.00,0.00,Denied,Medical Necessity,
CLM516915,ENC116915,PT12379,PY04,2025-07-19,2025-07-21,8486.21,3899.15,344.84,3554.31,Paid,,2025-08-21
CLM516916,ENC116916,PT10219,PY01,2025-07-19,2025-07-22,3294.11,1001.71,0.00,1001.71,Paid,,2025-08-06
CLM516917,ENC116917,PT11564,PY01,2025-07-19,2025-07-21,1545.82,548.42,61.11,487.31,Paid,,2025-08-01
CLM516919,ENC116919,PT12471,PY07,2025-07-22,2025-07-23,13912.82,5744.08,5744.08,2438.03,Partially Paid,,2025-08-29
CLM516920,ENC116920,PT13822,PY01,2025-07-19,2025-07-23,3176.88,941.29,58.48,882.81,Paid,,2025-08-06
CLM516922,ENC116922,PT12334,PY07,2025-07-19,2025-07-29,2228.35,816.38,816.38,0.00,Pending,,
CLM516923,ENC116923,PT10275,PY05,2025-07-19,2025-07-20,1103.55,553.09,48.92,504.17,Paid,,2025-08-16
CLM516924,ENC116924,PT12552,PY06,2025-07-19,2025-07-23,1519.09,794.15,92.65,701.50,Paid,,2025-08-11
CLM516925,ENC116925,PT12707,PY01,2025-07-19,2025-07-22,3115.23,925.30,80.80,844.50,Paid,,2025-08-06
CLM516926,ENC116926,PT13940,PY05,2025-07-19,2025-07-22,4759.45,1867.90,204.76,1663.14,Paid,,2025-08-11
CLM516927,ENC116927,PT12839,PY03,2025-07-23,2025-07-26,18930.36,0.00,0.00,0.00,Appealed,Coding Error,
CLM516930,ENC116930,PT11295,PY04,2025-07-24,2025-07-26,21361.44,10958.35,1032.01,9926.34,Paid,,2025-08-26
CLM516932,ENC116932,PT11884,PY02,2025-07-19,2025-07-25,2655.62,892.01,30.47,861.54,Paid,,2025-08-23
CLM516933,ENC116933,PT10876,PY03,2025-07-19,2025-07-20,4993.64,1317.37,0.00,1317.37,Paid,,2025-08-27
CLM516934,ENC116934,PT12912,PY05,2025-07-22,2025-07-27,59545.38,24409.85,2822.24,21587.61,Paid,,2025-10-10
CLM516935,ENC116935,PT13655,PY03,2025-07-21,2025-07-29,28798.58,8335.28,0.00,3098.98,Partially Paid,Missing Documentation,2025-09-04
CLM516936,ENC116936,PT13518,PY03,2025-07-26,2025-07-31,67127.06,15596.38,0.00,15596.38,Paid,,2025-09-09
CLM516937,ENC116937,PT10653,PY01,2025-07-21,2025-07-31,9261.84,2654.84,58.16,2596.68,Paid,,2025-08-25
CLM516938,ENC116938,PT12035,PY02,2025-07-20,2025-07-21,2408.08,803.44,32.56,770.88,Paid,,2025-08-03
CLM516939,ENC116939,PT13973,PY05,2025-07-20,2025-07-21,4923.77,2332.42,513.54,1818.88,Paid,,2025-08-24
CLM516940,ENC116940,PT10088,PY01,2025-07-26,2025-07-31,97096.76,28115.70,1398.42,26717.28,Paid,,2025-08-11
CLM516941,ENC116941,PT12716,PY07,2025-07-20,2025-07-23,5040.57,2174.06,2174.06,267.81,Partially Paid,,2025-09-05
CLM516942,ENC116942,PT10444,PY01,2025-07-20,2025-07-22,1760.45,502.97,58.53,444.44,Paid,,2025-08-03
CLM516944,ENC116944,PT11829,PY02,2025-07-20,2025-07-28,1273.79,447.98,21.14,426.84,Paid,,2025-08-11
CLM516945,ENC116945,PT11048,PY05,2025-07-20,2025-07-24,1393.85,645.61,81.75,563.86,Paid,,2025-08-21
CLM516946,ENC116946,PT11007,PY04,2025-07-22,2025-07-26,21001.73,10592.21,205.09,10387.12,Paid,,2025-08-18
CLM516947,ENC116947,PT11155,PY05,2025-07-21,2025-07-25,13674.07,7110.63,1167.98,5942.65,Paid,,2025-08-14
CLM516948,ENC116948,PT11458,PY01,2025-07-23,2025-07-26,21167.76,6100.24,362.34,5737.90,Paid,,2025-08-24
CLM516949,ENC116949,PT11110,PY04,2025-07-20,2025-07-25,1950.94,1105.55,94.89,1010.66,Paid,,2025-08-20
CLM516950,ENC116950,PT12177,PY05,2025-07-22,2025-07-25,9928.70,4322.22,840.09,3482.13,Paid,,2025-09-30
CLM516952,ENC116952,PT10720,PY06,2025-07-20,2025-07-23,1394.96,0.00,0.00,0.00,Denied,Eligibility / Coverage,
CLM516953,ENC116953,PT13357,PY03,2025-07-23,2025-07-27,42964.71,9997.64,0.00,9997.64,Paid,,2025-08-09
CLM516954,ENC116954,PT13693,PY01,2025-07-22,2025-07-26,10649.70,3011.90,259.10,2752.80,Paid,,2025-08-16
CLM516955,ENC116955,PT13039,PY07,2025-07-20,2025-07-22,2609.64,1127.14,1127.14,118.69,Partially Paid,,2025-09-26
CLM516956,ENC116956,PT11582,PY02,2025-07-23,2025-07-26,12848.86,3748.96,324.18,3424.78,Paid,,2025-08-26
CLM516957,ENC116957,PT12950,PY01,2025-07-26,2025-07-31,77032.57,22995.82,2160.30,20835.52,Paid,,2025-08-30
CLM516958,ENC116958,PT12219,PY05,2025-07-20,2025-07-22,1981.20,941.72,171.88,769.84,Paid,,2025-08-30
CLM516959,ENC116959,PT10225,PY03,2025-07-21,2025-07-23,2281.57,551.95,0.00,551.95,Paid,,2025-08-20
CLM516960,ENC116960,PT12943,PY06,2025-07-20,2025-07-24,1333.30,739.47,90.05,649.42,Paid,,2025-08-16
CLM516961,ENC116961,PT12784,PY03,2025-07-22,2025-07-26,11211.18,2875.73,0.00,2875.73,Paid,,2025-09-18
CLM516962,ENC116962,PT13055,PY02,2025-07-21,2025-07-26,2468.50,783.26,48.01,735.25,Paid,,2025-08-14
CLM516963,ENC116963,PT13411,PY06,2025-07-22,2025-07-24,48267.92,25681.20,1557.13,24124.07,Paid,,2025-09-06
CLM516965,ENC116965,PT12389,PY03,2025-07-21,2025-07-23,208.50,51.72,0.00,51.72,Paid,,2025-08-12
CLM516966,ENC116966,PT11457,PY07,2025-07-21,2025-07-25,435.62,197.40,197.40,108.66,Partially Paid,,2025-09-06
CLM516967,ENC116967,PT11546,PY02,2025-07-21,2025-07-24,380.71,118.48,2.79,115.69,Paid,,2025-09-01
CLM516968,ENC116968,PT12508,PY04,2025-07-27,2025-07-29,39776.43,22385.95,1177.15,21208.80,Paid,,2025-09-11
CLM516969,ENC116969,PT12737,PY01,2025-07-21,2025-07-23,2102.58,693.52,56.91,636.61,Paid,,2025-08-04
CLM516970,ENC116970,PT11293,PY03,2025-07-23,2025-07-25,16426.30,4155.50,0.00,4155.50,Paid,,2025-08-26
CLM516971,ENC116971,PT10589,PY04,2025-07-21,2025-07-29,5077.84,2654.24,334.34,2319.90,Paid,,2025-08-12
CLM516972,ENC116972,PT12540,PY08,2025-07-21,2025-07-23,694.76,403.85,0.00,403.85,Paid,,2025-08-26
CLM516973,ENC116973,PT11538,PY05,2025-07-21,2025-07-23,8975.35,4193.03,474.02,3719.01,Paid,,2025-08-25
CLM516974,ENC116974,PT12613,PY02,2025-07-21,2025-07-26,2951.84,923.24,52.11,871.13,Paid,,2025-08-09
CLM516975,ENC116975,PT13963,PY06,2025-07-21,2025-07-24,285.42,173.87,5.90,167.97,Paid,,2025-08-23
CLM516977,ENC116977,PT13360,PY04,2025-07-21,2025-07-23,351.62,176.69,21.02,155.67,Paid,,2025-08-12
CLM516978,ENC116978,PT11353,PY06,2025-07-21,2025-07-27,1222.12,746.79,68.69,678.10,Paid,,2025-08-23
CLM516979,ENC116979,PT13900,PY01,2025-07-21,2025-07-31,227.07,65.15,4.71,60.44,Paid,,2025-08-10
CLM516980,ENC116980,PT13679,PY03,2025-07-21,2025-07-23,2758.35,646.57,0.00,646.57,Paid,,2025-09-04
CLM516981,ENC116981,PT10512,PY03,2025-07-21,2025-07-24,6350.38,1588.28,0.00,1588.28,Paid,,2025-09-04
CLM516982,ENC116982,PT13894,PY07,2025-07-21,2025-07-25,2603.44,1100.28,1100.28,403.87,Partially Paid,,2025-09-17
CLM516983,ENC116983,PT10670,PY06,2025-07-21,2025-07-23,1108.36,656.11,52.88,603.23,Paid,,2025-08-11
CLM516984,ENC116984,PT13180,PY03,2025-07-21,2025-07-24,1334.57,327.55,0.00,327.55,Paid,,2025-08-15
CLM516985,ENC116985,PT12366,PY06,2025-07-23,2025-07-26,14677.90,8305.21,547.35,7757.86,Paid,,2025-08-13
CLM516986,ENC116986,PT13091,PY04,2025-07-21,2025-07-26,1007.49,495.27,62.44,432.83,Paid,,2025-08-20
CLM516987,ENC116987,PT12316,PY02,2025-07-21,2025-07-24,1068.77,349.97,15.32,334.65,Paid,,2025-08-13
CLM516988,ENC116988,PT10768,PY05,2025-07-21,2025-07-25,1704.63,793.03,95.00,698.03,Paid,,2025-08-21
CLM516989,ENC116989,PT10543,PY06,2025-07-22,2025-07-27,2712.40,1481.44,223.01,1258.43,Paid,,2025-09-14
CLM516990,ENC116990,PT10953,PY04,2025-07-22,2025-07-25,1487.38,801.96,144.11,657.85,Paid,,2025-08-16
CLM516991,ENC116991,PT11111,PY01,2025-07-22,2025-07-25,1346.50,396.55,32.04,364.51,Paid,,2025-08-11
CLM516992,ENC116992,PT13261,PY02,2025-07-22,2025-07-30,1790.17,614.87,29.08,585.79,Paid,,2025-08-24
CLM516993,ENC116993,PT13507,PY08,2025-07-22,2025-07-26,902.76,563.85,0.00,563.85,Paid,,2025-08-29
CLM516994,ENC116994,PT12798,PY05,2025-07-22,2025-07-25,191.34,94.48,17.45,77.03,Paid,,2025-08-22
CLM516995,ENC116995,PT11380,PY01,2025-07-22,2025-07-25,177.67,55.24,3.12,52.12,Paid,,2025-08-09
CLM516996,ENC116996,PT12857,PY04,2025-07-22,2025-07-26,328.49,164.83,15.09,149.74,Paid,,2025-08-20
CLM516998,ENC116998,PT13756,PY01,2025-07-22,2025-07-27,3024.20,0.00,0.00,0.00,Denied,Authorization Required,
CLM516999,ENC116999,PT12026,PY02,2025-07-22,2025-07-28,3158.08,1090.11,63.61,1026.50,Paid,,2025-08-22
CLM517000,ENC117000,PT10388,PY01,2025-07-22,2025-07-24,536.20,159.75,16.31,143.44,Paid,,2025-08-04
CLM517001,ENC117001,PT13505,PY06,2025-07-22,2025-07-25,478.27,271.68,7.31,264.37,Paid,,2025-08-22
CLM517003,ENC117003,PT13235,PY01,2025-07-22,2025-07-27,4631.07,1384.35,200.84,705.67,Partially Paid,Medical Necessity,2025-08-13
CLM517004,ENC117004,PT12458,PY07,2025-07-22,2025-07-24,1235.86,520.37,520.37,113.37,Partially Paid,,2025-10-20
CLM517005,ENC117005,PT11092,PY04,2025-07-22,2025-07-23,322.97,0.00,0.00,0.00,Appealed,Coding Error,
CLM517006,ENC117006,PT13206,PY03,2025-07-22,2025-07-27,3291.76,0.00,0.00,0.00,Appealed,Authorization Required,
CLM517007,ENC117007,PT12763,PY02,2025-07-22,2025-07-24,206.98,75.02,8.21,66.81,Paid,,2025-09-15
CLM517009,ENC117009,PT13987,PY06,2025-07-22,2025-07-27,206.89,114.18,10.47,103.71,Paid,,2025-08-16
CLM517010,ENC117010,PT11735,PY03,2025-07-22,2025-07-25,423.45,117.40,0.00,117.40,Paid,,2025-09-14
CLM517012,ENC117012,PT10455,PY05,2025-07-23,2025-07-24,7648.76,3727.41,621.84,2299.92,Partially Paid,Missing Documentation,2025-08-22
CLM517013,ENC117013,PT12883,PY06,2025-07-22,2025-07-28,169.87,94.47,5.28,89.19,Paid,,2025-08-28
CLM517014,ENC117014,PT10683,PY06,2025-07-22,2025-07-28,385.00,231.62,15.46,216.16,Paid,,2025-08-16
CLM517015,ENC117015,PT12575,PY03,2025-07-22,2025-07-28,674.69,146.03,0.00,146.03,Paid,,2025-08-22
CLM517016,ENC117016,PT13406,PY06,2025-07-26,2025-07-29,25529.55,13423.59,2648.57,10775.02,Paid,,2025-08-16
CLM517017,ENC117017,PT10465,PY01,2025-07-22,2025-07-26,325.13,99.45,5.88,93.57,Paid,,2025-08-04
CLM517018,ENC117018,PT12570,PY02,2025-07-22,2025-07-26,1575.36,546.25,51.23,495.02,Paid,,2025-08-08
CLM517019,ENC117019,PT13001,PY01,2025-07-22,2025-07-26,3892.52,1174.36,146.83,1027.53,Paid,,2025-08-08
CLM517020,ENC117020,PT10851,PY06,2025-07-22,2025-07-28,3811.05,2338.12,65.43,2272.69,Paid,,2025-08-25
CLM517021,ENC117021,PT10817,PY03,2025-07-22,2025-07-25,3579.08,828.74,0.00,828.74,Paid,,2025-08-15
CLM517022,ENC117022,PT13991,PY02,2025-07-24,2025-07-29,8814.49,0.00,0.00,0.00,Denied,Medical Necessity,
CLM517023,ENC117023,PT10147,PY06,2025-07-25,2025-07-28,14797.67,0.00,0.00,0.00,Appealed,Authorization Required,
CLM517024,ENC117024,PT12387,PY03,2025-07-22,2025-07-29,1313.40,319.94,0.00,319.94,Paid,,2025-08-13
CLM517025,ENC117025,PT10277,PY04,2025-07-22,2025-07-25,5453.49,3110.45,172.67,2937.78,Paid,,2025-08-10
CLM517026,ENC117026,PT13013,PY03,2025-07-22,2025-07-27,5838.63,1439.69,0.00,1439.69,Paid,,2025-08-28
CLM517027,ENC117027,PT11780,PY06,2025-07-24,2025-07-28,19018.18,10305.54,1211.12,9094.42,Paid,,2025-08-15
CLM517028,ENC117028,PT10666,PY03,2025-07-25,2025-07-28,17124.68,3767.49,0.00,3767.49,Paid,,2025-08-23
CLM517029,ENC117029,PT13889,PY07,2025-07-23,2025-07-24,9130.23,3309.59,3309.59,3309.59,Paid,,2025-10-24
CLM517030,ENC117030,PT12306,PY03,2025-07-24,2025-07-26,11770.44,2851.02,0.00,2851.02,Paid,,2025-09-05
CLM517031,ENC117031,PT10857,PY01,2025-07-25,2025-07-28,36323.65,10358.73,384.86,9973.87,Paid,,2025-08-15
CLM517032,ENC117032,PT10243,PY04,2025-07-23,2025-07-24,527.70,285.88,7.47,169.13,Partially Paid,Medical Necessity,2025-08-06
CLM517033,ENC117033,PT13476,PY01,2025-07-23,2025-07-28,346.80,112.30,8.67,103.63,Paid,,2025-08-14
CLM517034,ENC117034,PT13537,PY07,2025-07-23,2025-07-30,272.71,101.81,101.81,0.00,Pending,,
CLM517035,ENC117035,PT11912,PY01,2025-07-23,2025-07-27,4379.19,1318.85,105.50,1213.35,Paid,,2025-08-12
CLM517037,ENC117037,PT12604,PY04,2025-07-23,2025-07-27,431.16,232.72,35.02,134.05,Partially Paid,Coding Error,2025-08-18
CLM517040,ENC117040,PT13267,PY03,2025-07-23,2025-07-27,601.51,148.36,0.00,148.36,Paid,,2025-08-21
CLM517042,ENC117042,PT11199,PY06,2025-07-23,2025-07-25,7085.75,4294.36,450.30,3844.06,Paid,,2025-08-07
CLM517043,ENC117043,PT12602,PY06,2025-07-26,2025-07-30,8030.39,4179.97,244.95,3935.02,Paid,,2025-08-11
CLM517045,ENC117045,PT12410,PY05,2025-07-23,2025-07-25,506.93,261.15,18.78,161.39,Partially Paid,Medical Necessity,2025-08-19
CLM517046,ENC117046,PT13303,PY01,2025-07-23,2025-07-25,3510.04,1078.65,46.62,1032.03,Paid,,2025-08-04
CLM517047,ENC117047,PT13484,PY02,2025-07-23,2025-07-28,324.63,113.68,3.78,109.90,Paid,,2025-08-25
CLM517048,ENC117048,PT12445,PY01,2025-07-23,2025-07-29,330.66,85.60,10.43,75.17,Paid,,2025-08-07
CLM517050,ENC117050,PT11755,PY06,2025-07-23,2025-07-26,1284.89,637.52,58.79,578.73,Paid,,2025-08-12
CLM517051,ENC117051,PT12072,PY01,2025-07-23,2025-07-25,362.33,110.30,7.57,102.73,Paid,,2025-08-18
CLM517052,ENC117052,PT10486,PY02,2025-07-23,2025-07-26,297.52,100.64,7.14,93.50,Paid,,2025-09-14
CLM517053,ENC117053,PT12608,PY06,2025-07-23,2025-07-27,412.64,214.63,3.41,211.22,Paid,,2025-08-27
CLM517054,ENC117054,PT11483,PY04,2025-07-23,2025-07-29,411.49,195.56,24.42,171.14,Paid,,2025-08-14
CLM517055,ENC117055,PT12357,PY06,2025-07-23,2025-07-27,508.54,222.99,32.94,190.05,Paid,,2025-08-16
CLM517056,ENC117056,PT10224,PY04,2025-07-23,2025-07-27,700.42,344.24,45.78,298.46,Paid,,2025-08-15
CLM517057,ENC117057,PT10899,PY01,2025-07-23,2025-07-31,211.50,58.18,6.41,51.77,Paid,,2025-08-10
CLM517058,ENC117058,PT12224,PY05,2025-07-23,2025-07-24,5001.37,2504.43,260.21,2244.22,Paid,,2025-08-16
CLM517059,ENC117059,PT11518,PY04,2025-07-23,2025-07-25,1051.80,519.46,69.62,208.46,Partially Paid,Coding Error,2025-08-10
CLM517060,ENC117060,PT13829,PY02,2025-07-23,2025-07-30,306.80,109.15,6.59,102.56,Paid,,2025-09-09
CLM517063,ENC117063,PT10641,PY05,2025-07-23,2025-07-25,3144.19,0.00,0.00,0.00,Denied,Authorization Required,
CLM517064,ENC117064,PT13704,PY01,2025-07-23,2025-07-26,1484.56,435.30,33.30,402.00,Paid,,2025-08-05
CLM517065,ENC117065,PT11876,PY03,2025-07-24,2025-07-26,4909.10,1106.59,0.00,1106.59,Paid,,2025-08-24
CLM517066,ENC117066,PT11334,PY07,2025-07-23,2025-07-29,1771.34,643.53,643.53,401.22,Partially Paid,,2025-11-27
CLM517071,ENC117071,PT13634,PY03,2025-07-24,2025-07-29,247.58,0.00,0.00,0.00,Denied,Coding Error,
CLM517073,ENC117073,PT10698,PY03,2025-07-28,2025-07-30,16630.33,3950.07,0.00,3950.07,Paid,,2025-10-05
CLM517074,ENC117074,PT11831,PY02,2025-07-24,2025-07-28,466.99,162.50,3.62,158.88,Paid,,2025-08-21
CLM517075,ENC117075,PT12015,PY04,2025-07-24,2025-07-28,413.80,192.02,32.36,159.66,Paid,,2025-09-20
CLM517076,ENC117076,PT13479,PY03,2025-07-24,2025-07-26,405.57,95.25,0.00,95.25,Paid,,2025-09-23
CLM517078,ENC117078,PT12016,PY03,2025-07-24,2025-07-30,5400.43,1452.98,0.00,1452.98,Paid,,2025-09-24
CLM517079,ENC117079,PT13985,PY01,2025-07-24,2025-07-27,214.91,64.08,8.61,55.47,Paid,,2025-08-05
CLM517080,ENC117080,PT11124,PY05,2025-07-24,2025-07-28,120.13,55.27,6.00,49.27,Paid,,2025-08-20
CLM517082,ENC117082,PT11791,PY01,2025-07-24,2025-07-28,168.99,55.98,2.17,53.81,Paid,,2025-08-05
CLM517084,ENC117084,PT10455,PY05,2025-07-24,2025-07-30,397.66,169.91,27.95,141.96,Paid,,2025-09-01
CLM517085,ENC117085,PT12698,PY03,2025-07-24,2025-07-28,328.58,77.47,0.00,77.47,Paid,,2025-08-20
CLM517087,ENC117087,PT10014,PY03,2025-07-24,2025-07-29,414.49,96.56,0.00,96.56,Paid,,2025-08-28
CLM517088,ENC117088,PT13318,PY03,2025-07-24,2025-07-28,5694.75,1261.10,0.00,1261.10,Paid,,2025-08-25
CLM517089,ENC117089,PT13354,PY01,2025-07-24,2025-07-28,3145.73,922.20,121.57,800.63,Paid,,2025-08-13
CLM517090,ENC117090,PT11041,PY02,2025-07-24,2025-07-26,287.04,96.59,6.12,90.47,Paid,,2025-08-25
CLM517092,ENC117092,PT12299,PY02,2025-07-24,2025-07-26,384.48,139.74,5.48,134.26,Paid,,2025-08-17
CLM517093,ENC117093,PT10935,PY07,2025-07-24,2025-07-25,358.63,141.56,141.56,0.00,Pending,,
CLM517094,ENC117094,PT11930,PY01,2025-07-24,2025-07-26,5685.42,1737.27,127.25,1153.48,Partially Paid,Missing Documentation,2025-08-06
CLM517097,ENC117097,PT13454,PY04,2025-07-25,2025-07-27,7737.40,4245.82,553.73,3692.09,Paid,,2025-08-14
CLM517099,ENC117099,PT12010,PY07,2025-07-25,2025-07-30,11394.45,4404.45,4404.45,0.00,Pending,,
CLM517100,ENC117100,PT12256,PY05,2025-07-25,2025-07-26,6436.92,3449.31,185.69,3263.62,Paid,,2025-08-14
CLM517102,ENC117102,PT13134,PY05,2025-07-25,2025-07-27,3234.24,1537.75,94.85,1442.90,Paid,,2025-08-22
CLM517103,ENC117103,PT10398,PY01,2025-07-25,2025-07-29,5424.43,1711.43,124.70,1586.73,Paid,,2025-08-17
CLM517107,ENC117107,PT10539,PY05,2025-07-25,2025-07-27,258.33,132.27,16.37,115.90,Paid,,2025-09-30
CLM517108,ENC117108,PT10517,PY04,2025-07-25,2025-07-29,350.37,179.94,27.50,152.44,Paid,,2025-08-30
CLM517109,ENC117109,PT11070,PY04,2025-07-25,2025-07-31,418.29,218.64,34.39,102.58,Partially Paid,Coding Error,2025-09-28
CLM517110,ENC117110,PT11852,PY01,2025-07-25,2025-07-28,4427.44,0.00,0.00,0.00,Appealed,Authorization Required,
CLM517111,ENC117111,PT13010,PY05,2025-07-25,2025-07-30,311.86,154.46,16.03,138.43,Paid,,2025-09-03
CLM517112,ENC117112,PT11788,PY02,2025-07-26,2025-07-27,6804.63,2067.60,147.92,1919.68,Paid,,2025-08-13
CLM517114,ENC117114,PT13530,PY01,2025-07-25,2025-07-27,5493.46,1694.02,9.42,1684.60,Paid,,2025-08-17
CLM517115,ENC117115,PT10514,PY05,2025-07-26,2025-07-30,8758.69,4657.71,603.95,4053.76,Paid,,2025-08-22
CLM517116,ENC117116,PT11239,PY03,2025-07-25,2025-07-26,227.20,59.58,0.00,59.58,Paid,,2025-08-22
CLM517120,ENC117120,PT13870,PY07,2025-07-25,2025-07-30,327.44,131.87,131.87,67.90,Partially Paid,,2025-09-25
CLM517121,ENC117121,PT12038,PY01,2025-07-25,2025-07-31,1334.53,400.88,43.93,356.95,Paid,,2025-08-09
CLM517122,ENC117122,PT12503,PY04,2025-07-25,2025-07-31,411.62,237.58,29.82,162.32,Partially Paid,Medical Necessity,2025-09-01
CLM517123,ENC117123,PT10471,PY05,2025-07-25,2025-07-30,2413.35,1145.63,165.11,435.05,Partially Paid,Coding Error,2025-09-17
CLM517124,ENC117124,PT12193,PY01,2025-07-28,2025-07-30,15776.59,5191.86,337.57,4854.29,Paid,,2025-08-16
CLM517125,ENC117125,PT10444,PY01,2025-07-25,2025-07-31,239.73,66.77,5.36,61.41,Paid,,2025-08-11
CLM517126,ENC117126,PT11807,PY04,2025-07-25,2025-07-31,467.13,218.84,10.13,208.71,Paid,,2025-09-02
CLM517128,ENC117128,PT12876,PY01,2025-07-25,2025-07-28,3454.27,1025.11,43.42,981.69,Paid,,2025-08-14
CLM517129,ENC117129,PT10953,PY04,2025-07-25,2025-07-29,1318.80,0.00,0.00,0.00,Denied,Authorization Required,
CLM517130,ENC117130,PT12149,PY01,2025-07-25,2025-07-31,1173.55,316.42,43.18,273.24,Paid,,2025-08-12
CLM517131,ENC117131,PT10299,PY06,2025-07-25,2025-07-28,1120.37,668.49,51.91,616.58,Paid,,2025-08-14
CLM517135,ENC117135,PT11903,PY05,2025-07-26,2025-07-28,3457.31,1742.12,60.38,1681.74,Paid,,2025-09-09
CLM517136,ENC117136,PT10626,PY01,2025-07-26,2025-07-29,8875.52,2583.26,291.45,2291.81,Paid,,2025-08-12
CLM517138,ENC117138,PT11558,PY04,2025-07-26,2025-07-28,615.12,294.35,26.64,267.71,Paid,,2025-08-19
CLM517139,ENC117139,PT10087,PY05,2025-07-26,2025-07-31,852.67,0.00,0.00,0.00,Appealed,Missing Documentation,
CLM517140,ENC117140,PT13653,PY04,2025-07-26,2025-07-27,2834.87,1354.22,136.89,1217.33,Paid,,2025-08-13
CLM517141,ENC117141,PT10738,PY03,2025-07-27,2025-07-30,6006.72,0.00,0.00,0.00,Denied,Authorization Required,
CLM517142,ENC117142,PT10460,PY04,2025-07-26,2025-07-28,3391.43,1750.07,161.20,1588.87,Paid,,2025-08-28
CLM517146,ENC117146,PT10539,PY05,2025-07-28,2025-07-29,19682.86,8721.33,716.75,4510.57,Partially Paid,Medical Necessity,2025-09-09
CLM517152,ENC117152,PT10191,PY01,2025-07-27,2025-07-31,1777.86,539.93,15.78,524.15,Paid,,2025-08-12
CLM517153,ENC117153,PT10421,PY05,2025-07-27,2025-07-31,3722.47,1927.34,330.74,1596.60,Paid,,2025-09-02
CLM517158,ENC117158,PT12018,PY03,2025-07-27,2025-07-30,1802.66,410.22,0.00,279.21,Partially Paid,Coding Error,2025-09-19
CLM517172,ENC117172,PT12384,PY04,2025-07-28,2025-07-30,1225.71,618.16,69.27,319.93,Partially Paid,Coding Error,2025-09-01
CLM517175,ENC117175,PT12212,PY03,2025-07-28,2025-07-31,3741.64,866.47,0.00,866.47,Paid,,2025-08-22
CLM517178,ENC117178,PT11239,PY03,2025-07-28,2025-07-30,277.85,0.00,0.00,0.00,Denied,Authorization Required,
CLM517183,ENC117183,PT11518,PY04,2025-07-28,2025-07-30,12744.16,7072.86,1089.44,5983.42,Paid,,2025-08-12
CLM517187,ENC117187,PT13889,PY07,2025-07-28,2025-07-31,1163.32,482.40,482.40,0.00,Pending,,
CLM517195,ENC117195,PT13761,PY01,2025-07-29,2025-07-30,3446.79,1078.56,47.58,1030.98,Paid,,2025-08-16
CLM517200,ENC117200,PT10196,PY02,2025-07-29,2025-07-31,843.20,237.19,9.81,227.38,Paid,,2025-08-17
CLM517202,ENC117202,PT11321,PY03,2025-07-29,2025-07-31,11643.50,3075.91,0.00,3075.91,Paid,,2025-09-04
CLM517220,ENC117220,PT11217,PY05,2025-07-29,2025-07-30,234.07,129.32,23.23,106.09,Paid,,2025-08-15
CLM517225,ENC117225,PT10672,PY08,2025-07-29,2025-07-31,1880.61,1265.42,0.00,1265.42,Paid,,2025-09-30
CLM517233,ENC117233,PT13366,PY03,2025-07-29,2025-07-30,2837.58,754.60,0.00,754.60,Paid,,2025-09-23
CLM517252,ENC117252,PT13530,PY01,2025-07-30,2025-07-31,279.24,97.49,12.85,84.64,Paid,,2025-08-14
