RecordID,PatientID
R1001,PT11536
R1002,PT13638
R1003,PT10300
R1004,PT11482
R1005,PT13759
R1006,PT11420
R1007,PT12225
R1008,PT13880
R1009,PT13143
R1010,PT13905
R1011,PT13288
R1012,PT13843
R1013,PT12982
R1014,PT11066
R1015,PT10202
R1016,PT13595
R1017,PT10032
R1018,PT11799
R1019,PT10420
R1020,PT10908
R1021,PT10806
R1022,PT13932
R1023,PT12710
R1024,PT11595
R1025,PT12988
R1026,PT10203
R1027,PT11971
R1028,PT13491
R1029,PT10190
R1030,PT12923
R1031,PT12552
R1032,PT11992
R1033,PT12155
R1034,PT11454
R1035,PT11615
R1036,PT13666
R1037,PT13743
R1038,PT10505
R1039,PT11913
R1040,PT13430
R1041,PT10388
R1042,PT10968
R1043,PT10938
R1044,PT12736
R1045,PT13223
R1046,PT10796
R1047,PT13119
R1048,PT10214
R1049,PT12576
R1050,PT13091
R1051,PT12640
R1052,PT12738
R1053,PT12738
R1054,PT13599
R1055,PT13267
R1056,PT13326
R1057,PT11332
R1058,PT10808
R1059,PT11980
R1060,PT12713
R1061,PT12821
R1062,PT13465
R1063,PT10641
R1064,PT13733
R1065,PT11242
R1066,PT10597
R1067,PT13205
R1068,PT13881
R1069,PT10091
R1070,PT13705
R1071,PT10758
R1072,PT13807
R1073,PT10329
R1074,PT13211
R1075,PT13372
R1076,PT11220
R1077,PT10745
R1078,PT11905
R1079,PT13449
R1080,PT13363
R1081,PT11416
R1082,PT13209
R1083,PT12437
R1084,PT11933
R1085,PT12523
R1086,PT13809
R1087,PT11184
R1088,PT13283
R1089,PT10979
R1090,PT13927
R1091,PT11441
R1092,PT12355
R1093,PT11112
R1094,PT12757
R1095,PT13265
R1096,PT11074
R1097,PT11386
R1098,PT13685
R1099,PT11102
R1100,PT10331
R1101,PT12078
R1102,PT11544
R1103,PT10568
R1104,PT12036
R1105,PT12085
R1106,PT11664
R1107,PT13807
R1108,PT11110
R1109,PT12840
R1110,PT11350
R1111,PT10726
R1112,PT12279
R1113,PT10909
R1114,PT12394
R1115,PT11222
R1116,PT12514
R1117,PT10395
R1118,PT10436
R1119,PT10637
R1120,PT13750
R1121,PT10501
R1122,PT12732
R1123,PT13008
R1124,PT12172
R1125,PT10675
R1126,PT12502
R1127,PT12335
R1128,PT10944
R1129,PT13618
R1130,PT12323
R1131,PT10725
R1132,PT11791
R1133,PT13396
R1134,PT13919
R1135,PT12649
R1136,PT10239
R1137,PT11747
R1138,PT10444
R1139,PT12359
R1140,PT12504
R1141,PT13334
R1142,PT11931
R1143,PT11729
R1144,PT12353
R1145,PT12705
R1146,PT12577
R1147,PT13943
R1148,PT10340
R1149,PT11421
R1150,PT12386
R1151,PT12902
R1152,PT12482
R1153,PT12508
R1154,PT13662
R1155,PT12403
R1156,PT11800
R1157,PT12874
R1158,PT13522
R1159,PT13065
R1160,PT12365
R1161,PT10173
R1162,PT10060
R1163,PT13116
R1164,PT12891
R1165,PT10073
R1166,PT12882
R1167,PT10283
R1168,PT12371
R1169,PT12645
R1170,PT10977
R1171,PT12218
R1172,PT10571
R1173,PT10648
R1174,PT11248
R1175,PT11447
R1176,PT12737
R1177,PT10017
R1178,PT12584
R1179,PT12699
R1180,PT13890
R1181,PT13909
R1182,PT13006
R1183,PT13085
R1184,PT13560
R1185,PT10055
R1186,PT11933
R1187,PT12992
R1188,PT12892
R1189,PT13974
R1190,PT10569
R1191,PT10246
R1192,PT12681
R1193,PT13990
R1194,PT13430
R1195,PT12972
R1196,PT11489
R1197,PT13116
R1198,PT13843
R1199,PT10762
R1200,PT12669
R1201,PT10688
R1202,PT11918
R1203,PT12458
R1204,PT11508
R1205,PT10156
R1206,PT12435
R1207,PT13267
R1208,PT12593
R1209,PT11438
R1210,PT10816
R1211,PT11573
R1212,PT12660
R1213,PT12896
R1214,PT13061
R1215,PT11424
R1216,PT10306
R1217,PT11230
R1218,PT11208
R1219,PT11845
R1220,PT13306
R1221,PT13188
R1222,PT10340
R1223,PT12566
R1224,PT13856
R1225,PT12236
R1226,PT12263
R1227,PT12908
R1228,PT12278
R1229,PT11177
R1230,PT10937
R1231,PT10233
R1232,PT12731
R1233,PT13893
R1234,PT11594
R1235,PT10336
R1236,PT12396
R1237,PT10724
R1238,PT13762
R1239,PT12938
R1240,PT10404
R1241,PT10764
R1242,PT10477
R1243,PT12236
R1244,PT10777
R1245,PT13648
R1246,PT11829
R1247,PT11673
R1248,PT12655
R1249,PT11362
R1250,PT12523
R1251,PT11234
R1252,PT12620
R1253,PT12861
R1254,PT13733
R1255,PT12576
R1256,PT13376
R1257,PT12404
R1258,PT12974
R1259,PT10355
R1260,PT12375
R1261,PT12321
R1262,PT11518
R1263,PT13626
R1264,PT12070
R1265,PT11855
R1266,PT11913
R1267,PT10109
R1268,PT10139
R1269,PT12809
R1270,PT11313
R1271,PT13759
R1272,PT12862
R1273,PT12066
R1274,PT10200
R1275,PT10357
R1276,PT12715
R1277,PT13776
R1278,PT10641
R1279,PT11131
R1280,PT10290
R1281,PT13568
R1282,PT13289
R1283,PT10907
R1284,PT11050
R1285,PT12250
R1286,PT10416
R1287,PT11737
R1288,PT13490
R1289,PT13159
R1290,PT10026
R1291,PT13762
R1292,PT12149
R1293,PT12732
R1294,PT13151
R1295,PT11395
R1296,PT13283
R1297,PT10643
R1298,PT10355
R1299,PT10427
R1300,PT13756
R1301,PT12363
R1302,PT11120
R1303,PT11219
R1304,PT10685
R1305,PT13060
R1306,PT11961
R1307,PT13780
R1308,PT13342
R1309,PT10020
R1310,PT13596
R1311,PT13761
R1312,PT11825
R1313,PT11326
R1314,PT11534
R1315,PT10674
R1316,PT11959
R1317,PT13188
R1318,PT13895
R1319,PT12992
R1320,PT13641
R1321,PT13833
R1322,PT11551
R1323,PT11843
R1324,PT11182
R1325,PT10808
R1326,PT11317
R1327,PT11859
R1328,PT13068
R1329,PT12771
R1330,PT12735
R1331,PT11538
R1332,PT10183
R1333,PT13208
R1334,PT11208
R1335,PT12414
R1336,PT11385
R1337,PT13624
R1338,PT12207
R1339,PT13748
R1340,PT13739
R1341,PT13765
R1342,PT13318
R1343,PT11792
R1344,PT11164
R1345,PT11344
R1346,PT12115
R1347,PT12574
R1348,PT11944
R1349,PT10568
R1350,PT13470
R1351,PT10912
R1352,PT13501
R1353,PT11693
R1354,PT12758
R1355,PT12895
R1356,PT13600
R1357,PT11821
R1358,PT11970
R1359,PT13895
R1360,PT12839
R1361,PT11603
R1362,PT12782
R1363,PT12483
R1364,PT11473
R1365,PT13125
R1366,PT10498
R1367,PT12574
R1368,PT12001
R1369,PT11164
R1370,PT12612
R1371,PT12919
R1372,PT12882
R1373,PT12103
R1374,PT12773
R1375,PT13582
R1376,PT10777
R1377,PT10836
R1378,PT10890
R1379,PT12267
R1380,PT13566
R1381,PT13794
R1382,PT13327
R1383,PT11211
R1384,PT13147
R1385,PT12945
R1386,PT13731
R1387,PT10037
R1388,PT11049
R1389,PT10900
R1390,PT10354
R1391,PT13811
R1392,PT12049
R1393,PT12751
R1394,PT12126
R1395,PT13671
R1396,PT11842
R1397,PT10015
R1398,PT11599
R1399,PT12839
R1400,PT12635
R1401,PT12630
R1402,PT12947
R1403,PT12903
R1404,PT10209
R1405,PT11467
R1406,PT10755
R1407,PT13461
R1408,PT12644
R1409,PT10032
R1410,PT12971
R1411,PT12162
R1412,PT11240
R1413,PT13527
R1414,PT10885
R1415,PT12948
R1416,PT12874
R1417,PT13613
R1418,PT12835
R1419,PT11995
R1420,PT11282
R1421,PT11877
R1422,PT10982
R1423,PT12246
R1424,PT13770
R1425,PT13020
R1426,PT10464
R1427,PT13162
R1428,PT10655
R1429,PT11189
R1430,PT11202
R1431,PT12852
R1432,PT11112
R1433,PT11740
R1434,PT13221
R1435,PT11270
R1436,PT13705
R1437,PT13618
R1438,PT13390
R1439,PT10651
R1440,PT10300
R1441,PT11215
R1442,PT10978
R1443,PT13916
R1444,PT12031
R1445,PT12851
R1446,PT11707
R1447,PT10091
R1448,PT10677
R1449,PT12645
R1450,PT12958
R1451,PT11747
R1452,PT12757
R1453,PT13289
R1454,PT10609
R1455,PT11191
R1456,PT12156
R1457,PT10336
R1458,PT10874
R1459,PT13435
R1460,PT13061
R1461,PT12412
R1462,PT12638
R1463,PT10233
R1464,PT13297
R1465,PT10851
R1466,PT11471
R1467,PT13809
R1468,PT12059
R1469,PT13872
R1470,PT10786
R1471,PT13091
R1472,PT13248
R1473,PT10507
R1474,PT11856
R1475,PT11912
R1476,PT11537
R1477,PT13761
R1478,PT12934
R1479,PT13354
R1480,PT13862
R1481,PT13041
R1482,PT12162
R1483,PT13071
R1484,PT11229
R1485,PT12718
R1486,PT11128
R1487,PT12561
R1488,PT11611
R1489,PT10023
R1490,PT12464
R1491,PT13251
R1492,PT11398
R1493,PT11836
R1494,PT12696
R1495,PT13400
R1496,PT13522
R1497,PT11551
R1498,PT12417
R1499,PT12526
R1500,PT12353
R1501,PT13108
R1502,PT13791
R1503,PT10171
R1504,PT13299
R1505,PT10738
R1506,PT13654
R1507,PT10973
R1508,PT12550
R1509,PT11615
R1510,PT12589
R1511,PT10859
R1512,PT12231
R1513,PT12169
R1514,PT13306
R1515,PT13811
R1516,PT12603
R1517,PT10808
R1518,PT10110
R1519,PT11945
R1520,PT11819
R1521,PT11104
R1522,PT11322
R1523,PT12155
R1524,PT13966
R1525,PT12985
R1526,PT13713
R1527,PT11412
R1528,PT13448
R1529,PT12962
R1530,PT12799
R1531,PT12033
R1532,PT13931
R1533,PT12837
R1534,PT12604
R1535,PT10471
R1536,PT10967
R1537,PT12535
R1538,PT10668
R1539,PT12774
R1540,PT11242
R1541,PT11220
R1542,PT11992
R1543,PT12233
R1544,PT11526
R1545,PT10333
R1546,PT13626
R1547,PT12958
R1548,PT13518
R1549,PT13560
R1550,PT11130
R1551,PT13757
R1552,PT12934
R1553,PT10134
R1554,PT10640
R1555,PT11086
R1556,PT12736
R1557,PT11968
R1558,PT13060
R1559,PT13203
R1560,PT13221
R1561,PT12501
R1562,PT12758
R1563,PT10148
R1564,PT10128
R1565,PT11339
R1566,PT11826
R1567,PT13830
R1568,PT10632
R1569,PT11760
R1570,PT11629
R1571,PT11218
R1572,PT10605
R1573,PT10561
R1574,PT13518
R1575,PT13953
R1576,PT12801
R1577,PT13028
R1578,PT11896
R1579,PT10151
R1580,PT11284
R1581,PT10651
R1582,PT13610
R1583,PT13452
R1584,PT10436
R1585,PT12335
R1586,PT13470
R1587,PT10655
R1588,PT10749
R1589,PT13089
R1590,PT12136
R1591,PT12021
R1592,PT12718
R1593,PT10389
R1594,PT10688
R1595,PT12305
R1596,PT10987
R1597,PT13188
R1598,PT12848
R1599,PT10597
R1600,PT13960
R1601,PT10140
R1602,PT13376
R1603,PT12279
R1604,PT12647
R1605,PT13614
R1606,PT13688
R1607,PT10269
R1608,PT10797
R1609,PT11274
R1610,PT12549
R1611,PT12397
R1612,PT13266
R1613,PT11725
R1614,PT11211
R1615,PT10099
R1616,PT13699
R1617,PT12903
R1618,PT13872
R1619,PT12109
R1620,PT11467
R1621,PT12900
R1622,PT11718
R1623,PT13609
R1624,PT13921
R1625,PT12396
R1626,PT13021
R1627,PT10024
R1628,PT13317
R1629,PT10994
R1630,PT12542
R1631,PT11726
R1632,PT13625
R1633,PT10354
R1634,PT10826
R1635,PT10675
R1636,PT12606
R1637,PT10351
R1638,PT12093
R1639,PT13340
R1640,PT11603
R1641,PT10308
R1642,PT10067
R1643,PT10304
R1644,PT10704
R1645,PT13756
R1646,PT11044
R1647,PT13750
R1648,PT10353
R1649,PT11326
R1650,PT11299
