RecordID,PatientName,DOB,Sex,Phone,Email,CityStateZip,Insurance,MRN,RegisteredOn
R1001,"Haddad, Jonathan",2002-03-31,M,555.468.7891,jonathan.haddad30@example.com,Bluestone OH 45501,Medicaid,04979796,2015-11-06 18:33:00
R1002,"Powell, Wei",03-Apr-1957,M,(555) 476-7432,,"CEDAR RIDGE, OH 45720",Medicare ,01261473,2023-05-03 16:02:00
R1003,"Campbell, Virginia",08/06/1989,Female,(555) 455-0735,virginia.campbell86@example.com,"Riverbend, OH 45545",Summit Choice,09849286,2008-02-22 14:10:00
R1004,"MURRAY, MARGARET",28-Dec-1993,F,(555) 841-8432,,"Bluestone, OH 45501",evergreen mutual insurance,MRN-05927600,05/30/2022 05:42 PM
R1005,"ELLIS, JOSEPH",1960-07-05,M,(555) 914-3619,,"LAKEVIEW HEIGHTS, OH 45510",Medicare,07075701,01/16/2024 06:58 PM
R1006,"BOYD, DOUGLAS",02/18/1928,Male,555-722-8468,,Granite Springs OH 45750,Silverline Medicare Advantage,09093811,01/05/2025 04:03 PM
R1007,"perry, janet",05/18/1950,F,555-261-7228,none,"Granite Springs, OH 45750",Silverline Medicare Advantage,05265401,09/21/2022 07:12 AM
R1008,"Hunter, Austin",09/16/1957,MALE,(555) 570-6678,austin.hunter80@example.com,"BLUESTONE, OH 45502",SILVERLINE MEDICARE ADV.,04897542,2018-03-02 10:39:00
R1009,"  Alexander ,  Gary ",11/25/1948,MALE,555-509-5785,,"Bluestone, OH 45501",Silverline Medicare Advantage ,05801986,05/18/2013 12:46 PM
R1010,"  Watson ,  Amy ",12/25/1980, F,(555) 815-2249,,"Bluestone, OH 45501-8106",STATE MEDICAID,1955231,08/04/2018 10:40 AM
R1011,"  Ferguson ,  Carolyn ",14-Jan-2019, F,,N/A,Oak Glen OH 45730,KEYSTONE HEALTH PARTNERS,MRN-06388981,11/03/2020 05:27 PM
R1012,"Gomez, Walter",12/16/1958,M ,(555) 402-9498,none,"ASHBY FALLS, OH 45610",Silverline MA,07279550,2015-10-23 18:30:00
R1013,"Diaz, Angela",05/25/1951,FEMALE,555-751-0512,angela.diaz23@example.com,"Millbrook, OH 45530",SILVERLINE MEDICARE ADV.,01452965,2019-03-19 09:47:00
R1014,"O'Brien, Virginia",1940-10-20,f,(555) 972-5277,virginia.obrien12@example.com,"Bluestone, OH 45501-2106",Medicare,02003462,2023-02-28 11:19:00
R1015,"Stone, Frank",11/10/1960,M,(555) 392-9849,frank.stone92@example.com,"Fairhaven, OH 45620",Medicare Part A,488484,2019-08-28 16:52:00
R1016,"Ryan, Theresa",06/15/1967,F,,THERESA.RYAN88@EXAMPLE.COM,"ASHBY FALLS, OH 45610",KEYSTONE HEALTH PARTNERS,5293385,2017-09-20 09:54:00
R1017,Amber White,1996-06-24,FEMALE,(555) 556-3833,amber.white81@example.com,Cedar Ridge OH 45720,Medicaid,03929231,2024-07-10 16:38:00
R1018,Janet Carter,06/22/2023,Female,555-742-3815,N/A,"ASHBY FALLS, OH 45610",medicaid,08514640,06/09/2024 11:20 AM
R1019,"OSEI, ROY",3/22/1961,M ,+1 555 597 3811,roy.osei61@example.com,"BLUESTONE, OH 45503",EVERGREEN MUTUAL INS,04811155,2009-01-12 13:09:00
R1020,"jimenez, bobby",1988-10-28,M,555.252.4718,,"Millbrook, OH 45530-1433",Summit Choice,5841378,08/07/2020 12:17 PM
R1021,"O'Brien, Madison",2014-06-11,Female,(555) 285-4455,,"Bluestone, OH 45502",Medicaid,8523812,03/28/2023 09:50 AM
R1022,"Ray, Michael",10-Oct-2011,M ,(555) 856-4092,none,"Cedar Ridge, OH 45720",Medicaid,09317927,09/28/2015 08:50 AM
R1023,"Robinson, Angela",12-Jan-2018,F,555-580-6711,none,Bluestone OH 45502,STATE MEDICAID,00757638,2022-05-01 12:49:00
R1024,"Vargas, Betty",03/24/1996, F,5553869767,none,"BLUESTONE, OH 45503",STATE MEDICAID,09463107,2020-05-07 14:43:00
R1025,"Harris, Doris",1976-12-28,F,555.521.8783,doris.harris90@example.com,"Bluestone, OH 45503",self-pay,06545996,07/02/2020 11:15 AM
R1026,"SPENCER, GERALD",06/30/1981,m,(555) 805-6914,gerald.spencer79@example.com,"Ashby Falls, OH 45610-7699",KEYSTONE HEALTH PARTNERS,02651075,03/24/2009 04:56 PM
R1027,Paul Simmons,01/05/1984,M,(555) 611-9026,PAUL.SIMMONS91@EXAMPLE.COM,"LAKEVIEW HEIGHTS, OH 45510",Keystone Health Partners,08817764,01/16/2018 05:15 PM
R1028,"SOTO, DORIS",05/07/1975,f,555-686-8252,doris.soto85@example.com,"Ashby Falls, OH 45610",EVERGREEN MUTUAL INS,03295027,2024-01-22 07:05:00
R1029,Wei Burns,01.11.2003,M,(555) 817-3440,wei.burns45@example.com,"Granite Springs, OH 45750",Keystone Health Partners,07405722,10/02/2012 01:48 PM
R1030,"SANTOS, CARLOS",22-Dec-1952,M,5552389242, carlos.santos91@example.com ,"Bluestone, OH 45502",Silverline Medicare Advantage,01786386,2021-10-28 10:01:00
R1031,"  Ellis ,  Jean ",1970-09-14,F,(555) 401-2840,,"Bluestone, OH 45502",Summit PPO,04736523,2017-10-03 17:58:00
R1032,"Freeman, Matthew",11.06.1975,MALE,555-733-5390,,"Ashby Falls, OH 45610",Self Pay,1143993,2013-02-15 10:17:00
R1033,"  Baker ,  Ava ",06/12/2025,Female,,,"Pine Hollow, OH 45640",self-pay,09501885,03/15/2024 03:24 PM
R1034,"meyer, nancy",1931-11-19, F,555-971-3628,nancy.meyer26@example.com,"Bluestone, OH 45503",Silverline MA,06141853,05/01/2017 03:37 PM
R1035,"GARZA, DONNA",04/11/2020,f,(555) 233-5856,none,"Cedar Ridge, OH 45720",Summit Choice PPO,07765833,06/27/2023 09:25 AM
R1036,"Abdi, Gregory",8/1/1945,M,555.221.2464,,"Lakeview Heights, OH 45510",MEDICARE,08665573,2019-12-05 15:17:00
R1037,"Cooper, Nancy",12-Jun-1948,Female,555.847.4160,,"Bluestone, OH 45501",Silverline MA,01374637,2008-11-15 15:26:00
R1038,"Weaver, Justin",12-Jun-1990,M,(555) 328-2250,justin.weaver6@example.com,"Bluestone, OH 45503-2144",State Medicaid,06122876,2013-08-30 10:22:00
R1039,"GARCIA, PAMELA",1962-02-11,F,555-239-0126, pamela.garcia63@example.com ,"Bluestone, OH 45501-5610",EVERGREEN MUTUAL INS,5952813,2018-02-20 07:23:00
R1040,"Stone, Charles",1990-07-13,MALE,(555) 213-9817,charles.stone42@example.com,"Bluestone, OH 45501",Self Pay,MRN-01745769,2014-03-24 09:40:00
R1041,"Riley, Liam",04/01/1939,m,555.492.4370,liam.riley52@example.com,"Bluestone, OH 45503-4898",Medicare Part A,08002972,05/15/2014 01:30 PM
R1042,"Novak, Patricia",27-Jun-1948,FEMALE,+1 555 871 2848,patricia.novak58@example.com,"Cedar Ridge, OH 45720",Medicare,07427300,2008-09-22 18:43:00
R1043,"Perkins, Mark",30-Dec-1972,M,5558130981,mark.perkins62@example.com,"Bluestone, OH 45502",Summit Choice,03402940,2022-05-21 18:03:00
R1044,"Dixon, Lawrence",02-Oct-1993,Male,555.391.8264,lawrence.dixon73@example.com,"Granite Springs, OH 45750",Keystone Health Ptnrs,9408089,2023-11-30 17:50:00
R1045,"okafor, russell",1992-07-02,M,5552731535,none,"Bluestone, OH 45501",SUMMIT CHOICE PPO,MRN-06475252,2012-10-26 16:04:00
R1046,"BAKER, ROY",10/27/1958,MALE,5558068961,roy.baker25@example.com,"ASHBY FALLS, OH 45610",MEDICARE,08248013,07/15/2020 03:48 PM
R1047,"Dixon, Melissa",05.06.2008,f,(555) 404-6914,melissa.dixon81@example.com,"Lakeview Heights, OH 45510-8399",medicaid,09909221,10/07/2023 05:43 PM
R1048,"vasquez, michael",1990-10-17,Male,555-523-7427, michael.vasquez38@example.com ,"BLUESTONE, OH 45501",Evergreen Mutual,08629648,2020-12-21 13:34:00
R1049,"FISHER, ELIJAH",06-Jan-1942,Male,555-828-3122,elijah.fisher88@example.com,"Bluestone, OH 45503",MEDICARE,07818829,2024-01-26 08:11:00
R1050,"Marshall, Mei",08/11/1967,Female,(555) 640-9696, mei.marshall27@example.com ,"FAIRHAVEN, OH 45620",KEYSTONE HEALTH PARTNERS,MRN-03478502,02/29/2020 02:47 PM
R1051,"GARCIA, SHARON",02/23/2014, F,,,"Bluestone, OH 45501-3837",Uninsured,03094497,2023-01-19 09:31:00
R1052,Mason Riley,1967-05-29,M,555.541.3702,mason.riley93@example.com,"Bluestone, OH 45502",Medicare ,05429806,04/29/2008 04:51 PM
R1053,Mason Riley,1967-05-29,M,555.541.3702,mason.riley93@example.com,"Bluestone, OH 45502",Medicare ,05429806,04/29/2008 04:51 PM
R1054,"Ramos, Christina",01/23/1953, F,,christina.ramos36@example.com,Bluestone OH 45502,Medicare ,08517291,2022-11-04 12:56:00
R1055,"Bailey, Zachary",11/09/1994,m,555-527-1948,none,"Ashby Falls, OH 45610",Medicaid,09148220,2015-10-18 16:47:00
R1056,"Webb, Emma",1977-10-08,Female,555-540-8001,emma.webb89@example.com,Bluestone OH 45501,Keystone,05757055,2014-06-02 16:26:00
R1057,James West,1976-04-26,M,5557688951,,"Bluestone, OH 45501",Keystone,253537,2024-01-22 17:36:00
R1058,"Kim, Ethan",23-May-1931,m,5559648131,ethan.kim24@example.com,"Ashby Falls, OH 45610-1593",MEDICARE,02110671,2022-10-29 10:04:00
R1059,"SIMPSON, BRENDA",29-Nov-1931,F,555-705-1228, brenda.simpson97@example.com ,"Riverbend, OH 45545",Silverline Medicare Advantage ,9464644,02/27/2022 04:18 PM
R1060,"  Nguyen ,  Joyce ",12.17.1969,f,(555) 678-2970,joyce.nguyen64@example.com,"Bluestone, OH 45503",Keystone Health Ptnrs,MRN-01093076,12/18/2021 06:27 PM
R1061,"graham, madison",1956-04-05,FEMALE,555-354-1445, madison.graham17@example.com ,Pine Hollow OH 45640,Silverline Medicare Advantage,01942895,03/22/2023 10:18 AM
R1062,"Yilmaz, Russell",3/7/1944,m,(555) 410-3531,russell.yilmaz74@example.com,"Bluestone, OH 45501",Medicare,MRN-05528633,2009-02-25 11:05:00
R1063,"MITCHELL, AUSTIN",1984-09-27,m,(555) 224-4330,,"Bluestone, OH 45503-3104",Evergreen Mutual,03225016,08/16/2023 07:15 AM
R1064,"Woods, Rebecca",02/16/2013, F,555-237-5511,N/A,Fairhaven OH 45620,SUMMIT CHOICE PPO,3823788,04/12/2022 08:21 AM
R1065,"Vazquez, Raymond",12/20/1978,M,555.902.2296,raymond.vazquez97@example.com,"Granite Springs, OH 45750",Keystone,2166473,12/10/2013 06:31 PM
R1066,"RIVERA, JANICE",03-Oct-1954,F,555-215-2910,JANICE.RIVERA6@EXAMPLE.COM,Bluestone OH 45502,Medicare,08967147,10/31/2015 05:43 PM
R1067,"Baker, Harold",1974-09-03,m,555.394.1033,,"Bluestone, OH 45503",Summit Choice,02660253,2019-07-04 08:47:00
R1068,"Webb, Carol",03/21/1989,F,555-368-4845,none,"Millbrook, OH 45530",Keystone,4419907,2009-04-11 18:04:00
R1069,"Boyd, Kayla",1998-11-18,F,(555) 583-8893,none,"Bluestone, OH 45503-7785",Medicare,04461134,02/19/2011 01:36 PM
R1070,"GRIFFIN, AARON",10/08/2006,M,(555) 354-3611,aaron.griffin9@example.com,"Millbrook, OH 45530-1254",Evergreen Mutual,05891705,2025-02-24 15:13:00
R1071,"Graham, Kelly",12/25/1981, F,5558871239,KELLY.GRAHAM65@EXAMPLE.COM,Bluestone OH 45502,Evergreen Mutual,07861473,2015-04-15 11:38:00
R1072,"Lawrence, James",07-Jun-2008,M ,(555) 522-7615,,"Fairhaven, OH 45620",Evergreen Mutual Insurance,07810147,2010-03-06 18:06:00
R1073,"FORD, GLORIA",3/15/1977,F,(555) 389-4675,none,"Bluestone, OH 45501",Medicare Part A,MRN-05547556,2021-05-04 18:00:00
R1074,"MORRIS, JOYCE",1953-04-10,F,555-239-5019,joyce.morris11@example.com,"BLUESTONE, OH 45501",Medicare ,MRN-02042253,2008-10-08 14:43:00
R1075,"  Mills ,  Rebecca ",02/16/1948,Female,(555) 248-0585,N/A,"ASHBY FALLS, OH 45610",Silverline Medicare Advantage,08708853,2023-12-10 13:28:00
R1076,"carroll, lori",30-Mar-1970,f,5552285285, lori.carroll2@example.com ,Fairhaven OH 45620,evergreen mutual insurance,MRN-01877775,2016-11-26 12:24:00
R1077,Cheryl Nichols,22-Dec-2016,F,(555) 892-8232,N/A,Cedar Ridge OH 45720,Keystone,06732493,05/18/2023 01:08 PM
R1078,"black, kyle",08/24/1960,M ,5555735424, kyle.black48@example.com ,"Granite Springs, OH 45750-8153",Silverline Medicare Advantage,05971081,2023-03-17 17:00:00
R1079,Joan Rogers,8/28/1973,f,5557309391,,Oak Glen OH 45730,SUMMIT CHOICE PPO,01032557,2019-09-26 18:15:00
R1080,"  Hall ,  Elizabeth ",10/13/1930,F,(555) 265-9832,none,"Cedar Ridge, OH 45720",MEDICARE,02079944,05/03/2024 08:48 AM
R1081,"hill, olivia",06/20/1971,FEMALE,(555) 226-4598,,"Ashby Falls, OH 45610",medicaid,03540862,09/04/2013 09:22 AM
R1082,"MILLS, JUDITH",11/16/2024,F,+1 555 244 4192,,Cedar Ridge OH 45720,Keystone Health Ptnrs,MRN-06895046,2024-01-11 18:27:00
R1083,Brian Duncan,12/15/1964,M ,(555) 319-0716,brian.duncan6@example.com,"Bluestone, OH 45501-2072",Uninsured,3531946,02/26/2020 04:50 PM
R1084,Alice Gordon,3/12/1975,f,(555) 665-1818,alice.gordon74@example.com,"Oak Glen, OH 45730",SUMMIT CHOICE PPO,00169023,07/03/2020 08:22 AM
R1085,"guzman, scott",6/26/1952,MALE,+1 555 390 7920,none,"Bluestone, OH 45503",Medicaid,09325124,2010-01-26 17:45:00
R1086,"Hicks, Ruth",12/03/1970,Female,(555) 268-7126,ruth.hicks53@example.com,"Bluestone, OH 45501-3043",Medicare ,2664675,05/29/2021 11:58 AM
R1087,"myers, kenneth",22-May-1993,M,(555) 364-1293,none,"Ashby Falls, OH 45610",Self Pay,00887342,03/21/2020 10:14 AM
R1088,"wright, joe",01.02.1966,m,,joe.wright88@example.com,Lakeview Heights OH 45510,Medicaid,07004771,08/05/2022 04:04 PM
R1089,"Hill, Evelyn",02/21/1985,f,555-303-2019,,Cedar Ridge OH 45720,Keystone Health Partners,04354423,2013-03-05 17:26:00
R1090,"CHEN, CHRISTINE",08.05.1976,F,555-264-8394,christine.chen71@example.com,"PINE HOLLOW, OH 45640",Keystone Health Ptnrs,04357028,2023-11-28 15:15:00
R1091,Nancy Garcia,09.02.2019,F,+1 555 337 8000,,"MILLBROOK, OH 45530",SELF PAY,05633680,04/24/2022 04:00 PM
R1092,"Webb, Cynthia",08/25/1931,FEMALE,(555) 336-7605,,"Granite Springs, OH 45750",Medicare,6216626,2022-11-18 16:28:00
R1093,"Kennedy, Larry",03/24/1995,M,(555) 645-4182,,"Bluestone, OH 45501",Summit Choice PPO,05271904,2024-03-24 16:11:00
R1094,"  Jenkins ,  Jordan ",11/30/1970,M ,555-615-1984,,"Riverbend, OH 45545",Evergreen Mutual Insurance,03939906,2014-03-12 12:21:00
R1095,James Ward,05/07/2011,M ,(555) 510-4393,,"Pine Hollow, OH 45640",Medicaid,06565875,04/26/2020 09:54 AM
R1096,Gary Butler,7/15/1974,M ,555-320-7658,GARY.BUTLER7@EXAMPLE.COM,"Lakeview Heights, OH 45510",Self Pay,03594697,10/30/2010 12:51 PM
R1097,"Lewis, Justin",10/28/1975,M,(555) 837-9187,justin.lewis28@example.com,"Bluestone, OH 45501",Summit Choice,01918074,2024-03-28 13:04:00
R1098,"Stephens, Thomas",2017-01-15,M,555.529.1908,N/A,"Bluestone, OH 45501-7876",STATE MEDICAID,MRN-04172198,2023-02-22 15:55:00
R1099,"  Pierce ,  Donald ",02/15/1982,M,555-530-0421,DONALD.PIERCE84@EXAMPLE.COM,"Bluestone, OH 45502",KEYSTONE HEALTH PARTNERS,1983869,05/31/2013 06:54 PM
R1100,"WEBB, OLIVIA",1958-06-03,FEMALE,(555) 800-9787,olivia.webb19@example.com,"Lakeview Heights, OH 45510",medicare,1715298,2018-11-30 11:09:00
R1101,"Kim, Bruce",2017-07-29,M,(555) 371-9508,N/A,"Cedar Ridge, OH 45720",Keystone Health Ptnrs,00317850,05/19/2018 11:51 AM
R1102,"HART, LAUREN",02/25/2023,F,(555) 395-0840,N/A,"Oak Glen, OH 45730",Evergreen Mutual Insurance,MRN-02455918,2023-03-01 10:13:00
R1103,"Shaw, Michael",5/12/1953,M ,(555) 373-4984,,"Ashby Falls, OH 45610",Silverline Medicare Advantage,MRN-00903733,2014-05-14 15:59:00
R1104,"LEWIS, STEPHEN",21-Apr-1983,M ,(555) 470-3353, stephen.lewis74@example.com ,Cedar Ridge OH 45720,KEYSTONE HEALTH PARTNERS,09813532,2018-02-02 16:06:00
R1105,Brenda Richards,25-Jan-1985,f,(555) 982-9201,,"Bluestone, OH 45503",Evergreen Mutual,08573115,2011-11-07 09:16:00
R1106,"Evans, Megan",1983-01-15,F,555-765-2910, megan.evans38@example.com ,"Bluestone, OH 45502-6220",medicaid,09012782,10/01/2023 07:14 AM
R1107,"  Lawrence ,  James ",06/07/2008,MALE,5555227615,,Fairhaven OH 45620,Evergreen Mutual Insurance,07810147,03/06/2010 07:24 AM
R1108,"Cole, Ivan",7/27/1979,M,555.653.4539,,"Bluestone, OH 45501",Keystone Health Partners,8307991,10/16/2022 11:46 AM
R1109,"Vargas, Alexis",2017-11-23,Female,555-871-7984,,"Lakeview Heights, OH 45510",Keystone,5450661,08/22/2022 12:33 PM
R1110,"Berry, Larry",04.14.1966,M ,555-405-4877,larry.berry13@example.com,"Lakeview Heights, OH 45510",State Medicaid,02495145,12/13/2022 03:31 PM
R1111,"Abdi, Jack",10/22/1967,m,555-439-9741,jack.abdi32@example.com,"Bluestone, OH 45502",Keystone Health Partners,02531372,2015-09-30 15:37:00
R1112,"Reynolds, Isabella",12/13/1947,FEMALE,(555) 575-8192,ISABELLA.REYNOLDS40@EXAMPLE.COM,"Granite Springs, OH 45750-6869",MEDICARE,02373873,2017-03-22 07:11:00
R1113,"REYES, GEORGE",09/26/2021,Male,5557438583,,Bluestone OH 45502,Keystone Health Partners,MRN-06444684,2022-06-09 09:41:00
R1114,"Garza, Brenda",01/25/1954,FEMALE,,brenda.garza62@example.com,"Millbrook, OH 45530",Silverline Medicare Advantage ,00889017,06/03/2019 07:55 AM
R1115,"Martinez, Julie",09/09/1938,f,5553703297,JULIE.MARTINEZ24@EXAMPLE.COM,"ASHBY FALLS, OH 45610",Keystone,01941487,2021-06-24 08:21:00
R1116,"Rodriguez, Natalie",8/22/2022,Female,(555) 828-3586,,"Riverbend, OH 45545",medicaid,00800061,2023-04-12 08:52:00
R1117,"Petrov, Steven",5/31/1950,M ,(555) 360-7665,steven.petrov50@example.com,"Fairhaven, OH 45620",SILVERLINE MEDICARE ADV.,3470651,10/15/2018 11:47 AM
R1118,"  Fisher ,  Jordan ",06/20/1995,Male,555.439.0726,jordan.fisher9@example.com,Millbrook OH 45530,Summit Choice PPO,00145898,2010-09-20 08:35:00
R1119,"Romero, Ronald",09/25/2024,M ,(555) 497-7584,,"Fairhaven, OH 45620",State Medicaid,3842543,2024-01-02 18:23:00
R1120,"HAYES, ROGER",07.21.1999,m,555.653.9148,ROGER.HAYES63@EXAMPLE.COM,Lakeview Heights OH 45510,KEYSTONE HEALTH PARTNERS,MRN-06876509,2016-08-14 07:29:00
R1121,"Okafor, Julie",2017-10-15, F,5558910943,,"Bluestone, OH 45501-6520",State Medicaid,08308962,2018-02-13 15:55:00
R1122,"MENDEZ, AHMED",05/17/1957,m,(555) 245-0134,ahmed.mendez12@example.com,"Oak Glen, OH 45730",Silverline MA,06294115,12/06/2008 04:07 PM
R1123,"Torres, Jason",05/17/1966,M,(555) 267-5116, jason.torres65@example.com ,"Cedar Ridge, OH 45720",SELF PAY,MRN-02172512,2014-09-15 09:38:00
R1124,"KIM, RONALD",10/29/1991,M,+1 555 212 7953,ronald.kim77@example.com,Bluestone OH 45503,KEYSTONE HEALTH PARTNERS,1159652,2014-03-12 07:02:00
R1125,"HICKS, LIAM",1989-03-26,M,555.805.1442,liam.hicks44@example.com,"Bluestone, OH 45502",Summit Choice,MRN-05908693,07/13/2008 11:46 AM
R1126,"Barnes, Alice",1956-10-24,f,(555) 880-3261,alice.barnes62@example.com,"Ashby Falls, OH 45610",Medicare Part A,08140971,03/19/2010 01:21 PM
R1127,Camila Abbott,09/20/1982, F,555-703-6887,N/A,"Bluestone, OH 45501",Evergreen Mutual,8142734,2017-04-28 12:54:00
R1128,"Martin, Ruth",02-Jan-2017, F,5559840781,none,"Pine Hollow, OH 45640",STATE MEDICAID,2595019,2024-01-14 10:07:00
R1129,"Gomez, Kenneth",01/16/1993,M,5559125524,,"Bluestone, OH 45502",STATE MEDICAID,06125388,2010-04-17 18:57:00
R1130,"FERNANDEZ, OLIVIA",01/28/1965,F,555-829-2894,olivia.fernandez60@example.com,"Bluestone, OH 45501",self-pay,05937268,2023-05-17 12:30:00
R1131,"PALMER, JEREMY",02-Aug-2021,M,555-943-1980,,"BLUESTONE, OH 45502",Medicaid,MRN-02353502,2024-09-23 08:25:00
R1132,"O'BRIEN, GERALD",03-Apr-1951,M,5558841724,gerald.obrien57@example.com,"Ashby Falls, OH 45610",Medicare ,08915176,2021-09-24 16:32:00
R1133,"Cruz, Sarah",01/13/1973,f,555.697.2896,sarah.cruz64@example.com,"Bluestone, OH 45503-7960",Keystone Health Partners,02316374,2012-07-15 13:25:00
R1134,"Simpson, Charlotte",12/26/1994,F,555-947-1385, charlotte.simpson5@example.com ,Ashby Falls OH 45610,Keystone Health Partners,652911,2023-12-19 11:22:00
R1135,"Ryan, Betty",08/24/1987, F,5558095500,betty.ryan47@example.com,"Oak Glen, OH 45730",Summit PPO,221821,2011-08-19 07:34:00
R1136,"Marshall, Gloria",03/09/1981,F,(555) 970-1063,none,Bluestone OH 45502,Keystone Health Ptnrs,06414784,06/29/2015 05:18 PM
R1137,Susan Warren,1964-08-23,F,(555) 668-8102,susan.warren82@example.com,"Oak Glen, OH 45730-6968",Summit Choice,MRN-02136160,2018-04-26 14:57:00
R1138,"okafor, elizabeth",07.11.1953,FEMALE,555-325-5690,elizabeth.okafor2@example.com,"LAKEVIEW HEIGHTS, OH 45510",Medicare,MRN-08425893,10/12/2023 02:53 PM
R1139,"Moore, Vincent",01/29/1964,M ,555-672-4798,vincent.moore63@example.com,"Millbrook, OH 45530",Medicare ,04817985,2013-11-03 16:37:00
R1140,"Myers, Deborah",02-May-1929,f,555.375.3618,deborah.myers57@example.com,Bluestone OH 45502,medicare,5688207,2010-04-30 12:25:00
R1141,"Myers, Mei",04/04/1978,F,(555) 324-1732,MEI.MYERS39@EXAMPLE.COM,"GRANITE SPRINGS, OH 45750",Keystone Health Ptnrs,08032932,2018-03-30 09:47:00
R1142,"Cox, Anthony",02/23/1932,M ,(555) 311-7517,ANTHONY.COX77@EXAMPLE.COM,"Bluestone, OH 45502",Medicare,07903462,09/17/2012 01:20 PM
R1143,"  Yilmaz ,  Hannah ",07/06/1955, F,5558200461,HANNAH.YILMAZ16@EXAMPLE.COM,"BLUESTONE, OH 45502",Silverline Medicare Advantage,05953522,2018-05-23 14:22:00
R1144,"gonzalez, frank",07/15/2000,M,555.939.2526,frank.gonzalez60@example.com,"BLUESTONE, OH 45501",Evergreen Mutual,MRN-01312758,2014-11-16 10:52:00
R1145,Jason Armstrong,1963-01-29,MALE,555-894-5497,JASON.ARMSTRONG71@EXAMPLE.COM,Ashby Falls OH 45610,Keystone Health Ptnrs,9471398,08/14/2008 09:05 AM
R1146,"Young, Carl",15-Jun-1996,M ,(555) 298-6693,,"BLUESTONE, OH 45503",Evergreen Mutual Insurance,9996631,01/16/2023 11:21 AM
R1147,"  Sanders ,  Gabriel ",07/21/1973,m,(555) 640-9513,gabriel.sanders29@example.com,Bluestone OH 45501,Summit Choice PPO,07502887,10/20/2011 04:47 PM
R1148,"KELLY, PAUL",2007-12-14,m,(555) 353-5255,N/A,"Pine Hollow, OH 45640-6806",EVERGREEN MUTUAL INS,08602948,2008-03-08 14:53:00
R1149,"BAILEY, SARA",1983-03-08,f,555-533-7192,N/A,"Granite Springs, OH 45750",Evergreen Mutual Insurance,07070962,2023-08-15 15:53:00
R1150,"KIM, ISABELLA",18-Apr-1971,F,5559244977,isabella.kim67@example.com,Bluestone OH 45501,STATE MEDICAID,00503299,09/17/2021 12:38 PM
R1151,"Rodriguez, Walter",08.23.1988,Male,(555) 709-6734,N/A,"CEDAR RIDGE, OH 45720",Uninsured,2093150,2013-03-03 14:09:00
R1152,James White,14-Dec-1973,m,(555) 881-8522,james.white42@example.com,"Bluestone, OH 45503",Keystone,02778644,2015-11-10 11:55:00
R1153,"Gonzalez, Hannah",2/18/1973,Female,+1 555 860 4164,HANNAH.GONZALEZ89@EXAMPLE.COM,"Cedar Ridge, OH 45720",KEYSTONE HEALTH PARTNERS,00640025,2012-08-03 09:10:00
R1154,"Kelley, Kimberly",8/17/1969,F,555.761.2809,kimberly.kelley61@example.com,"Bluestone, OH 45501",KEYSTONE HEALTH PARTNERS,05567811,2022-06-26 13:28:00
R1155,"WILLIAMS, SANDRA",1997-07-07,FEMALE,5553272243,sandra.williams96@example.com,"Bluestone, OH 45501",Medicaid,02793426,2014-12-22 11:30:00
R1156,"Ford, Steven",1951-01-04,Male,(555) 786-8809,steven.ford77@example.com,"Bluestone, OH 45501",Medicare ,06651639,2013-03-15 11:20:00
R1157,"Daniels, Mei",1991-04-30,Female,(555) 735-7501,none,"Ashby Falls, OH 45610",Keystone Health Ptnrs,08347484,2024-04-01 07:41:00
R1158,"Herrera, Rachel",17-Mar-2004,F,5553215074,none,"Oak Glen, OH 45730",evergreen mutual insurance,06151059,2021-07-06 13:40:00
R1159,Russell Edwards,1959-11-12,m,555-880-1032,RUSSELL.EDWARDS22@EXAMPLE.COM,"Bluestone, OH 45503-6066",Medicare,08132110,04/21/2011 09:19 AM
R1160,"Tucker, Rebecca",1977-05-15, F,555-555-9353,N/A,"Bluestone, OH 45503",Medicaid,02488816,2024-06-01 08:26:00
R1161,"Edwards, Catherine",01/28/1940,Female,(555) 562-3136,catherine.edwards94@example.com,"Bluestone, OH 45503-1618",medicare,03985229,2023-07-16 18:48:00
R1162,"Guzman, Donna",06.15.1975, F,(555) 675-9847,donna.guzman10@example.com,"Bluestone, OH 45501",Keystone,5240385,09/08/2010 06:16 PM
R1163,"Hill, Frank",1952-08-28,Male,(555) 787-7802,frank.hill20@example.com,"Cedar Ridge, OH 45720",Medicare,01262319,2013-02-21 09:04:00
R1164,"MILLER, DAVID",1959-04-30,M,(555) 690-4207,,"Oak Glen, OH 45730",Medicare,06785087,2015-10-21 13:37:00
R1165,"Cruz, Isabella",10.19.2004,FEMALE,555.372.4686,isabella.cruz16@example.com,"RIVERBEND, OH 45545",Medicare,03449108,2009-04-27 10:53:00
R1166,"Novak, Larry",05/13/1990,MALE,(555) 246-8236,none,"Cedar Ridge, OH 45720-1280",self-pay,09205091,2023-06-15 16:27:00
R1167,Amy Gardner,11/02/1929,f,5554970429,AMY.GARDNER71@EXAMPLE.COM,"Lakeview Heights, OH 45510-2939",Medicare,05340359,2023-11-08 08:00:00
R1168,"CRUZ, BENJAMIN",05-Jul-1995,M ,,,Bluestone OH 45501,KEYSTONE HEALTH PARTNERS,MRN-01157885,2011-05-28 07:51:00
R1169,"Hernandez, Mia",03.18.1967,F,(555) 234-4081,mia.hernandez63@example.com,Bluestone OH 45502,Evergreen Mutual Insurance,MRN-09194491,2024-05-19 15:51:00
R1170,Jerry Holmes,1989-06-23,M,555.544.9275,N/A,"Fairhaven, OH 45620-5704",Keystone,09090898,2011-03-14 15:09:00
R1171,"TAYLOR, EMILY",11/1/2003, F,555-790-1716,none,"Fairhaven, OH 45620",State Medicaid,05400611,2023-06-20 13:48:00
R1172,"GRANT, CAROL",1998-11-24, F,5552579405,carol.grant7@example.com,"BLUESTONE, OH 45501",Keystone Health Partners,8157930,05/02/2011 09:32 AM
R1173,"Jimenez, Marie",1977-05-02,Female,555-725-4850,marie.jimenez66@example.com,"PINE HOLLOW, OH 45640",self-pay,09297384,2018-05-14 08:18:00
R1174,Brittany Wood,01/08/1981,F,555-380-5195,brittany.wood40@example.com,"Bluestone, OH 45503-6953",Summit Choice PPO,01507990,2010-02-20 10:49:00
R1175,"HAMILTON, VIRGINIA",2004-10-25,F,(555) 346-0206,virginia.hamilton23@example.com,"Cedar Ridge, OH 45720",SUMMIT CHOICE PPO,6546392,11/03/2022 07:39 AM
R1176,"REYES, PAUL",1948-01-02,Male,555.428.1908,,"ASHBY FALLS, OH 45610",Medicare Part A,07190333,07/10/2010 12:48 PM
R1177,"  Ramos ,  Albert ",10/13/2025,M ,+1 555 288 5776,N/A,"Bluestone, OH 45503",Medicaid,00965645,2024-03-16 08:20:00
R1178,"THOMPSON, LAURA",03.14.1949,f,(555) 437-5204,,"Bluestone, OH 45501",Silverline Medicare Advantage,06069362,2011-01-25 12:31:00
R1179,John Fisher,10/15/1958,M ,(555) 339-7953,john.fisher35@example.com,"Lakeview Heights, OH 45510",SILVERLINE MEDICARE ADV.,06605485,07/03/2024 09:24 AM
R1180,"Sullivan, Carlos",12/15/1983,Male,555-555-2599,N/A,"BLUESTONE, OH 45502",self-pay,06960491,2024-01-12 08:41:00
R1181,William Barnes,1/3/2003,M,,william.barnes76@example.com,"Bluestone, OH 45503-5772",KEYSTONE HEALTH PARTNERS,3053503,2011-05-31 07:38:00
R1182,"Rivera, Rachel",06/25/1952,F,(555) 825-4706,rachel.rivera87@example.com,"Pine Hollow, OH 45640",Silverline MA,09348784,2021-07-09 16:01:00
R1183,"Willis, Tyler",08/09/1963,M,, tyler.willis67@example.com ,"Bluestone, OH 45503",SUMMIT CHOICE PPO,MRN-02528776,2015-05-26 15:02:00
R1184,"Silva, Kimberly",5/29/1932,Female,(555) 914-4001,,"Cedar Ridge, OH 45720-3025",Silverline MA,MRN-07141057,2019-01-11 09:44:00
R1185,"Lewis, Evelyn",10/06/1982,FEMALE,555-734-2951,,"Bluestone, OH 45503-4320",Keystone,MRN-04174690,2008-06-07 10:51:00
R1186,"Gordon, Alice",03/12/1975,F,5556651818,alice.gordon74@example.com,"Oak Glen, OH 45730",Summit PPO,00169023,2020-07-03 08:56:00
R1187,"HARRISON, JERRY",1971-02-08,MALE,5557237413, jerry.harrison88@example.com ,"Bluestone, OH 45501",State Medicaid,04988438,2024-02-10 18:40:00
R1188,Joan Vasquez,08/16/2002,FEMALE,+1 555 891 4598, joan.vasquez75@example.com ,"Granite Springs, OH 45750",Summit Choice PPO,08397185,06/09/2023 12:17 PM
R1189,"Bennett, Lori",10/08/2023,FEMALE,555.435.6638,N/A,"Bluestone, OH 45502",Medicaid,07098225,2023-11-24 13:47:00
R1190,"GRANT, LEILA",12/05/1933, F,555.886.2376,,"Bluestone, OH 45501",Medicare Part A,06360985,2017-02-18 13:59:00
R1191,Grace Andrews,10/16/1969, F,(555) 984-5544,grace.andrews28@example.com,Bluestone OH 45501,Keystone Health Ptnrs,06411556,2020-10-31 08:13:00
R1192,"  Porter ,  Wei ",19-Jan-1979,Male,+1 555 728 8462,wei.porter70@example.com,"Cedar Ridge, OH 45720",Evergreen Mutual Insurance,6928829,2021-03-08 14:09:00
R1193,"Chen, Betty",03/31/2001,Female,(555) 237-6636,,"Pine Hollow, OH 45640",EVERGREEN MUTUAL INS,8132111,08/14/2018 09:44 AM
R1194,Charles Stone,07.13.1990,MALE,(555) 213-9817,charles.stone42@example.com,"BLUESTONE, OH 45501",Self Pay,01745769,03/24/2014 06:38 PM
R1195,"ramos, sarah",1949-10-02,Female,555.976.8822,N/A,Bluestone OH 45501,Medicare Part A,09901687,2014-12-16 11:09:00
R1196,"Hill, Wayne",08/17/1948,m,(555) 435-1905,none,Riverbend OH 45545,Silverline Medicare Advantage,02220363,2017-07-08 15:00:00
R1197,"HILL, FRANK",1952-08-28,M,(555) 787-7802,frank.hill20@example.com,"Cedar Ridge, OH 45720",medicare,1262319,2013-02-21 11:48:00
R1198,"gomez, walter",12/16/1958,M,(555) 402-9498,none,"ASHBY FALLS, OH 45610",Silverline Medicare Advantage ,07279550,2015-10-23 17:06:00
R1199,"ELLIOTT, JUAN",1985-09-28,Male,(555) 453-9960, juan.elliott23@example.com ,"Bluestone, OH 45501",Keystone Health Partners,780447,2008-12-04 11:08:00
R1200,"  McDonald ,  Mark ",06/22/1954,M,5556060213,MARK.MCDONALD1@EXAMPLE.COM,"Ashby Falls, OH 45610-5591",Medicare Part A,6667083,2022-09-17 11:33:00
R1201,"Ramos, Denise",1991-02-01,Female,5557538264,,Pine Hollow OH 45640,Medicaid,03585244,12/07/2022 01:56 PM
R1202,"  Harris ,  Ana ",10/27/1975,F,5555983049,ana.harris27@example.com,Bluestone OH 45501,medicaid,04778826,2022-07-09 12:52:00
R1203,"carroll, charles",1974-10-11,M,(555) 493-1102,CHARLES.CARROLL82@EXAMPLE.COM,Riverbend OH 45545,self-pay,01547286,2021-06-10 12:52:00
R1204,"Stone, Pamela",08/09/1970, F,555-221-5419,N/A,"Lakeview Heights, OH 45510-2432",Evergreen Mutual Insurance,MRN-04009956,04/24/2018 12:24 PM
R1205,"Garza, Henry",09/02/1992,M,555-250-0086,henry.garza30@example.com,"Bluestone, OH 45501-7783",State Medicaid,00952633,2018-06-07 11:31:00
R1206,"Payne, Amina",04/01/1946,FEMALE,5552241948,,Oak Glen OH 45730,Medicare ,03612527,2010-02-23 14:02:00
R1207,"Bailey, Zachary",11/09/1994,m,555-527-1948,none,"Ashby Falls, OH 45610",Medicaid,09148220,2015-10-18 16:47:00
R1208,Laura Bailey,3/28/1936, F,(555) 937-2983,laura.bailey25@example.com,"RIVERBEND, OH 45545",Silverline MA,MRN-05739284,09/08/2023 03:41 PM
R1209,"Gutierrez, Harper",14-Sep-1961,FEMALE,+1 555 436 3618,harper.gutierrez46@example.com,"Bluestone, OH 45501",medicaid,06219115,2016-04-24 16:57:00
R1210,"TUCKER, TIMOTHY",2015-05-21,M,(555) 584-2550,,"Bluestone, OH 45501",Summit Choice,06111672,2022-05-28 10:44:00
R1211,"Jimenez, Victoria",04/16/1933,F,(555) 348-0613,,"Bluestone, OH 45502-3496",medicare,MRN-04191496,2023-12-14 09:15:00
R1212,"Arnold, Alice",08.29.1967,F,555-940-0536,N/A,"BLUESTONE, OH 45502",Summit Choice PPO,01806668,2016-01-23 15:54:00
R1213,"Rogers, Natalie",04.15.1957,Female,5558869370,,"Granite Springs, OH 45750",Silverline Medicare Advantage ,05630106,2018-03-31 14:00:00
R1214,"BAILEY, HELEN",2019-08-14, F,(555) 411-7487,none,"Bluestone, OH 45503",medicaid,MRN-03044407,06/09/2020 07:17 AM
R1215,"Kennedy, Ashley",8/29/1945,FEMALE,(555) 831-0774, ashley.kennedy42@example.com ,"Bluestone, OH 45501-4147",Silverline MA,07641208,2010-02-23 16:52:00
R1216,"Long, Alice",6/9/1958,F,555-379-8167,none,"Riverbend, OH 45545-2266",Silverline Medicare Advantage ,4823186,2017-01-15 15:21:00
R1217,Mason Contreras,01/06/1971,Male,5555052212,mason.contreras11@example.com,"ASHBY FALLS, OH 45610",SUMMIT CHOICE PPO,4850335,2016-03-20 09:41:00
R1218,"Gomez, Elizabeth",1970-10-26,F,(555) 701-2318, elizabeth.gomez76@example.com ,"Millbrook, OH 45530",State Medicaid,5094809,05/14/2008 03:36 PM
R1219,"WATSON, DIEGO",4/1/1960,m,555-269-2605,diego.watson13@example.com,Bluestone OH 45501,MEDICARE,06141663,09/04/2014 12:11 PM
R1220,Noah Kowalski,9/26/1967,M,555-510-0104,,"Cedar Ridge, OH 45720",Evergreen Mutual,03353384,2020-07-01 12:39:00
R1221,"TUCKER, SOPHIA",09/08/1966,F,(555) 338-5503,,"Bluestone, OH 45502",State Medicaid,1276260,2019-12-21 08:22:00
R1222,"Kelly, Paul",12/14/2007,Male,+1 555 353 5255,N/A,"Pine Hollow, OH 45640",EVERGREEN MUTUAL INS,8602948,03/08/2008 02:22 PM
R1223,"Soto, Diego",12-May-1978,MALE,+1 555 864 5221,diego.soto17@example.com,"Bluestone, OH 45501",Keystone Health Partners,05433632,2017-06-11 08:41:00
R1224,"MENDOZA, BARBARA",03/16/1991,F,555-781-8351,barbara.mendoza22@example.com,Pine Hollow OH 45640,Keystone Health Ptnrs,1006974,2014-10-23 07:57:00
R1225,"Tran, Carl",09/11/1977,M,555.918.5930,carl.tran61@example.com,"Bluestone, OH 45502",Keystone Health Partners,8180386,2015-06-24 09:17:00
R1226,"Daniels, Amanda",06/16/1963,f,555-451-1976, amanda.daniels56@example.com ,Bluestone OH 45502,Self Pay,03557869,10/10/2022 08:57 AM
R1227,Brittany Stevens,05/30/1979,F,555.453.9894,,"Bluestone, OH 45502",evergreen mutual insurance,02728460,2020-11-13 13:11:00
R1228,"Watson, Bryan",11/29/2009,M,,,Ashby Falls OH 45610,Keystone,04480598,2017-11-18 10:04:00
R1229,"  Owens ,  Mark ",1958-12-30,MALE,(555) 645-4551,mark.owens17@example.com,"Lakeview Heights, OH 45510",Silverline Medicare Advantage,05792923,2020-12-14 15:17:00
R1230,"  Stone ,  Amber ",09/07/1947,F,(555) 627-0353,amber.stone77@example.com,"Bluestone, OH 45501",Silverline Medicare Advantage,MRN-01869762,2021-05-16 16:41:00
R1231,"  Kennedy ,  Mateo ",12.23.1963,M ,555-401-6618, mateo.kennedy63@example.com ,"Bluestone, OH 45502",Summit Choice,09554295,2019-11-07 16:38:00
R1232,"RAMOS, BILLY",1976-09-13,M,555.463.0932,none,"Bluestone, OH 45502",evergreen mutual insurance,2142827,2019-12-30 13:35:00
R1233,"rice, jennifer",21-Nov-1952, F,(555) 885-0695,none,"Lakeview Heights, OH 45510",SILVERLINE MEDICARE ADV.,5525049,2022-03-28 16:44:00
R1234,"  Torres ,  Dorothy ",08/31/1960,FEMALE,5552400753,dorothy.torres41@example.com,"Bluestone, OH 45503",Medicare Part A,02589128,2020-05-14 16:34:00
R1235,"Bell, Amina",09/21/1941,Female,5553953278,,"Bluestone, OH 45503-6022",medicare,06955109,2024-04-08 12:39:00
R1236,"PATTERSON, SHIRLEY",2014-07-08,Female,(555) 823-3256,none,"Fairhaven, OH 45620",medicaid,07843022,2015-02-28 16:49:00
R1237,"  Bailey ,  Ethan ",12.15.1965,Male,555.859.0939,ethan.bailey7@example.com,"LAKEVIEW HEIGHTS, OH 45510",evergreen mutual insurance,04938178,2024-07-12 07:55:00
R1238,"Hill, Debra",2006-11-22,F,555-452-3580,,"Bluestone, OH 45502",Summit PPO,7676806,2020-01-06 18:42:00
R1239,Gregory Washington,1951-10-02,MALE,5555009635,GREGORY.WASHINGTON24@EXAMPLE.COM,Bluestone OH 45501,Medicare Part A,02284522,2023-06-13 15:20:00
R1240,"Alvarez, Andrew",10/03/1982,m,(555) 632-1857,andrew.alvarez51@example.com,"Millbrook, OH 45530",Keystone,00277257,2023-03-30 12:28:00
R1241,"BERRY, MARIE",01-Apr-1981,F,(555) 910-4513,marie.berry71@example.com,"BLUESTONE, OH 45501",Summit Choice,01387085,2019-10-13 14:00:00
R1242,"DELGADO, KIMBERLY",12/12/1981,f,5555359714,N/A,"BLUESTONE, OH 45501",evergreen mutual insurance,00102284,06/21/2023 03:19 PM
R1243,"Tran, Carl",1977-09-11,M,(555) 918-5930,carl.tran61@example.com,"Bluestone, OH 45502",Keystone Health Partners,08180386,06/24/2015 01:31 PM
R1244,"cruz, paul",11-Apr-1958,m,555-987-8128,,"Riverbend, OH 45545",medicare,08247600,2023-09-08 11:02:00
R1245,"Martin, Katherine",08/13/1944,F,5554141440, katherine.martin54@example.com ,"BLUESTONE, OH 45502",SILVERLINE MEDICARE ADV.,06128568,2014-05-30 13:39:00
R1246,"cox, stephen",06/13/1954,M,(555) 366-5844,STEPHEN.COX43@EXAMPLE.COM,"Millbrook, OH 45530",SILVERLINE MEDICARE ADV.,06998349,09/05/2021 12:21 PM
R1247,"Meyer, Scott",03/05/1939,Male,+1 555 966 8645,scott.meyer12@example.com,"Lakeview Heights, OH 45510",medicare,02744266,2010-01-21 15:29:00
R1248,"Baker, Gerald",1953-09-02,MALE,555.666.1362,gerald.baker27@example.com,Bluestone OH 45501,Medicare ,6464821,08/19/2012 04:44 PM
R1249,"Williams, Adam",05.11.1967,M,555-794-3609,ADAM.WILLIAMS55@EXAMPLE.COM,"Bluestone, OH 45503",Evergreen Mutual Insurance,MRN-06854891,01/05/2008 12:09 PM
R1250,"guzman, scott",6/26/1952,MALE,+1 555 390 7920,none,"Bluestone, OH 45503",Medicaid,09325124,2010-01-26 17:45:00
R1251,Douglas Santos,01/17/1977,Male,(555) 760-1226,douglas.santos1@example.com,"Bluestone, OH 45502-3490",Evergreen Mutual,00417955,2017-12-04 10:54:00
R1252,"lindqvist, stephen",10/26/2019,Male,(555) 794-1060,none,"Bluestone, OH 45502",STATE MEDICAID,07627760,2020-01-25 10:56:00
R1253,"Ray, Diego",1967-03-13,M,555-314-6808,diego.ray86@example.com,Oak Glen OH 45730,EVERGREEN MUTUAL INS,191674,06/11/2016 04:13 PM
R1254,"Woods, Rebecca",02/16/2013, F,555-237-5511,N/A,Fairhaven OH 45620,SUMMIT CHOICE PPO,3823788,04/12/2022 08:21 AM
R1255,"  Fisher ,  Elijah ",1/6/1942,MALE,(555) 828-3122,ELIJAH.FISHER88@EXAMPLE.COM,"Bluestone, OH 45503",Medicare Part A,MRN-07818829,2024-01-26 13:57:00
R1256,"  Ramos ,  Mark ",08/06/1963,Male,(555) 480-8570,,"Bluestone, OH 45501",medicaid,05206313,2017-09-02 07:21:00
R1257,"  Allen ,  Lucia ",7/12/1962,F,+1 555 302 5026, lucia.allen29@example.com ,Bluestone OH 45501,Evergreen Mutual,03884891,2023-11-18 12:42:00
R1258,"MATTHEWS, JEREMY",1969-12-12,M ,555.529.9630,jeremy.matthews63@example.com,"BLUESTONE, OH 45501",State Medicaid,2066863,11/22/2020 07:21 AM
R1259,"Clark, Lori",1995-05-04,F,555.308.1506,N/A,"Riverbend, OH 45545",STATE MEDICAID,03026415,04/10/2024 06:49 PM
R1260,Christine Tucker,06/09/2013,FEMALE,(555) 506-5756,none,"Ashby Falls, OH 45610-7516",EVERGREEN MUTUAL INS,04048547,2015-08-09 10:38:00
R1261,"Wallace, Lori",12/03/1956,f,(555) 572-1650,lori.wallace54@example.com,"Bluestone, OH 45501",medicare,7122577,01/18/2018 05:22 PM
R1262,"Robinson, Gary",01.22.1974,M,555-912-9672,GARY.ROBINSON18@EXAMPLE.COM,"Oak Glen, OH 45730",Keystone Health Partners,MRN-01204240,2020-02-27 07:08:00
R1263,Isabella Turner,08/27/1941,F,555.875.2073, isabella.turner66@example.com ,"MILLBROOK, OH 45530",medicaid,MRN-05339433,2023-01-19 07:50:00
R1264,"Rodriguez, Matthew",02/06/1980,M ,555.667.8849, matthew.rodriguez14@example.com ,"Cedar Ridge, OH 45720",Keystone Health Partners,01895000,2017-02-22 18:12:00
R1265,Susan Osei,2012-03-07, F,555-751-7351,,"Lakeview Heights, OH 45510",STATE MEDICAID,02585847,12/05/2023 07:58 AM
R1266,"GARCIA, PAMELA",1962-02-11,F,555-239-0126, pamela.garcia63@example.com ,"Bluestone, OH 45501-5610",EVERGREEN MUTUAL INS,5952813,2018-02-20 07:23:00
R1267,"Hawkins, Marie",02/19/2001,F,(555) 472-0186,,"Granite Springs, OH 45750",Evergreen Mutual Insurance,4552128,2016-12-02 09:38:00
R1268,Brenda Daniels,06/29/1993,Female,555.520.2578,brenda.daniels3@example.com,"Bluestone, OH 45502-3567",Evergreen Mutual Insurance,03193264,02/05/2024 12:43 PM
R1269,"Hawkins, Peter",12/07/1985,M,(555) 202-1590,none,Cedar Ridge OH 45720,Medicare,9781994,07/30/2023 05:36 PM
R1270,Charles Hudson,12/08/2003,M ,555-676-7404,charles.hudson48@example.com,"Riverbend, OH 45545-9414",Medicaid,03034463,2023-05-11 08:05:00
R1271,"ELLIS, JOSEPH",1960-07-05,M,(555) 914-3619,,"LAKEVIEW HEIGHTS, OH 45510",Medicare,07075701,01/16/2024 06:58 PM
R1272,"garcia, karen",11-Nov-1933,F,(555) 504-1389,karen.garcia58@example.com,Millbrook OH 45530,Silverline MA,09810155,2010-05-21 07:56:00
R1273,"  Rivera ,  Joshua ",04/15/2018,m,555-959-1061,none,"Pine Hollow, OH 45640",STATE MEDICAID,MRN-08392421,2020-08-17 11:00:00
R1274,"SULLIVAN, JEREMY",1983-08-08,M ,(555) 431-1956,jeremy.sullivan79@example.com,"Millbrook, OH 45530",medicaid,04324932,2009-09-30 10:23:00
R1275,Jose Castillo,06/16/1988,MALE,(555) 579-7315,jose.castillo46@example.com,Cedar Ridge OH 45720,Keystone,4700829,2023-01-21 07:09:00
R1276,Joyce Myers,11/22/1986,Female,(555) 668-8099,joyce.myers58@example.com,Lakeview Heights OH 45510,KEYSTONE HEALTH PARTNERS,09570394,08/29/2009 07:36 AM
R1277,"Morris, Lisa",1997-02-09,F,+1 555 949 0290,lisa.morris81@example.com,"Bluestone, OH 45501",medicaid,2299698,2012-05-12 17:06:00
R1278,"MITCHELL, AUSTIN",1984-09-27,MALE,(555) 224-4330,N/A,Bluestone OH 45503,EVERGREEN MUTUAL INS,03225016,2023-08-16 15:55:00
R1279,Diana Garcia,08-Nov-1968,F,,,"Bluestone, OH 45503",Uninsured,03704670,05/26/2021 03:26 PM
R1280,Lawrence Campbell,03/06/1969,M,(555) 462-5228,,"Fairhaven, OH 45620",self-pay,06288542,01/31/2020 09:51 AM
R1281,"anderson, kathryn",12/17/2018, F,+1 555 754 1845,none,"Pine Hollow, OH 45640",Self-Pay,02649593,2022-02-21 17:52:00
R1282,"WARD, KIMBERLY",1990-10-11, F,555-937-0011,,"Cedar Ridge, OH 45720",evergreen mutual insurance,02547554,2017-12-04 14:27:00
R1283,"  Rogers ,  Wei ",10/05/2000,m,555-585-7520,wei.rogers94@example.com,"Bluestone, OH 45501-9586",SELF PAY,06530332,02/21/2024 02:50 PM
R1284,"PORTER, GABRIEL",02/24/1974,M ,555-449-9479,gabriel.porter50@example.com,"Pine Hollow, OH 45640",Summit Choice PPO,2973301,2018-09-09 10:17:00
R1285,"Davis, Julie",03.18.1947,FEMALE,(555) 836-6569,julie.davis34@example.com,"Bluestone, OH 45501-2185",medicare,07407216,2023-10-04 17:09:00
R1286,"WAGNER, JUSTIN",1974-11-04,m,,justin.wagner51@example.com,Bluestone OH 45501,Uninsured,04372929,2023-05-10 07:28:00
R1287,"Price, Jordan",11/29/1998,M,5552826267,,"Bluestone, OH 45502",KEYSTONE HEALTH PARTNERS,8964375,12/22/2012 09:13 AM
R1288,"Richardson, Philip",1956-08-05,M ,(555) 699-4127, philip.richardson91@example.com ,"Bluestone, OH 45503",Silverline MA,MRN-00504665,07/14/2021 05:51 PM
R1289,"Nelson, Noah",25-Oct-1989,m,555-828-1354,noah.nelson24@example.com,"Bluestone, OH 45501",Summit PPO,08317145,06/22/2021 07:33 AM
R1290,"Peters, Janice",01.20.1998,f,5552940043,janice.peters55@example.com,"Lakeview Heights, OH 45510-2717",SELF PAY,06109281,2013-02-19 09:04:00
R1291,"Hill, Debra",2006-11-22,F,555-452-3580,,"Bluestone, OH 45502",Summit PPO,7676806,2020-01-06 18:42:00
R1292,Teresa Green,07/14/1959, F,555.717.9944,teresa.green82@example.com,"BLUESTONE, OH 45502",MEDICARE,08307873,05/28/2021 09:10 AM
R1293,"MENDEZ, AHMED",05/17/1957,m,(555) 245-0134,ahmed.mendez12@example.com,"Oak Glen, OH 45730",Silverline MA,06294115,12/06/2008 04:07 PM
R1294,"Payne, Diane",05/27/1927, F,555-750-6972,diane.payne93@example.com,"Riverbend, OH 45545",Silverline Medicare Advantage,4265950,01/18/2014 02:11 PM
R1295,"Roberts, Shirley",03/08/1991,Female,(555) 513-3271,,"Bluestone, OH 45502",medicaid,8710159,09/11/2013 04:18 PM
R1296,"Wright, Joe",01/02/1966,Male,555-936-5734,joe.wright88@example.com,Lakeview Heights OH 45510,medicaid,07004771,08/05/2022 10:30 AM
R1297,"Willis, Jordan",2014-04-13,MALE,+1 555 248 0999,N/A,"Bluestone, OH 45503",KEYSTONE HEALTH PARTNERS,9457046,2019-02-13 07:57:00
R1298,Lori Clark,1995-05-04,FEMALE,555-308-1506,,"Riverbend, OH 45545-9539",Medicaid,MRN-03026415,2024-04-10 15:54:00
R1299,"West, Jessica",11/24/2006,FEMALE,555-295-5466,N/A,"LAKEVIEW HEIGHTS, OH 45510",Summit PPO,05957615,2021-07-17 16:28:00
R1300,"Ramirez, Wayne",10/22/1943,Male,,wayne.ramirez28@example.com,"Riverbend, OH 45545",Medicare Part A,01678724,02/02/2023 04:20 PM
R1301,"CARPENTER, ANN",23-Apr-2016,Female,+1 555 919 4295,N/A,"Bluestone, OH 45501",Keystone,956886,12/24/2023 03:26 PM
R1302,"WALKER, JESSE",21-Jun-2019,Male,555-696-9600,,"Bluestone, OH 45502",EVERGREEN MUTUAL INS,4887094,2023-02-21 09:18:00
R1303,"Tran, Russell",08/27/1969,Male,555-794-8931,russell.tran13@example.com,"Lakeview Heights, OH 45510",evergreen mutual insurance,MRN-07403992,05/05/2016 10:42 AM
R1304,"Matthews, Isabella",05/05/1949,f,555-343-5690,isabella.matthews33@example.com,Bluestone OH 45503,KEYSTONE HEALTH PARTNERS,03481967,2019-04-24 08:54:00
R1305,"Marshall, Helen",12/22/1994,f,(555) 509-2345, helen.marshall56@example.com ,"Bluestone, OH 45502",STATE MEDICAID,07360613,06/04/2022 12:22 PM
R1306,"COLEMAN, SHARON",2013-10-04,F,5558783463,none,"CEDAR RIDGE, OH 45720",EVERGREEN MUTUAL INS,02542087,05/13/2023 11:25 AM
R1307,"sullivan, kayla",03/30/1971,F,(555) 364-1182,kayla.sullivan71@example.com,"Bluestone, OH 45501",Summit Choice,05155556,2023-06-01 14:36:00
R1308,"Adams, Kathleen",2/4/1999,Female,+1 555 627 8064,kathleen.adams29@example.com,"ASHBY FALLS, OH 45610",medicaid,03502069,2021-10-24 18:52:00
R1309,Wayne Freeman,09/02/1956,m,(555) 449-3334,N/A,"Granite Springs, OH 45750-1949",Medicare Part A,00326186,2023-07-05 16:05:00
R1310,"Davis, Danielle",02/03/1951,Female,555-218-1576,N/A,"Cedar Ridge, OH 45720",MEDICARE,MRN-09111135,2023-10-11 18:43:00
R1311,Frank Guzman,1951-08-30,Male,(555) 903-0352,frank.guzman42@example.com,"Riverbend, OH 45545-4433",medicare,MRN-06602278,01/24/2020 10:46 AM
R1312,"RIVERA, SHARON",1936-12-04, F,555-671-9573,SHARON.RIVERA21@EXAMPLE.COM,Bluestone OH 45502,medicare,05891212,03/23/2008 02:17 PM
R1313,Kimberly Ray,1950-08-05,F,(555) 265-8569,KIMBERLY.RAY4@EXAMPLE.COM,"Ashby Falls, OH 45610",medicare,08520187,2013-08-07 18:26:00
R1314,Keith Holmes,1969-05-25,m,555-814-1961,,"Cedar Ridge, OH 45720",Keystone Health Ptnrs,03646690,2009-07-08 18:49:00
R1315,"FISHER, KAYLA",11/17/1954, F,(555) 639-8023,kayla.fisher82@example.com,Ashby Falls OH 45610,Medicare ,458769,2018-02-07 11:09:00
R1316,"Tran, Martha",10.12.1999,F,5556160932,martha.tran62@example.com,"Riverbend, OH 45545",Self Pay,06932617,2016-02-05 10:22:00
R1317,"TUCKER, SOPHIA",09/08/1966,F,(555) 338-5503,,"Bluestone, OH 45502",State Medicaid,1276260,2019-12-21 08:22:00
R1318,"Marshall, Diane",1975-11-09,F,(555) 669-5712,,"Bluestone, OH 45502",State Medicaid,08147910,2019-02-07 13:36:00
R1319,"  Harrison ,  Jerry ",2/8/1971,M,(555) 723-7413, jerry.harrison88@example.com ,"Bluestone, OH 45501-9344",medicaid,4988438,02/10/2024 10:47 AM
R1320,"FOX, KAYLA",02/19/1947,Female,(555) 818-1870,kayla.fox61@example.com,"Bluestone, OH 45501",Medicare,06693235,12/29/2020 08:35 AM
R1321,"Snyder, Doris",06/20/1961,F,(555) 662-0283,doris.snyder71@example.com,Bluestone OH 45501,self-pay,01249951,11/08/2010 12:30 PM
R1322,"Adams, Ronald",11/04/1957,m,+1 555 543 3945,ronald.adams64@example.com,"MILLBROOK, OH 45530",Silverline Medicare Advantage ,MRN-08734597,08/12/2015 03:07 PM
R1323,"Romero, James",02-Aug-1971,Male,(555) 909-0173,N/A,"Lakeview Heights, OH 45510",Evergreen Mutual,3648297,2024-06-14 18:09:00
R1324,"WELLS, OLIVIA",1986-05-10, F,5554604883,olivia.wells51@example.com,"ASHBY FALLS, OH 45610",self-pay,05411565,2015-09-02 10:45:00
R1325,"Kim, Ethan",23-May-1931,m,5559648131,ethan.kim24@example.com,"Ashby Falls, OH 45610-1593",MEDICARE,02110671,2022-10-29 10:04:00
R1326,"Contreras, Aaliyah",10/06/2001,FEMALE,5559273158, aaliyah.contreras52@example.com ,"Cedar Ridge, OH 45720",Self Pay,MRN-05209520,07/27/2012 08:26 AM
R1327,"Haddad, Charles",19-Mar-1954,M,,CHARLES.HADDAD21@EXAMPLE.COM,"Bluestone, OH 45503",medicare,00872871,2021-12-03 18:04:00
R1328,"Cunningham, Denise",29-Aug-1948,F,+1 555 675 0081,denise.cunningham60@example.com,"Millbrook, OH 45530",Keystone Health Ptnrs,03525844,2013-02-27 17:23:00
R1329,"Ellis, Willie",07/10/1997,M,555.892.8446,N/A,"ASHBY FALLS, OH 45610",EVERGREEN MUTUAL INS,4096558,2009-02-02 16:56:00
R1330,"Snyder, Lori",1967-02-02, F,5553977541,LORI.SNYDER13@EXAMPLE.COM,"Oak Glen, OH 45730",medicaid,02031509,2019-07-22 15:26:00
R1331,"Murray, Roger",8/21/1981,Male,(555) 718-6415,none,"Oak Glen, OH 45730",Evergreen Mutual,MRN-07547770,01/17/2023 07:02 AM
R1332,Ronald Cox,07-Jun-2005,MALE,555.529.8330,none,Cedar Ridge OH 45720,STATE MEDICAID,03601518,2014-08-15 09:23:00
R1333,"RIVERA, KELLY",07-Dec-1941,F,5554026172,,Cedar Ridge OH 45720,medicare,00130754,2012-10-13 18:26:00
R1334,"gomez, elizabeth",26-Oct-1970,f,(555) 701-2318,elizabeth.gomez76@example.com,Millbrook OH 45530,State Medicaid,05094809,2008-05-14 15:10:00
R1335,"Campbell, Luis",04.25.1978,Male,(555) 736-4151, luis.campbell36@example.com ,"BLUESTONE, OH 45501",medicaid,06081608,2021-05-13 08:53:00
R1336,"Gutierrez, Angela",03/30/1979, F,555-684-6835,,"Bluestone, OH 45502",Self Pay,08946657,2014-05-09 17:10:00
R1337,"Rice, Omar",1997-01-16,m,+1 555 335 8050,omar.rice44@example.com,"Oak Glen, OH 45730",KEYSTONE HEALTH PARTNERS,01222255,2011-12-04 12:17:00
R1338,"Contreras, Timothy",1967-04-24,m,555-474-9288,timothy.contreras88@example.com,"Millbrook, OH 45530",Summit PPO,MRN-09878400,03/07/2014 02:24 PM
R1339,Jeffrey Nelson,02/18/1973,M,(555) 251-8810,none,"MILLBROOK, OH 45530",Evergreen Mutual Insurance,00972222,2009-10-06 15:44:00
R1340,"WEST, DYLAN",09/07/1977,Male,5553672927,N/A,"Bluestone, OH 45502",EVERGREEN MUTUAL INS,08282423,2017-04-09 09:59:00
R1341,Donna Robertson,1999-08-23,F,(555) 670-5347,,"RIVERBEND, OH 45545",EVERGREEN MUTUAL INS,00332545,01/24/2018 08:10 AM
R1342,"Ortiz, George",12/17/1996,M ,555-548-0196,,Bluestone OH 45502,State Medicaid,3630536,2014-02-03 15:40:00
R1343,"ROGERS, JEAN",10/31/1960,f,555-900-0623,N/A,"Bluestone, OH 45503",Silverline MA,09374611,2019-08-06 10:36:00
R1344,"Ryan, Ruth",2016-12-16,Female,5554179950,,"Riverbend, OH 45545-5318",Medicaid,06523104,2020-02-20 18:33:00
R1345,"Davis, Anthony",1971-08-24,M,5554444170,anthony.davis87@example.com,Lakeview Heights OH 45510,STATE MEDICAID,03812845,2009-09-11 13:34:00
R1346,"Bryant, Aaron",04/21/1999,Male,(555) 729-8064, aaron.bryant51@example.com ,"Bluestone, OH 45501-3915",Keystone,01167184,06/08/2022 05:30 PM
R1347,"sanders, jeremy",09.09.1977,M,555-535-9791,jeremy.sanders77@example.com,"Bluestone, OH 45501-4876",evergreen mutual insurance,5897802,06/13/2015 11:38 AM
R1348,"Medina, Abigail",1931-01-26, F,555-780-9268,abigail.medina21@example.com,"Millbrook, OH 45530",Silverline Medicare Advantage,04464336,2022-09-22 14:20:00
R1349,"Shaw, Michael",5/12/1953,M ,(555) 373-4984,,"Ashby Falls, OH 45610",Silverline Medicare Advantage,MRN-00903733,2014-05-14 15:59:00
R1350,"Kowalski, Robert",1981-05-15,M,5553594360,robert.kowalski92@example.com,"Fairhaven, OH 45620",EVERGREEN MUTUAL INS,MRN-08059670,2021-08-09 15:59:00
R1351,"Shaw, Eugene",1966-01-31,M ,(555) 765-8513,N/A,"BLUESTONE, OH 45501",Keystone Health Partners,03800736,2011-05-09 11:30:00
R1352,Bradley Johnston,2016-03-21,m,(555) 987-3536,N/A,"Pine Hollow, OH 45640-9632",SUMMIT CHOICE PPO,4670548,05/23/2020 07:33 AM
R1353,"  Gardner ,  Debra ",08/08/1957,FEMALE,5558966851,,"Granite Springs, OH 45750",SILVERLINE MEDICARE ADV.,08724975,2015-10-18 17:13:00
R1354,"Wright, Jerry",07.26.1948,M,555-385-7218,jerry.wright2@example.com,"BLUESTONE, OH 45502",MEDICARE,02037200,01/24/2018 08:14 AM
R1355,"GONZALES, VICTORIA",01-Jun-2000,Female,,victoria.gonzales23@example.com,"Riverbend, OH 45545",KEYSTONE HEALTH PARTNERS,00252890,11/17/2020 01:38 PM
R1356,"Chavez, Ava",1950-12-02,F,555-322-2148,ava.chavez94@example.com,"Bluestone, OH 45501-9622",Silverline Medicare Advantage,00550533,08/07/2022 06:11 PM
R1357,"Turner, Lucia",2018-03-31,Female,(555) 579-7204,,"Bluestone, OH 45502",Summit PPO,00787405,08/15/2022 08:07 AM
R1358,"Cooper, Abigail",28-Feb-1958,F,555-918-4173,abigail.cooper73@example.com,"Bluestone, OH 45501-9319",MEDICARE,00477549,09/10/2020 09:53 AM
R1359,"Marshall, Diane",11/09/1975,FEMALE,(555) 669-5712,,"Bluestone, OH 45502",Medicaid,08147910,2019-02-07 09:48:00
R1360,"wilson, rebecca",08-Apr-1992, F,(555) 243-5347,N/A,"FAIRHAVEN, OH 45620",Medicaid,08079623,2013-05-20 11:52:00
R1361,"myers, mei",11/17/1934,F,5555913655,,Lakeview Heights OH 45510,STATE MEDICAID,09177941,01/19/2013 09:39 AM
R1362,"Castro, Evelyn",07/28/1954,f,5556160207,evelyn.castro83@example.com,"Millbrook, OH 45530",Medicare Part A,09209071,2023-09-27 17:53:00
R1363,"Holmes, Samuel",12.17.1980,m,5553284327,N/A,Bluestone OH 45502,KEYSTONE HEALTH PARTNERS,06048168,2023-06-05 07:59:00
R1364,Randy Vazquez,12/24/1991,M,(555) 661-2671,none,Cedar Ridge OH 45720,Self Pay,06412541,11/05/2017 12:14 PM
R1365,Jacqueline Wright,10/03/2021, F,555-573-3296,,"Fairhaven, OH 45620-9009",Keystone Health Ptnrs,6177614,05/13/2022 07:28 AM
R1366,Jeffrey Gomez,18-May-1993,M ,555-567-4231,none,"Cedar Ridge, OH 45720",Keystone Health Partners,3731552,2014-05-02 17:33:00
R1367,"  Sanders ,  Jeremy ",09-Sep-1977,MALE,555-535-9791,jeremy.sanders77@example.com,"Bluestone, OH 45501",EVERGREEN MUTUAL INS,05897802,2015-06-13 17:37:00
R1368,"coleman, shirley",1949-11-11,FEMALE,555-211-0116,N/A,"Bluestone, OH 45503",SILVERLINE MEDICARE ADV.,6141586,05/13/2012 12:06 PM
R1369,"RYAN, RUTH",12/16/2016,FEMALE,5554179950,N/A,"Riverbend, OH 45545-7729",Medicaid,MRN-06523104,2020-02-20 13:50:00
R1370,Mateo Lawrence,04/07/1992,MALE,5558714798,mateo.lawrence49@example.com,"Ashby Falls, OH 45610",Evergreen Mutual Insurance,03195031,2014-12-17 14:30:00
R1371,"FLORES, JANICE",09/09/1947,F,(555) 615-5780,N/A,Bluestone OH 45502,Medicare ,3928116,2017-09-20 13:40:00
R1372,"Novak, Larry",1990-05-13,M ,+1 555 246 8236,,"Cedar Ridge, OH 45720",Self Pay,09205091,06/15/2023 11:42 AM
R1373,"Flores, Doris",1974-08-22,F,(555) 870-8449, doris.flores20@example.com ,"Fairhaven, OH 45620-4177",State Medicaid,07532010,2012-08-04 11:16:00
R1374,"Roberts, Aaron",11/23/1969,M,5555881445, aaron.roberts46@example.com ,"Bluestone, OH 45502",Evergreen Mutual Insurance,08274115,2023-04-27 13:46:00
R1375,"CLARK, HENRY",1950-01-20,MALE,5555901437,HENRY.CLARK50@EXAMPLE.COM,"Riverbend, OH 45545",Medicare,9838136,08/18/2008 11:37 AM
R1376,"cruz, paul",11-Apr-1958,m,555-987-8128,,"Riverbend, OH 45545",medicare,08247600,2023-09-08 11:02:00
R1377,"Aguilar, George",01/11/1995,M ,555.519.1314,george.aguilar9@example.com,"BLUESTONE, OH 45503",evergreen mutual insurance,01825933,2011-08-03 11:24:00
R1378,"hernandez, aaliyah",30-Jan-1973,F,(555) 357-4334,AALIYAH.HERNANDEZ29@EXAMPLE.COM,"Bluestone, OH 45501",EVERGREEN MUTUAL INS,05132014,2009-01-25 17:33:00
R1379,"jenkins, cynthia",07-Mar-1965,F,555-874-2561,cynthia.jenkins67@example.com,"Oak Glen, OH 45730",STATE MEDICAID,00538877,01/20/2019 05:00 PM
R1380,"Fisher, Henry",07/01/2004,M,(555) 712-6362,,"Bluestone, OH 45503-7959",evergreen mutual insurance,05189138,08/24/2017 09:41 AM
R1381,"kim, angela",05/22/1964,F,555.516.5844,angela.kim4@example.com,"Bluestone, OH 45501-5311",EVERGREEN MUTUAL INS,6569579,2015-12-05 12:09:00
R1382,"Murphy, Denise",01/20/1927,FEMALE,555-952-7130,N/A,"Riverbend, OH 45545",medicare,06450086,2022-03-11 11:17:00
R1383,"MORGAN, BRUCE",1945-09-29,M,555-339-1617, bruce.morgan9@example.com ,Bluestone OH 45501,Silverline Medicare Advantage ,08554017,2023-12-02 13:36:00
R1384,Nicholas Stewart,06/22/2005,M,555.866.9208,N/A,Ashby Falls OH 45610,Summit Choice PPO,MRN-08933110,11/24/2017 05:27 PM
R1385,"Delgado, Virginia",05.07.1931,F,5553727037,virginia.delgado82@example.com,"Granite Springs, OH 45750-2440",State Medicaid,01808639,09/16/2023 06:00 PM
R1386,"FERGUSON, DORIS",12/30/2005, F,555-853-7424,none,"Bluestone, OH 45503",Keystone,04601599,06/08/2021 05:59 PM
R1387,"hayes, joseph",12/18/1930,Male,555.738.5381,joseph.hayes58@example.com,Riverbend OH 45545,Silverline Medicare Advantage,MRN-01744632,2012-04-10 14:52:00
R1388,"robertson, susan",11/17/1988,F,(555) 826-5383,SUSAN.ROBERTSON44@EXAMPLE.COM,"RIVERBEND, OH 45545",Summit PPO,09482389,2023-11-11 10:27:00
R1389,"Ortiz, Aaliyah",06/24/1953,FEMALE,(555) 842-9227,,"Pine Hollow, OH 45640-8347",SILVERLINE MEDICARE ADV.,09572943,2024-06-05 10:46:00
R1390,"Bradley, Christian",08/01/2005,M,(555) 901-7787,,"Lakeview Heights, OH 45510",EVERGREEN MUTUAL INS,05766438,2009-10-12 17:47:00
R1391,"  Alvarado ,  Wayne ",11/9/1950,M,5558365983,none,"Ashby Falls, OH 45610",Medicare,1860654,2016-03-24 08:09:00
R1392,Grace Porter,1954-07-02,FEMALE,+1 555 491 9202,GRACE.PORTER46@EXAMPLE.COM,Bluestone OH 45503,MEDICARE,04969153,04/29/2008 12:49 PM
R1393,Jose Hunter,1964-01-15,m,(555) 611-7422,N/A,Riverbend OH 45545,Medicare,06833009,05/05/2011 02:57 PM
R1394,"Collins, Daniel",04-Dec-1953,Male,,daniel.collins46@example.com,"Riverbend, OH 45545",medicare,9658059,04/27/2008 08:04 AM
R1395,"Palmer, Henry",1938-05-06,m,5557465684,henry.palmer36@example.com,"RIVERBEND, OH 45545",Medicare ,01315892,2012-01-16 18:07:00
R1396,"WARREN, CHARLES",12/03/1964,m,5557036527,none,"Cedar Ridge, OH 45720",MEDICARE,9335474,10/11/2021 04:14 PM
R1397,"Walker, Judith",14-Nov-1993,FEMALE,(555) 404-7258,judith.walker43@example.com,"Bluestone, OH 45502",evergreen mutual insurance,2570260,06/25/2024 09:29 AM
R1398,"RUSSELL, AMINA",10/13/2002,F,5557389748,N/A,Bluestone OH 45501,medicare,08037553,2020-08-13 16:16:00
R1399,"Wilson, Rebecca",4/8/1992,FEMALE,555.243.5347,none,"FAIRHAVEN, OH 45620",State Medicaid,08079623,2013-05-20 16:05:00
R1400,"Robinson, Brian",05/09/2006,M ,5553216567, brian.robinson55@example.com ,Cedar Ridge OH 45720,STATE MEDICAID,03479397,2018-12-24 15:12:00
R1401,"  Andrews ,  Danielle ",1990-07-02,FEMALE,5559599966, danielle.andrews44@example.com ,"Cedar Ridge, OH 45720",Evergreen Mutual Insurance,07250969,2024-10-04 08:23:00
R1402,Ethan Carpenter,04/15/1976,MALE,+1 555 374 7862,none,"Bluestone, OH 45501",medicaid,09533208,2022-07-25 13:43:00
R1403,"CHAVEZ, HELEN",12/23/2020,f,+1 555 697 4114,N/A,"Riverbend, OH 45545-2821",State Medicaid,07050556,2024-10-03 08:01:00
R1404,"  Hill ,  William ",04/14/1976,M ,555-608-2788,,"Bluestone, OH 45502",Keystone Health Ptnrs,MRN-02364235,2023-03-04 15:01:00
R1405,Timothy Nguyen,06/07/1988,M ,5558630329,timothy.nguyen2@example.com,"Ashby Falls, OH 45610",Evergreen Mutual Insurance,07422003,2023-05-21 16:17:00
R1406,Alan Reynolds,03/31/1968,MALE,555-310-1596, alan.reynolds93@example.com ,"Cedar Ridge, OH 45720",Keystone,06061489,2016-03-17 08:19:00
R1407,"Ward, Thomas",1964-08-14,Male,555-951-4780,thomas.ward53@example.com,"Cedar Ridge, OH 45720",SUMMIT CHOICE PPO,00100233,2010-11-07 12:06:00
R1408,"  Harrison ,  Kayla ",12/20/1975,f,555.281.1106, kayla.harrison19@example.com ,"Lakeview Heights, OH 45510",Summit Choice,03441776,12/13/2018 12:05 PM
R1409,"WHITE, AMBER",6/24/1996, F,5555563833,amber.white81@example.com,"Cedar Ridge, OH 45720",STATE MEDICAID,3929231,07/10/2024 07:15 AM
R1410,"rivera, sara",08-May-2003,F,555.959.7535,N/A,"Bluestone, OH 45501",EVERGREEN MUTUAL INS,5674546,01/27/2010 12:06 PM
R1411,"Hayes, Nicholas",1989-04-08,M ,+1 555 855 2858,NICHOLAS.HAYES10@EXAMPLE.COM,Cedar Ridge OH 45720,Keystone Health Ptnrs,01583225,2012-02-17 13:52:00
R1412,"Holmes, Jessica",03/31/1981, F,555-983-1092,jessica.holmes71@example.com,Cedar Ridge OH 45720,Evergreen Mutual Insurance,07958044,2023-05-08 13:58:00
R1413,"coleman, mei",1975-09-30,FEMALE,5553414951,MEI.COLEMAN79@EXAMPLE.COM,"Bluestone, OH 45502",Evergreen Mutual Insurance,01580053,2022-09-23 09:55:00
R1414,Helen Richards,18-Sep-1970,F,+1 555 292 4923,helen.richards34@example.com,"Bluestone, OH 45501-8671",Summit PPO,7134019,09/28/2023 04:00 PM
R1415,"SANCHEZ, DIANA",10/29/2016,Female,(555) 220-4806,N/A,"Bluestone, OH 45502",Summit PPO,2389560,2020-09-20 15:40:00
R1416,"Daniels, Mei",1991-04-30,Female,(555) 735-7501,none,"Ashby Falls, OH 45610",Keystone Health Ptnrs,08347484,2024-04-01 07:41:00
R1417,"Webb, Donald",1967-01-14,MALE,(555) 667-2592,donald.webb86@example.com,"BLUESTONE, OH 45503",SELF PAY,MRN-05026116,05/31/2017 12:29 PM
R1418,"Jackson, Natalie",02/19/1965, F,5555783874,,"Bluestone, OH 45503",STATE MEDICAID,7344075,09/20/2013 03:57 PM
R1419,"BERRY, BRYAN",11/19/1961,M ,555.545.4947,none,"LAKEVIEW HEIGHTS, OH 45510",Keystone,07401534,07/28/2011 12:47 PM
R1420,"LOPEZ, ROSA",09/05/1945,F,(555) 550-5753,rosa.lopez32@example.com,Cedar Ridge OH 45720,medicare,1512014,01/14/2021 05:33 PM
R1421,"HOLMES, LINH",1960-11-29,F,555-323-6796,linh.holmes92@example.com,"Pine Hollow, OH 45640-4804",medicaid,03873071,2018-05-02 16:19:00
R1422,"Jones, Susan",14-Sep-1968,F,555-617-3686, susan.jones36@example.com ,"BLUESTONE, OH 45503",Keystone,05095669,2010-09-02 16:27:00
R1423,"thompson, jesse",15-Jun-2005,m,,N/A,"Bluestone, OH 45502",medicaid,03001067,04/10/2008 12:02 PM
R1424,"shaw, larry",1948-09-24,Male,555-201-7862,larry.shaw78@example.com,"Bluestone, OH 45502",STATE MEDICAID,04544699,2022-04-23 09:05:00
R1425,"  Jordan ,  Judy ",01/26/2024,F,(555) 591-5977,,"Riverbend, OH 45545",State Medicaid,5365885,01/28/2024 06:40 PM
R1426,Alexander Santos,04/08/1979,M,(555) 792-1910, alexander.santos1@example.com ,"Lakeview Heights, OH 45510",EVERGREEN MUTUAL INS,03319123,08/02/2018 08:25 AM
R1427,Robert Edwards,10/7/1960,Male,555-374-8363,none,"Bluestone, OH 45503",Medicare,04707379,01/23/2021 10:01 AM
R1428,"Myers, Amanda",05/21/1936,Female,(555) 514-8680,AMANDA.MYERS68@EXAMPLE.COM,"ASHBY FALLS, OH 45610",MEDICARE,6388262,05/28/2023 12:54 PM
R1429,"anderson, ethan",8/31/2004,M ,5559794394,ethan.anderson43@example.com,Riverbend OH 45545,Keystone Health Partners,06383522,08/15/2014 01:25 PM
R1430,"OSEI, AHMED",1973-04-15,M,5552642314,ahmed.osei36@example.com,"Pine Hollow, OH 45640-1523",KEYSTONE HEALTH PARTNERS,01535390,2024-05-17 12:01:00
R1431,"RAY, ABIGAIL",09/14/1996,F,555-329-9705,abigail.ray3@example.com,"Millbrook, OH 45530-8186",STATE MEDICAID,04041964,01/08/2020 09:33 AM
R1432,"Kennedy, Larry",03/24/1995,M,(555) 645-4182,,"Bluestone, OH 45501",Summit Choice PPO,05271904,2024-03-24 16:11:00
R1433,"Kowalski, Jose",12/23/1970,M,, jose.kowalski5@example.com ,"Bluestone, OH 45502",Keystone Health Ptnrs,03910482,01/05/2024 05:27 PM
R1434,"  Ford ,  Michelle ",06/22/2025,Female,(555) 655-6926,,"Bluestone, OH 45501",medicaid,00852736,2024-06-04 17:36:00
R1435,"HAYES, ROSA",17-May-1949,f,(555) 684-4482,,"Bluestone, OH 45501",Medicare Part A,4749021,2021-06-06 09:47:00
R1436,"Griffin, Aaron",10/08/2006,M,555.354.3611,AARON.GRIFFIN9@EXAMPLE.COM,"Millbrook, OH 45530",Evergreen Mutual Insurance,05891705,2025-02-24 17:15:00
R1437,"Gomez, Kenneth",01/16/1993,M,5559125524,,"Bluestone, OH 45502",STATE MEDICAID,06125388,2010-04-17 18:57:00
R1438,"Kennedy, Martha",07/30/2013,F,(555) 728-9889,none,"Lakeview Heights, OH 45510",Keystone,04277692,2017-07-15 12:32:00
R1439,"ALEXANDER, GERALD",10-Jul-1977,M,5555862883,gerald.alexander41@example.com,"Bluestone, OH 45502-2223",medicaid,09626156,2017-07-16 11:07:00
R1440,"Campbell, Virginia",08/06/1989,Female,(555) 455-0735,virginia.campbell86@example.com,"Riverbend, OH 45545",Summit Choice,09849286,2008-02-22 14:10:00
R1441,"THOMPSON, SARA",2006-01-18,F,555-706-9963, sara.thompson24@example.com ,"Millbrook, OH 45530-4130",State Medicaid,05700982,2019-05-13 09:46:00
R1442,"Hunter, Russell",9/26/1962,M,5555203195,RUSSELL.HUNTER93@EXAMPLE.COM,"Bluestone, OH 45503-8380",Evergreen Mutual Insurance,06940531,2012-07-04 18:57:00
R1443,"PHILLIPS, JAMES",04/12/1977,M,555.241.9349,james.phillips57@example.com,"FAIRHAVEN, OH 45620",Evergreen Mutual,05290610,2024-03-12 09:32:00
R1444,"Castillo, Judith",06.01.1980,FEMALE,555-953-7822,judith.castillo59@example.com,"BLUESTONE, OH 45502",STATE MEDICAID,MRN-08336022,01/17/2011 09:40 AM
R1445,"lopez, robert",1937-05-14,m,5556759321,,"Cedar Ridge, OH 45720-3747",Medicare,02913837,05/21/2022 08:45 AM
R1446,Lawrence Santos,01/07/1997,Male,555-536-1712,,Cedar Ridge OH 45720,STATE MEDICAID,MRN-02619930,2023-12-26 17:48:00
R1447,"boyd, kayla",1998-11-18,f,555.583.8893,,"Bluestone, OH 45503",MEDICARE,04461134,2011-02-19 14:10:00
R1448,"FOSTER, ALICE",04/15/1958,FEMALE,(555) 456-8723,alice.foster19@example.com,"Bluestone, OH 45501",Medicare,01151324,2018-04-09 18:12:00
R1449,"Hernandez, Mia",03.18.1967,F,(555) 234-4081,mia.hernandez63@example.com,Bluestone OH 45502,Evergreen Mutual Insurance,MRN-09194491,2024-05-19 15:51:00
R1450,"  Robinson ,  Joan ",04-Aug-1950,Female,(555) 745-9237,joan.robinson60@example.com,"Bluestone, OH 45501",Silverline Medicare Advantage,09873175,2023-08-25 12:03:00
R1451,"WARREN, SUSAN",1964-08-23,F,5556688102,susan.warren82@example.com,"OAK GLEN, OH 45730",Summit Choice,2136160,04/26/2018 05:25 PM
R1452,Jordan Jenkins,11/30/1970,MALE,5556151984,,"Riverbend, OH 45545-6431",evergreen mutual insurance,3939906,2014-03-12 07:30:00
R1453,Kimberly Ward,10.11.1990,f,555.937.0011,none,"Cedar Ridge, OH 45720",EVERGREEN MUTUAL INS,02547554,12/04/2017 01:26 PM
R1454,"  Osei ,  Jose ",10-Oct-2001,m,5554160765,jose.osei45@example.com,"Bluestone, OH 45502",Keystone Health Partners,MRN-04389763,09/21/2013 04:48 PM
R1455,Evelyn Vargas,09/26/1979,F,(555) 705-3988,N/A,"Riverbend, OH 45545-6729",Keystone Health Ptnrs,00750032,2019-10-04 07:52:00
R1456,"shaw, aaliyah",08/18/1988,Female,555-567-7071, aaliyah.shaw42@example.com ,"Bluestone, OH 45501",medicaid,09857159,2011-05-29 18:32:00
R1457,"Bell, Amina",09/21/1941,f,(555) 395-3278,,"BLUESTONE, OH 45503",Medicare,06955109,2024-04-08 08:02:00
R1458,"  Roberts ,  Alexis ",02.25.1944,F,(555) 956-8099,,"Bluestone, OH 45502",MEDICARE,03180796,2017-03-21 18:30:00
R1459,"fisher, frances",9/18/1989,F,(555) 863-6682,frances.fisher37@example.com,"Ashby Falls, OH 45610-7670",STATE MEDICAID,06939344,03/31/2012 09:39 AM
R1460,"BAILEY, HELEN",2019-08-14, F,(555) 411-7487,none,"Bluestone, OH 45503",medicaid,MRN-03044407,06/09/2020 07:17 AM
R1461,"Adams, Bobby",04/01/1963,m,(555) 560-2543,bobby.adams95@example.com,"Cedar Ridge, OH 45720",State Medicaid,01716642,2009-10-22 14:31:00
R1462,Natalie Fernandez,22-Nov-1982,f,+1 555 292 5108, natalie.fernandez12@example.com ,"Bluestone, OH 45502",evergreen mutual insurance,6499891,2017-10-31 08:45:00
R1463,"  Kennedy ,  Mateo ",12/23/1963,m,555.401.6618,mateo.kennedy63@example.com,"BLUESTONE, OH 45502",Summit PPO,09554295,2019-11-07 16:02:00
R1464,"  Matthews ,  Cheryl ",04/19/1972,Female,555.643.8270,,"Bluestone, OH 45503",Keystone Health Ptnrs,MRN-04505903,2011-01-10 08:35:00
R1465,"graham, john",02/03/1969,MALE,(555) 851-8407, john.graham83@example.com ,"Bluestone, OH 45502",Summit Choice,1524371,2012-08-17 13:13:00
R1466,"FERNANDEZ, MARK",03/06/1951,Male,(555) 545-4292,mark.fernandez22@example.com,"BLUESTONE, OH 45501",MEDICARE,04896097,2016-06-06 16:21:00
R1467,"Hicks, Ruth",12/03/1970,Female,,ruth.hicks53@example.com,Bluestone OH 45501,MEDICARE,02664675,2021-05-29 10:10:00
R1468,"Pierce, Jerry",03/25/1956,Male,555.455.1004,jerry.pierce44@example.com,"Oak Glen, OH 45730",MEDICARE,01196536,05/15/2015 01:52 PM
R1469,"FORD, JULIE",03/20/1947,Female,(555) 876-3762,,"Bluestone, OH 45503",Silverline MA,07775501,12/04/2021 04:57 PM
R1470,"  Jackson ,  Justin ",02-Feb-1974,Male,555-905-7881,justin.jackson31@example.com,"Cedar Ridge, OH 45720",Self Pay,794829,2021-03-29 16:08:00
R1471,"Marshall, Mei",08/11/1967,Female,(555) 640-9696, mei.marshall27@example.com ,"FAIRHAVEN, OH 45620",KEYSTONE HEALTH PARTNERS,MRN-03478502,02/29/2020 02:47 PM
R1472,"Coleman, John",09/27/1958,Male,(555) 669-4644, john.coleman67@example.com ,"RIVERBEND, OH 45545",Medicare Part A,02513631,01/03/2016 09:07 AM
R1473,Carol Cruz,08.12.1948,FEMALE,(555) 326-5093,carol.cruz19@example.com,Bluestone OH 45503,medicare,MRN-05679128,2014-05-05 12:23:00
R1474,Justin Lewis,04/29/1982,M,(555) 730-7629,,"Riverbend, OH 45545",EVERGREEN MUTUAL INS,MRN-02226283,2023-11-09 16:15:00
R1475,"Lopez, Timothy",04/21/1952,m,555-531-9887, timothy.lopez78@example.com ,Bluestone OH 45502,Medicare ,5802530,2010-05-03 10:28:00
R1476,Ruth Porter,02-Nov-1983,F,555-982-2285,ruth.porter85@example.com,"Bluestone, OH 45502",EVERGREEN MUTUAL INS,7427840,10/12/2015 03:53 PM
R1477,"  Guzman ,  Frank ",08/30/1951,M,5559030352,FRANK.GUZMAN42@EXAMPLE.COM,"Riverbend, OH 45545-4784",Medicare Part A,06602278,01/24/2020 03:03 PM
R1478,"Wallace, Nicholas",11/18/1981,MALE,+1 555 679 3247,nicholas.wallace59@example.com,"Cedar Ridge, OH 45720-9764",SELF PAY,9313525,04/17/2022 07:58 AM
R1479,"  Robinson ,  Christian ",09/18/1937,Male,5552381731,christian.robinson53@example.com,"BLUESTONE, OH 45501",Medicare ,2331317,2019-04-02 15:25:00
R1480,"Fox, Hassan",12-Oct-1946,m,555-365-9591,hassan.fox43@example.com,"BLUESTONE, OH 45502",Silverline MA,8989869,2014-03-14 09:14:00
R1481,"Collins, Christine",12/12/1938,Female,(555) 769-9544,christine.collins39@example.com,"Fairhaven, OH 45620",Medicare Part A,09683497,03/17/2021 02:48 PM
R1482,"  Hayes ,  Nicholas ",04/08/1989,MALE,555.855.2858,nicholas.hayes10@example.com,"Cedar Ridge, OH 45720",KEYSTONE HEALTH PARTNERS,1583225,2012-02-17 18:35:00
R1483,"Kennedy, Christine",04/05/1970,f,(555) 524-4030, christine.kennedy75@example.com ,"Ashby Falls, OH 45610",Self Pay,00036927,2015-05-26 11:14:00
R1484,"Nichols, Stephen",1953-04-09,m,5556416282,stephen.nichols80@example.com,Bluestone OH 45503,Medicare ,740008,11/06/2021 12:51 PM
R1485,Liam Dixon,1961-04-30,m,555-975-9093,N/A,"Ashby Falls, OH 45610",State Medicaid,00630773,10/25/2023 06:02 PM
R1486,"Pierce, Nancy",2007-10-08,Female,5555169142,N/A,"Cedar Ridge, OH 45720-4213",Keystone,06992853,2019-10-29 14:28:00
R1487,"Henry, Thomas",07/28/1969,M ,(555) 228-5630,,"Pine Hollow, OH 45640",KEYSTONE HEALTH PARTNERS,09845344,2018-06-15 08:42:00
R1488,"Flores, Nancy",7/12/2006,f,555-537-3866, nancy.flores36@example.com ,"Millbrook, OH 45530",SUMMIT CHOICE PPO,MRN-05344695,2023-11-23 16:03:00
R1489,"WRIGHT, ALEXIS",1992-03-30, F,(555) 445-0654,alexis.wright39@example.com,"Bluestone, OH 45501",medicaid,09440135,08/18/2024 07:33 AM
R1490,"Hicks, Willie",01.14.1980,MALE,5558968016,WILLIE.HICKS72@EXAMPLE.COM,"Oak Glen, OH 45730",SELF PAY,906419,2018-09-28 17:06:00
R1491,"  Santos ,  Aaron ",11/10/1988,M,555-268-9268,none,Bluestone OH 45501,Uninsured,06849564,12/24/2021 03:40 PM
R1492,Wayne Chen,04/07/1973,M,+1 555 886 4405,,"FAIRHAVEN, OH 45620",KEYSTONE HEALTH PARTNERS,6585899,08/01/2019 11:54 AM
R1493,Theresa Morris,23-Dec-2015, F,555-952-2236,,"Bluestone, OH 45502",Evergreen Mutual,MRN-08909655,2021-06-11 14:06:00
R1494,"Ortiz, Samuel",6/5/1959,Male,5558105159,samuel.ortiz96@example.com,"Bluestone, OH 45502",Medicare,MRN-00669497,05/10/2022 10:52 AM
R1495,"Kowalski, Rosa",6/14/1961,FEMALE,555.415.7883,rosa.kowalski92@example.com,Bluestone OH 45501,Keystone Health Ptnrs,8852022,05/29/2013 05:57 PM
R1496,"Herrera, Rachel",03.17.2004, F,(555) 321-5074,N/A,"Oak Glen, OH 45730",EVERGREEN MUTUAL INS,MRN-06151059,07/06/2021 04:27 PM
R1497,"Adams, Ronald",11.04.1957,m,5555433945,ronald.adams64@example.com,"MILLBROOK, OH 45530",Silverline MA,8734597,08/12/2015 07:26 AM
R1498,"Morris, Lisa",1929-11-28,F,(555) 657-5074,lisa.morris97@example.com,"Bluestone, OH 45501-5880",Silverline Medicare Advantage,527567,10/16/2008 06:46 PM
R1499,"Pena, Joseph",09/27/1928,m,555-855-5530,joseph.pena57@example.com,"Bluestone, OH 45502",Silverline Medicare Advantage,06792129,02/22/2019 07:44 AM
R1500,"Gonzalez, Frank",07/15/2000,M,(555) 939-2526,FRANK.GONZALEZ60@EXAMPLE.COM,"Bluestone, OH 45501",Evergreen Mutual Insurance,01312758,11/16/2014 06:29 PM
R1501,Sandra Cruz,6/8/2009,F,(555) 303-4463,SANDRA.CRUZ28@EXAMPLE.COM,Bluestone OH 45503,medicaid,06391914,2017-09-06 16:30:00
R1502,"Ray, Teresa",08/12/2000,FEMALE,(555) 853-6046,none,Granite Springs OH 45750,Uninsured,04137535,02/15/2022 01:24 PM
R1503,"Rivera, Justin",6/4/1949,M ,,justin.rivera67@example.com,"Oak Glen, OH 45730",Medicare Part A,08454666,2022-12-10 17:43:00
R1504,"FISHER, ZACHARY",7/27/1998,Male,(555) 373-8283,zachary.fisher1@example.com,"BLUESTONE, OH 45501",Evergreen Mutual Insurance,05795018,2013-08-20 12:37:00
R1505,"MITCHELL, EMILY",12/07/1967,F,(555) 626-9736,emily.mitchell35@example.com,"Ashby Falls, OH 45610",medicaid,02672120,2015-03-28 16:30:00
R1506,"McDonald, Jose",09-Feb-2002,M,555-202-1813,jose.mcdonald67@example.com,"Bluestone, OH 45503",self-pay,06640505,2024-03-18 07:16:00
R1507,"  Novak ,  Diego ",26-Feb-2009,M,555-400-0532,,"Lakeview Heights, OH 45510-9256",Medicaid,06196463,04/04/2014 12:18 PM
R1508,"ROSE, DEBRA",03/01/2014, F,5555638083,,"Cedar Ridge, OH 45720-9146",STATE MEDICAID,03422069,2022-10-14 09:03:00
R1509,"GARZA, DONNA",04/11/2020, F,555-233-5856,N/A,"Cedar Ridge, OH 45720",SUMMIT CHOICE PPO,07765833,06/27/2023 04:44 PM
R1510,"Hicks, Patricia",05/16/1954,F,(555) 405-9552,PATRICIA.HICKS3@EXAMPLE.COM,"Bluestone, OH 45503",Silverline Medicare Advantage,01160280,04/16/2016 01:40 PM
R1511,"washington, nicholas",1963-06-13,Male,555-753-4042,nicholas.washington41@example.com,Lakeview Heights OH 45510,Self-Pay,00447450,01/01/2015 07:15 AM
R1512,"Vargas, Mia",01/18/1967,FEMALE,5556975543,mia.vargas9@example.com,"Bluestone, OH 45502",Self-Pay,04460581,2012-03-10 14:44:00
R1513,"miller, christine",05/28/1968,f,555.935.7917,christine.miller53@example.com,"Ashby Falls, OH 45610",evergreen mutual insurance,02692318,02/09/2018 03:37 PM
R1514,Noah Kowalski,9/26/1967,M,555-510-0104,,"Cedar Ridge, OH 45720",Evergreen Mutual,03353384,2020-07-01 12:39:00
R1515,"ALVARADO, WAYNE",11/09/1950,M,(555) 836-5983,none,"Ashby Falls, OH 45610",Medicare,01860654,03/24/2016 01:27 PM
R1516,"Pierce, Carl",2014-03-01,M,,,"Cedar Ridge, OH 45720",Medicaid,03727286,2016-07-06 13:58:00
R1517,"Kim, Ethan",1931-05-23,M ,5559648131,ethan.kim24@example.com,"Ashby Falls, OH 45610",Medicare ,02110671,2022-10-29 16:19:00
R1518,Edward Castillo,02/18/1961,m,555-861-5722,,"Cedar Ridge, OH 45720-7432",Summit Choice PPO,MRN-01785519,2021-10-13 15:50:00
R1519,"Marshall, Lauren",2019-01-16,F,5557271108,N/A,"Cedar Ridge, OH 45720",SUMMIT CHOICE PPO,09569065,05/03/2019 02:43 PM
R1520,"Carter, Edward",04/30/1983,M,5559545440,edward.carter56@example.com,"Bluestone, OH 45503",Keystone,07928206,11/11/2024 05:17 PM
R1521,"anderson, elizabeth",1959-02-02,FEMALE,+1 555 317 9683,elizabeth.anderson82@example.com,"GRANITE SPRINGS, OH 45750",medicare,09184498,2022-05-05 07:13:00
R1522,"JACKSON, LAWRENCE",5/28/1966,m,555.335.3421,lawrence.jackson38@example.com,"Bluestone, OH 45502",Keystone Health Ptnrs,09775391,10/07/2013 02:25 PM
R1523,"  Baker ,  Ava ",06/12/2025,Female,,,"Pine Hollow, OH 45640",self-pay,09501885,03/15/2024 03:24 PM
R1524,"herrera, john",13-Mar-1953,M,(555) 767-3423,N/A,"Bluestone, OH 45501",SILVERLINE MEDICARE ADV.,MRN-04542733,2015-02-22 10:51:00
R1525,"  Okafor ,  Zachary ",03/19/1934,MALE,555-319-8373, zachary.okafor66@example.com ,"MILLBROOK, OH 45530",Medicare ,3345353,2009-12-26 18:00:00
R1526,"GIBSON, EMMA",2007-03-25,F,555.631.6213,EMMA.GIBSON34@EXAMPLE.COM,"BLUESTONE, OH 45503",KEYSTONE HEALTH PARTNERS,MRN-09388872,10/31/2019 08:58 AM
R1527,"  Bryant ,  Kimberly ",29-Jul-1946, F,555-326-7636,kimberly.bryant9@example.com,"Bluestone, OH 45501-5252",Medicare ,05257926,2014-05-02 13:27:00
R1528,"Baker, Robert",10/04/1963,Male,,robert.baker61@example.com,"Millbrook, OH 45530",Summit Choice,07406679,09/20/2021 03:25 PM
R1529,"Lawrence, Amy",07/07/1978,Female,(555) 728-8501,amy.lawrence51@example.com,"Bluestone, OH 45501",Keystone,05067472,04/29/2024 06:30 PM
R1530,"Sullivan, Andrew",01-Apr-2008,MALE,555.705.7999,andrew.sullivan2@example.com,"Bluestone, OH 45503",medicaid,08068022,2011-07-27 12:33:00
R1531,"Ross, Daniel",19-Mar-1974,M,(555) 956-9879,daniel.ross91@example.com,"Millbrook, OH 45530",Evergreen Mutual Insurance,01912897,2020-09-07 12:46:00
R1532,"Weaver, Judy",07/11/1975,Female,(555) 901-1754, judy.weaver58@example.com ,"Bluestone, OH 45501",Summit PPO,MRN-06683788,2015-02-22 17:15:00
R1533,"  Stephens ,  Lucia ",1954-06-15,Female,(555) 302-6390,lucia.stephens60@example.com,Lakeview Heights OH 45510,MEDICARE,02496104,09/24/2014 11:57 AM
R1534,"Rivera, Jesse",06/16/1982,Male,(555) 465-8929, jesse.rivera95@example.com ,"Millbrook, OH 45530-3493",KEYSTONE HEALTH PARTNERS,9460642,10/11/2009 12:57 PM
R1535,"Berry, Terry",1961-06-25,M ,555.466.0664,terry.berry55@example.com,"GRANITE SPRINGS, OH 45750",evergreen mutual insurance,04050955,2024-02-03 18:05:00
R1536,"  Vargas ,  Brian ",07-Jan-1936,M,(555) 290-4227,N/A,"Bluestone, OH 45501",SILVERLINE MEDICARE ADV.,MRN-03068729,2020-04-09 14:53:00
R1537,"King, Bobby",8/6/1971,m,(555) 942-6316,,"Lakeview Heights, OH 45510",SUMMIT CHOICE PPO,04216541,2015-09-30 11:58:00
R1538,"MUNOZ, LISA",1951-09-07, F,(555) 458-7232, lisa.munoz91@example.com ,"Oak Glen, OH 45730",Silverline MA,MRN-02461983,2020-03-31 13:46:00
R1539,"Wells, Ronald",11/17/1974,M,5556834526,ronald.wells93@example.com,"CEDAR RIDGE, OH 45720",EVERGREEN MUTUAL INS,05256476,12/02/2015 12:38 PM
R1540,"  Vazquez ,  Raymond ",20-Dec-1978,Male,5559022296,raymond.vazquez97@example.com,"Granite Springs, OH 45750",KEYSTONE HEALTH PARTNERS,MRN-02166473,12/10/2013 05:32 PM
R1541,"carroll, lori",30-Mar-1970,f,5552285285, lori.carroll2@example.com ,Fairhaven OH 45620,evergreen mutual insurance,MRN-01877775,2016-11-26 12:24:00
R1542,"Freeman, Matthew",11.06.1975,MALE,555-733-5390,,"Ashby Falls, OH 45610",Self Pay,1143993,2013-02-15 10:17:00
R1543,"Nguyen, Jesse",08/14/1951,M,(555) 451-6002,jesse.nguyen55@example.com,"Bluestone, OH 45503-9396",Medicare ,01019994,2019-10-08 16:38:00
R1544,Terry Jenkins,01/08/1976,m,(555) 309-4260,,"LAKEVIEW HEIGHTS, OH 45510",KEYSTONE HEALTH PARTNERS,04776420,07/10/2010 09:26 AM
R1545,"Matthews, Betty",02/09/1947,FEMALE,5553151691,N/A,"Bluestone, OH 45503",medicare,MRN-09580128,2019-07-14 10:38:00
R1546,"  Turner ,  Isabella ",8/27/1941, F,(555) 875-2073, isabella.turner66@example.com ,"Millbrook, OH 45530",medicaid,05339433,2023-01-19 07:35:00
R1547,"Robinson, Joan",08/04/1950, F,(555) 745-9237, joan.robinson60@example.com ,"Bluestone, OH 45501",Silverline Medicare Advantage ,09873175,2023-08-25 17:03:00
R1548,"armstrong, gregory",2004-04-16,M ,+1 555 767 8188,none,"Bluestone, OH 45502",STATE MEDICAID,07391849,2024-03-15 13:22:00
R1549,"SILVA, KIMBERLY",1932-05-29,FEMALE,555-914-4001,,"CEDAR RIDGE, OH 45720",Silverline MA,7141057,2019-01-11 15:47:00
R1550,"Grant, Maria",18-Dec-1958,Female,5557220679,none,"Riverbend, OH 45545",Silverline Medicare Advantage ,07614529,2023-11-28 11:09:00
R1551,"Davis, Janice",04/30/1947,FEMALE,(555) 774-4269,N/A,Ashby Falls OH 45610,Medicare ,05297642,2023-08-28 09:52:00
R1552,"Wallace, Nicholas",11/18/1981,MALE,+1 555 679 3247,nicholas.wallace59@example.com,"Cedar Ridge, OH 45720-9764",SELF PAY,9313525,04/17/2022 07:58 AM
R1553,"Walker, Patricia",05/19/1952,F,(555) 254-7667,PATRICIA.WALKER82@EXAMPLE.COM,"Bluestone, OH 45502",Silverline MA,1646678,2012-07-31 17:48:00
R1554,"  Armstrong ,  Roy ",30-Sep-1997,M,555.713.0625,,"Bluestone, OH 45503-9527",self-pay,08673376,09/20/2018 03:25 PM
R1555,"Silva, Katherine",2014-11-27,F,5552365290,,"Bluestone, OH 45501-4089",evergreen mutual insurance,00479090,2023-06-05 14:34:00
R1556,"Dixon, Lawrence",02-Oct-1993,Male,555.391.8264,lawrence.dixon73@example.com,"Granite Springs, OH 45750",Keystone Health Ptnrs,9408089,2023-11-30 17:50:00
R1557,"BLACK, LISA",08/12/2001,f,+1 555 658 3270,none,"GRANITE SPRINGS, OH 45750",State Medicaid,00798669,05/25/2010 03:41 PM
R1558,"Marshall, Helen",12/22/1994,f,(555) 509-2345, helen.marshall56@example.com ,"Bluestone, OH 45502",STATE MEDICAID,07360613,06/04/2022 12:22 PM
R1559,"contreras, kayla",10/07/1978,F,(555) 251-1340,kayla.contreras6@example.com,"Lakeview Heights, OH 45510",STATE MEDICAID,MRN-05093012,11/01/2024 07:26 AM
R1560,"  Ford ,  Michelle ",06/22/2025,Female,(555) 655-6926,,"Bluestone, OH 45501",medicaid,00852736,2024-06-04 17:36:00
R1561,"Shaw, Janet",02/01/1976,FEMALE,555-914-2471,,Bluestone OH 45502,medicaid,06666991,2022-06-15 17:18:00
R1562,"Wright, Jerry",07.26.1948,M,555-385-7218,jerry.wright2@example.com,"BLUESTONE, OH 45502",MEDICARE,02037200,01/24/2018 08:14 AM
R1563,"Yilmaz, Benjamin",09.23.1943,M,555.256.5962,benjamin.yilmaz34@example.com,"Pine Hollow, OH 45640-2556",Silverline Medicare Advantage ,3406318,2022-04-08 07:55:00
R1564,"Price, Evelyn",10.14.2020,FEMALE,555.827.2489,none,"ASHBY FALLS, OH 45610",State Medicaid,8149461,07/13/2023 10:07 AM
R1565,"  Perkins ,  Raymond ",04/24/1998,M ,555-309-0149, raymond.perkins12@example.com ,"Cedar Ridge, OH 45720",Keystone,07562134,05/31/2018 03:20 PM
R1566,"  Palmer ,  Christina ",09/27/1991, F,5556165459,N/A,"Bluestone, OH 45501",State Medicaid,3880460,2024-03-12 14:57:00
R1567,"Gardner, Megan",09/04/2025,F,555-596-4664,,"Lakeview Heights, OH 45510",medicaid,MRN-04864160,06/15/2024 04:29 PM
R1568,"Lopez, Jeremy",2014-01-21,Male,(555) 553-9254,,"Cedar Ridge, OH 45720-2917",Evergreen Mutual,07843648,2024-03-31 12:21:00
R1569,"WILSON, CYNTHIA",1970-05-04,FEMALE,+1 555 711 7191,cynthia.wilson77@example.com,"LAKEVIEW HEIGHTS, OH 45510",STATE MEDICAID,07070577,11/13/2019 02:52 PM
R1570,"Ellis, Isabella",01/11/1972,Female,555.662.2668,isabella.ellis98@example.com,"Bluestone, OH 45502",Summit Choice PPO,09998104,2013-08-01 08:18:00
R1571,"Ray, Ronald",10/28/1949,MALE,(555) 290-2994,ronald.ray68@example.com,"Ashby Falls, OH 45610",Keystone Health Partners,09999804,2013-03-29 10:01:00
R1572,"LONG, SANDRA",3/9/1939,F,(555) 393-0745,,"Lakeview Heights, OH 45510",SILVERLINE MEDICARE ADV.,304849,07/12/2019 06:11 PM
R1573,"  Cooper ,  Billy ",11.10.1941,M,(555) 835-6841,,"Bluestone, OH 45502",Medicare,08069086,06/23/2012 07:40 AM
R1574,"Armstrong, Gregory",16-Apr-2004,MALE,5557678188,,"Bluestone, OH 45502",Medicaid,07391849,03/15/2024 05:20 PM
R1575,Douglas Wells,02/11/2004,M ,555-799-7018, douglas.wells56@example.com ,"MILLBROOK, OH 45530",SUMMIT CHOICE PPO,08408023,2015-10-15 13:27:00
R1576,"Chen, Richard",11/09/1961,M,(555) 357-7400,N/A,Pine Hollow OH 45640,Evergreen Mutual Insurance,03308583,2023-12-26 18:36:00
R1577,"PHILLIPS, ISABELLA",1951-03-19,F,5559140353,,"Oak Glen, OH 45730",Medicare Part A,01586137,2015-03-22 18:34:00
R1578,"  Gomez ,  Susan ",11/30/1974,Female,555.882.0311,susan.gomez22@example.com,"Bluestone, OH 45503",State Medicaid,2598420,2013-03-25 15:08:00
R1579,"Moore, Zachary",7/7/2020,MALE,,,"BLUESTONE, OH 45503",Summit Choice,MRN-05606995,05/23/2024 04:55 PM
R1580,Beverly Pena,10/12/1998,Female,(555) 661-1943,,"Bluestone, OH 45502",Keystone Health Ptnrs,MRN-09799860,10/16/2011 07:41 AM
R1581,"ALEXANDER, GERALD",10-Jul-1977,M,5555862883,gerald.alexander41@example.com,"Bluestone, OH 45502-2223",medicaid,09626156,2017-07-16 11:07:00
R1582,"Ellis, Amanda",1955-03-19, F,555-378-5406,amanda.ellis99@example.com,Ashby Falls OH 45610,Medicare,2636513,10/25/2023 03:31 PM
R1583,"Davis, Aaliyah",10/29/2011, F,555.580.3778,N/A,"Bluestone, OH 45502",Medicaid,6682673,2013-04-18 17:10:00
R1584,"  Fisher ,  Jordan ",06/20/1995,Male,555.439.0726,jordan.fisher9@example.com,Millbrook OH 45530,Summit Choice PPO,00145898,2010-09-20 08:35:00
R1585,Camila Abbott,09/20/1982, F,555-703-6887,N/A,"Bluestone, OH 45501",Evergreen Mutual,8142734,2017-04-28 12:54:00
R1586,"Kowalski, Robert",05/15/1981,M ,555-359-4360,robert.kowalski92@example.com,"Fairhaven, OH 45620-2269",Evergreen Mutual,08059670,08/09/2021 08:30 AM
R1587,"  Myers ,  Amanda ",05/21/1936,f,555.514.8680,amanda.myers68@example.com,"Ashby Falls, OH 45610",medicare,6388262,2023-05-28 17:24:00
R1588,Larry Santos,15-Aug-1957,Male,(555) 312-7593,larry.santos7@example.com,"Cedar Ridge, OH 45720-4371",Medicare,05355579,07/23/2022 10:15 AM
R1589,"CAMPBELL, LORI",6/24/2025,Female,(555) 712-0407,,"CEDAR RIDGE, OH 45720",State Medicaid,07000354,2024-06-22 18:25:00
R1590,"Ramos, Elizabeth",07/19/1990,Female,(555) 644-2166,elizabeth.ramos95@example.com,"Ashby Falls, OH 45610",Summit Choice,05055526,2021-04-15 15:14:00
R1591,"FREEMAN, EDWARD",05/02/2019,M,555-685-0754,,"Bluestone, OH 45502",State Medicaid,MRN-00342348,2022-05-27 08:12:00
R1592,"Dixon, Liam",30-Apr-1961,Male,+1 555 975 9093,,"Ashby Falls, OH 45610",STATE MEDICAID,630773,2023-10-25 08:36:00
R1593,"Alvarez, Sandra",14-Oct-1950,FEMALE,(555) 257-2307,sandra.alvarez70@example.com,Cedar Ridge OH 45720,Silverline MA,9378606,2019-07-18 16:51:00
R1594,"Ramos, Denise",01-Feb-1991,f,(555) 753-8264,none,"Pine Hollow, OH 45640-7630",medicaid,03585244,2022-12-07 15:11:00
R1595,"  Walker ,  Angela ",21-Nov-1979,FEMALE,555.777.3370,angela.walker17@example.com,"Lakeview Heights, OH 45510",STATE MEDICAID,08702071,2016-06-16 16:07:00
R1596,"kim, fatima",1944-10-23,F,555-212-3840,,"Bluestone, OH 45502",Medicare ,09570458,01/18/2020 05:13 PM
R1597,Sophia Tucker,09/08/1966,F,5553385503,none,"BLUESTONE, OH 45502",medicaid,01276260,12/21/2019 02:06 PM
R1598,"okafor, ashley",1964-11-15,F,(555) 688-2115,none,"Cedar Ridge, OH 45720",medicaid,08967898,02/16/2011 04:31 PM
R1599,"RIVERA, JANICE",03-Oct-1954,F,555-215-2910,JANICE.RIVERA6@EXAMPLE.COM,Bluestone OH 45502,Medicare,08967147,10/31/2015 05:43 PM
R1600,"  Hawkins ,  Sara ",11.08.1957,F,(555) 955-2451, sara.hawkins92@example.com ,"Bluestone, OH 45501",Medicare,08051325,2010-10-27 16:06:00
R1601,"  O'Brien ,  Timothy ",4/15/2024,M,(555) 425-7629,,"Cedar Ridge, OH 45720",SUMMIT CHOICE PPO,4446447,2024-03-28 16:35:00
R1602,"  Ramos ,  Mark ",08/06/1963,Male,(555) 480-8570,,"Bluestone, OH 45501",medicaid,05206313,2017-09-02 07:21:00
R1603,"Reynolds, Isabella",12/13/1947,FEMALE,(555) 575-8192,ISABELLA.REYNOLDS40@EXAMPLE.COM,"Granite Springs, OH 45750-6869",MEDICARE,02373873,2017-03-22 07:11:00
R1604,"PATTERSON, GABRIEL",10/08/1936,M,(555) 257-2155,,"Bluestone, OH 45502",SILVERLINE MEDICARE ADV.,05240044,04/18/2008 01:50 PM
R1605,Willie Torres,02/14/1968,MALE,555-380-4824,,"Bluestone, OH 45503",State Medicaid,01841683,2021-11-21 16:29:00
R1606,"webb, diana",08/01/1959,FEMALE,(555) 249-5294,diana.webb36@example.com,"BLUESTONE, OH 45501",Medicare ,8384268,2022-12-15 13:49:00
R1607,"Ramirez, Mason",11/30/2011,M,(555) 827-5705,N/A,"Granite Springs, OH 45750",KEYSTONE HEALTH PARTNERS,07645935,2013-04-21 12:10:00
R1608,"  Nguyen ,  Willie ",1963-08-22,m,555.821.2419,N/A,"BLUESTONE, OH 45502",STATE MEDICAID,01589690,2010-07-22 18:27:00
R1609,Debra Long,09/28/1935, F,(555) 279-3996,DEBRA.LONG43@EXAMPLE.COM,"Cedar Ridge, OH 45720",MEDICARE,00914485,2022-03-24 09:09:00
R1610,"ADAMS, ROY",1950-11-15,M ,,N/A,"Bluestone, OH 45502",MEDICARE,04875752,09/24/2014 08:35 AM
R1611,"Harris, Linh",11/24/2014, F,(555) 260-5354,,"Lakeview Heights, OH 45510",STATE MEDICAID,03268677,08/27/2023 06:48 PM
R1612,"Cook, Linh",06-Jun-1946,F,5556154643,linh.cook96@example.com,"Fairhaven, OH 45620",Medicare ,3818806,2022-03-14 13:07:00
R1613,"Alexander, Julie",10/14/1976,FEMALE,555.228.2484,julie.alexander60@example.com,Lakeview Heights OH 45510,Keystone,04260549,2023-08-06 14:47:00
R1614,"MORGAN, BRUCE",1945-09-29,M,555-339-1617, bruce.morgan9@example.com ,Bluestone OH 45501,Silverline Medicare Advantage ,08554017,2023-12-02 13:36:00
R1615,"GOMEZ, HELEN",4/18/1984,F,(555) 656-7770,helen.gomez14@example.com,"Bluestone, OH 45503",Keystone Health Ptnrs,6280335,2009-07-25 15:23:00
R1616,"GIBSON, ABIGAIL",10/31/1975,f,(555) 396-8973,abigail.gibson39@example.com,"Bluestone, OH 45503-1896",evergreen mutual insurance,04165969,07/07/2008 07:30 AM
R1617,"Chavez, Helen",2020-12-23, F,(555) 697-4114,,"Riverbend, OH 45545",State Medicaid,07050556,2024-10-03 17:42:00
R1618,"FORD, JULIE",03/20/1947,Female,(555) 876-3762,,"Bluestone, OH 45503",Silverline MA,07775501,12/04/2021 04:57 PM
R1619,"James, Henry",1979-06-06,M ,5553738468,henry.james71@example.com,"Cedar Ridge, OH 45720",KEYSTONE HEALTH PARTNERS,MRN-07425252,2021-10-13 12:24:00
R1620,Timothy Nguyen,06/07/1988,M ,5558630329,timothy.nguyen2@example.com,"Ashby Falls, OH 45610",Evergreen Mutual Insurance,07422003,2023-05-21 16:17:00
R1621,"johnston, ann",04/23/2010,F,555.434.8645,none,"Riverbend, OH 45545",State Medicaid,1885121,04/11/2020 07:03 AM
R1622,"RODRIGUEZ, FRANK",1977-04-09,Male,,FRANK.RODRIGUEZ93@EXAMPLE.COM,"Bluestone, OH 45502",Evergreen Mutual Insurance,06358700,01/26/2015 03:25 PM
R1623,"Fernandez, Christian",12/28/1977,M,(555) 256-9382,,"Ashby Falls, OH 45610",Summit Choice PPO,985976,2023-05-31 16:13:00
R1624,Joyce Schmidt,1970-01-12, F,(555) 757-3197,joyce.schmidt40@example.com,"Bluestone, OH 45502-9891",Keystone Health Ptnrs,4422140,2021-12-06 10:13:00
R1625,"Patterson, Shirley",07/08/2014,F,555-823-3256,,Fairhaven OH 45620,medicaid,7843022,02/28/2015 11:07 AM
R1626,"Andrews, Karen",06/20/1959,F,,,Riverbend OH 45545,Medicare Part A,8869000,03/04/2015 05:17 PM
R1627,"SANDOVAL, PRIYA",7/27/1965,Female,555-481-8733,N/A,Bluestone OH 45503,Summit Choice PPO,7685936,04/11/2015 10:00 AM
R1628,"  Aguilar ,  Paul ",8/14/1992,Male,(555) 933-9516,paul.aguilar71@example.com,"Lakeview Heights, OH 45510",EVERGREEN MUTUAL INS,04904027,06/11/2014 03:17 PM
R1629,"HUNTER, EDWARD",2/24/2022,M,555.684.2598,,"Riverbend, OH 45545",STATE MEDICAID,MRN-00440415,2023-11-07 17:52:00
R1630,"SOTO, JANICE",04/20/1953,f,(555) 657-9334,janice.soto59@example.com,"OAK GLEN, OH 45730",Medicare,06718667,2012-10-05 15:27:00
R1631,"HENDERSON, LOGAN",12/17/1958,Male,(555) 898-2845,logan.henderson79@example.com,"Bluestone, OH 45503",MEDICARE,09850021,10/25/2023 03:45 PM
R1632,"GONZALEZ, DONALD",03/16/1963,M ,5559737793,donald.gonzalez75@example.com,"LAKEVIEW HEIGHTS, OH 45510",Keystone Health Partners,02760940,03/19/2024 05:50 PM
R1633,"Bradley, Christian",08/01/2005,M,(555) 901-7787,,"Lakeview Heights, OH 45510",EVERGREEN MUTUAL INS,05766438,2009-10-12 17:47:00
R1634,"pena, lauren",1948-09-10, F,,N/A,"Bluestone, OH 45502",Medicare,07874135,2016-06-13 07:36:00
R1635,"Hicks, Liam",1989-03-26,M,555-805-1442, liam.hicks44@example.com ,"Bluestone, OH 45502-1178",Summit Choice PPO,05908693,2008-07-13 17:47:00
R1636,"Davis, Heather",12/11/1988,Female,555-433-2745, heather.davis77@example.com ,"BLUESTONE, OH 45503",MEDICARE,MRN-07765318,2023-03-22 17:31:00
R1637,"Pierce, Bradley",8/28/1926,MALE,+1 555 763 0931,bradley.pierce73@example.com,"Millbrook, OH 45530",MEDICARE,09027798,2015-01-17 12:44:00
R1638,"Young, Jean",1993-10-13, F,,none,"Bluestone, OH 45501",KEYSTONE HEALTH PARTNERS,MRN-00988302,2008-11-21 16:10:00
R1639,"Carpenter, Ava",03/31/1976,f,5552487816,AVA.CARPENTER21@EXAMPLE.COM,"Bluestone, OH 45501",EVERGREEN MUTUAL INS,00621902,06/09/2021 05:10 PM
R1640,"myers, mei",11/17/1934,F,5555913655,,Lakeview Heights OH 45510,STATE MEDICAID,09177941,01/19/2013 09:39 AM
R1641,"Chavez, Grace",11.14.1963,F,(555) 682-5793,grace.chavez22@example.com,Bluestone OH 45502,STATE MEDICAID,2217215,12/02/2019 03:32 PM
R1642,"Elliott, Janice",10/16/1949, F,555-406-1015,,"Bluestone, OH 45503",Silverline Medicare Advantage,04779592,10/19/2017 11:47 AM
R1643,"Richards, Robert",11/03/1954,M ,(555) 559-8984,ROBERT.RICHARDS78@EXAMPLE.COM,"Riverbend, OH 45545",Medicare Part A,00049359,01/31/2024 10:23 AM
R1644,"Perkins, Jack",08/07/1993,MALE,555.263.3965,jack.perkins53@example.com,"LAKEVIEW HEIGHTS, OH 45510",KEYSTONE HEALTH PARTNERS,00076448,2019-06-20 13:23:00
R1645,"Ramirez, Wayne",10/22/1943,Male,5552026823,wayne.ramirez28@example.com,"RIVERBEND, OH 45545",Medicare,01678724,2023-02-02 12:18:00
R1646,Victoria Haddad,09/19/1996,F,555-460-3595, victoria.haddad72@example.com ,"Ashby Falls, OH 45610",Keystone Health Partners,MRN-05737819,2022-07-04 07:37:00
R1647,"Hayes, Roger",7/21/1999,Male,(555) 653-9148,roger.hayes63@example.com,"Lakeview Heights, OH 45510",Keystone Health Ptnrs,06876509,2016-08-14 13:04:00
R1648,"hudson, gabriel",5/3/1933,M ,555-329-5641,,"Bluestone, OH 45503-5226",Medicare Part A,MRN-09999578,2020-01-15 17:40:00
R1649,Kimberly Ray,1950-08-05,F,(555) 265-8569,KIMBERLY.RAY4@EXAMPLE.COM,"Ashby Falls, OH 45610",medicare,08520187,2013-08-07 18:26:00
R1650,"JONES, MARY",2014-08-21,F,5554672515,N/A,"BLUESTONE, OH 45502",Summit Choice PPO,04641650,04/25/2016 11:44 AM
