FacilityID,Department,LineType,Category,Measure,Jan,Feb,Mar,Apr,May,Jun,Jul,Aug,Sep,Oct,Nov,Dec,FY Total
F01,6100 - Emergency Department,Revenue,Net Patient Service Revenue,Budget,1356451,1225183,1356451,1312696,1356451,1312696,1356451,1356451,1312696,1356451,1312696,1356451,15971124
F01,6100 - Emergency Department,Revenue,Net Patient Service Revenue,Actual,1268074,1243198,1395062,1272295,1129880,1228469,1294507,1328528,1191596,1292261,1332919,1243538,15220327
F01,6100 - Emergency Department,Expense,Employee Benefits,Budget,236286,213420,236286,228664,236286,228664,236286,236286,228664,236286,228664,236286,2782078
F01,6100 - Emergency Department,Expense,Employee Benefits,Actual,248626,221391,241051,240082,242177,231364,242160,234808,231443,232299,230591,261689,2857681
F01,6100 - Emergency Department,Expense,Equipment & Maintenance,Budget,42194,38111,42194,40833,42194,40833,42194,42194,40833,42194,40833,42194,496801
F01,6100 - Emergency Department,Expense,Equipment & Maintenance,Actual,41916,44902,44395,42433,44938,41385,48491,53536,41614,46210,39430,48423,537673
F01,6100 - Emergency Department,Expense,Medical Supplies,Budget,118143,106710,118143,114332,118143,114332,118143,118143,114332,118143,114332,118143,1391039
F01,6100 - Emergency Department,Expense,Medical Supplies,Actual,119056,115465,120109,115540,129023,100107,97126,123975,129515,97503,119846,114612,1381877
F01,6100 - Emergency Department,Expense,Other Operating,Budget,25316,22866,25316,24500,25316,24500,25316,25316,24500,25316,24500,25316,298078
F01,6100 - Emergency Department,Expense,Other Operating,Actual,26424,24279,27106,27378,24978,25575,27886,27667,23375,24521,28240,25147,312576
F01,6100 - Emergency Department,Expense,Pharmaceuticals,Budget,75949,68599,75949,73499,75949,73499,75949,75949,73499,75949,73499,75949,894238
F01,6100 - Emergency Department,Expense,Pharmaceuticals,Actual,64639,78766,78926,85595,80401,69517,79501,83266,82749,85627,62990,71566,923543
F01,6100 - Emergency Department,Expense,Purchased Services,Budget,101266,91466,101266,97999,101266,97999,101266,101266,97999,101266,97999,101266,1192324
F01,6100 - Emergency Department,Expense,Purchased Services,Actual,106735,90621,95188,108905,110382,114879,104833,97132,112292,89467,111637,117116,1259187
F01,6100 - Emergency Department,Expense,Salaries & Wages,Budget,843879,762214,843879,816658,843879,816658,843879,843879,816658,843879,816658,843879,9935999
F01,6100 - Emergency Department,Expense,Salaries & Wages,Actual,929210,846910,861910,824195,844915,799241,888763,841997,835392,859807,866792,891650,10290782
F01,6110 - Medical-Surgical 4 West,Revenue,Net Patient Service Revenue,Budget,1127420,1018316,1127420,1091052,1127420,1091052,1127420,1127420,1091052,1127420,1091052,1127420,13274464
F01,6110 - Medical-Surgical 4 West,Revenue,Net Patient Service Revenue,Actual,1149033,978313,997794,1052072,1103273,962245,1157311,1102416,1127688,1031751,1106512,1139463,12907871
F01,6110 - Medical-Surgical 4 West,Expense,Employee Benefits,Budget,181645,164066,181645,175786,181645,175786,181645,181645,175786,181645,175786,181645,2138725
F01,6110 - Medical-Surgical 4 West,Expense,Employee Benefits,Actual,188130,173113,179529,174516,182409,169106,177799,181104,176691,181713,167541,188262,2139913
F01,6110 - Medical-Surgical 4 West,Expense,Equipment & Maintenance,Budget,17405,15721,17405,16844,17405,16844,17405,17405,16844,17405,16844,17405,204932
F01,6110 - Medical-Surgical 4 West,Expense,Equipment & Maintenance,Actual,15622,16607,18200,15894,17415,18175,19146,17857,17280,20004,16051,18446,210697
F01,6110 - Medical-Surgical 4 West,Expense,Medical Supplies,Budget,98101,88607,98101,94936,98101,94936,98101,98101,94936,98101,94936,98101,1155058
F01,6110 - Medical-Surgical 4 West,Expense,Medical Supplies,Actual,88453,95454,97882,86575,90529,76643,89605,95624,84060,76462,80707,102937,1064931
F01,6110 - Medical-Surgical 4 West,Expense,Other Operating,Budget,13291,12005,13291,12862,13291,12862,13291,13291,12862,13291,12862,13291,156490
F01,6110 - Medical-Surgical 4 West,Expense,Other Operating,Actual,13303,13158,14692,11620,11716,14506,11574,14315,12883,15196,14017,14058,161038
F01,6110 - Medical-Surgical 4 West,Expense,Pharmaceuticals,Budget,75949,68599,75949,73499,75949,73499,75949,75949,73499,75949,73499,75949,894238
F01,6110 - Medical-Surgical 4 West,Expense,Pharmaceuticals,Actual,95451,76459,62129,68772,70447,72330,70280,74240,69330,75644,65253,86540,886875
F01,6110 - Medical-Surgical 4 West,Expense,Purchased Services,Budget,28481,25725,28481,27562,28481,27562,28481,28481,27562,28481,27562,28481,335340
F01,6110 - Medical-Surgical 4 West,Expense,Purchased Services,Actual,29651,22210,30353,28171,30330,26006,30980,31924,33526,29795,31424,30578,354948
F01,6110 - Medical-Surgical 4 West,Expense,Salaries & Wages,Budget,648732,585952,648732,627805,648732,627805,648732,648732,627805,648732,627805,648732,7638296
F01,6110 - Medical-Surgical 4 West,Expense,Salaries & Wages,Actual,642497,586090,616790,568561,626434,608708,628550,617440,584446,609878,611966,652699,7354059
F01,6111 - Medical-Surgical 5 East,Revenue,Net Patient Service Revenue,Budget,1002150,905169,1002150,969825,1002150,969825,1002150,1002150,969825,1002150,969825,1002150,11799519
F01,6111 - Medical-Surgical 5 East,Revenue,Net Patient Service Revenue,Actual,1015374,906670,1013024,1016618,957758,963298,983870,985584,930809,1032350,991626,1010678,11807659
F01,6111 - Medical-Surgical 5 East,Expense,Employee Benefits,Budget,161462,145837,161462,156254,161462,156254,161462,161462,156254,161462,156254,161462,1901087
F01,6111 - Medical-Surgical 5 East,Expense,Employee Benefits,Actual,179678,156523,173408,166616,167117,158458,176522,165982,166213,165104,163495,174378,2013494
F01,6111 - Medical-Surgical 5 East,Expense,Equipment & Maintenance,Budget,15471,13974,15471,14972,15471,14972,15471,15471,14972,15471,14972,15471,182159
F01,6111 - Medical-Surgical 5 East,Expense,Equipment & Maintenance,Actual,13124,14450,15107,14812,15723,12842,14817,14814,13224,15222,12826,17353,174314
F01,6111 - Medical-Surgical 5 East,Expense,Medical Supplies,Budget,87201,78762,87201,84388,87201,84388,87201,87201,84388,87201,84388,87201,1026721
F01,6111 - Medical-Surgical 5 East,Expense,Medical Supplies,Actual,80734,79400,89547,89428,86231,86040,78190,83210,83589,86990,75365,93904,1012628
F01,6111 - Medical-Surgical 5 East,Expense,Other Operating,Budget,11814,10671,11814,11433,11814,11433,11814,11814,11433,11814,11433,11814,139101
F01,6111 - Medical-Surgical 5 East,Expense,Other Operating,Actual,13697,11995,12177,11905,12009,13061,13237,11311,11683,11542,9450,13122,145189
F01,6111 - Medical-Surgical 5 East,Expense,Pharmaceuticals,Budget,67510,60977,67510,65333,67510,65333,67510,67510,65333,67510,65333,67510,794879
F01,6111 - Medical-Surgical 5 East,Expense,Pharmaceuticals,Actual,75690,59019,65394,76074,66351,67194,56190,60167,70397,62880,65831,77870,803057
F01,6111 - Medical-Surgical 5 East,Expense,Purchased Services,Budget,25316,22866,25316,24500,25316,24500,25316,25316,24500,25316,24500,25316,298078
F01,6111 - Medical-Surgical 5 East,Expense,Purchased Services,Actual,28987,21706,27058,22975,24432,26462,27098,27851,23746,24964,22546,26577,304402
F01,6111 - Medical-Surgical 5 East,Expense,Salaries & Wages,Budget,576651,520846,576651,558049,576651,558049,576651,576651,558049,576651,558049,576651,6789599
F01,6111 - Medical-Surgical 5 East,Expense,Salaries & Wages,Actual,605562,532716,571928,584094,593889,566395,581810,576176,526301,599680,580452,597989,6916992
F01,6120 - Cardiac Step-Down,Revenue,Net Patient Service Revenue,Budget,836703,755732,836703,809711,836703,809711,836703,836703,809711,836703,809711,836703,9851497
F01,6120 - Cardiac Step-Down,Revenue,Net Patient Service Revenue,Actual,881127,758184,815797,876498,871465,774275,891378,825957,823276,868896,830893,826816,10044562
F01,6120 - Cardiac Step-Down,Expense,Employee Benefits,Budget,121097,109378,121097,117190,121097,117190,121097,121097,117190,121097,117190,121097,1425817
F01,6120 - Cardiac Step-Down,Expense,Employee Benefits,Actual,134213,117129,125053,121863,124485,118635,125802,122024,123829,125725,126351,134567,1499676
F01,6120 - Cardiac Step-Down,Expense,Equipment & Maintenance,Budget,11603,10480,11603,11229,11603,11229,11603,11603,11229,11603,11229,11603,136617
F01,6120 - Cardiac Step-Down,Expense,Equipment & Maintenance,Actual,11562,9915,10869,9988,12173,12618,10297,11656,10040,11209,13167,9785,133279
F01,6120 - Cardiac Step-Down,Expense,Medical Supplies,Budget,65401,59072,65401,63291,65401,63291,65401,65401,63291,65401,63291,65401,770043
F01,6120 - Cardiac Step-Down,Expense,Medical Supplies,Actual,62867,60876,64206,66174,69847,71607,74974,63046,62652,66479,69222,70011,801961
F01,6120 - Cardiac Step-Down,Expense,Other Operating,Budget,8861,8003,8861,8575,8861,8575,8861,8861,8575,8861,8575,8861,104330
F01,6120 - Cardiac Step-Down,Expense,Other Operating,Actual,8626,8018,8473,7801,7733,8693,9348,8647,8585,9287,8512,9895,103618
F01,6120 - Cardiac Step-Down,Expense,Pharmaceuticals,Budget,50633,45733,50633,48999,50633,48999,50633,50633,48999,50633,48999,50633,596160
F01,6120 - Cardiac Step-Down,Expense,Pharmaceuticals,Actual,51505,59890,49807,42493,46722,45478,37334,49746,44542,54810,51406,56547,590280
F01,6120 - Cardiac Step-Down,Expense,Purchased Services,Budget,18987,17150,18987,18375,18987,18375,18987,18987,18375,18987,18375,18987,223559
F01,6120 - Cardiac Step-Down,Expense,Purchased Services,Actual,16936,18532,18381,16694,17866,18516,18024,19666,18217,18551,17785,17890,217058
F01,6120 - Cardiac Step-Down,Expense,Salaries & Wages,Budget,432488,390635,432488,418537,432488,418537,432488,432488,418537,432488,418537,432488,5092199
F01,6120 - Cardiac Step-Down,Expense,Salaries & Wages,Actual,469384,403933,427760,436616,442764,418986,439839,433001,431075,451984,409192,447282,5211816
F01,6130 - Intensive Care Unit,Revenue,Net Patient Service Revenue,Budget,1018626,920048,1018626,985767,1018626,985767,1018626,1018626,985767,1018626,985767,1018626,11993498
F01,6130 - Intensive Care Unit,Revenue,Net Patient Service Revenue,Actual,878503,877879,923868,893866,1035223,936619,931949,894109,877387,902074,851057,1014497,11017031
F01,6130 - Intensive Care Unit,Expense,Employee Benefits,Budget,162447,146726,162447,157207,162447,157207,162447,162447,157207,162447,157207,162447,1912683
F01,6130 - Intensive Care Unit,Expense,Employee Benefits,Actual,173417,157051,161372,161313,159047,154632,158274,161606,157671,166473,156313,172549,1939718
F01,6130 - Intensive Care Unit,Expense,Equipment & Maintenance,Budget,19339,17467,19339,18715,19339,18715,19339,19339,18715,19339,18715,19339,227700
F01,6130 - Intensive Care Unit,Expense,Equipment & Maintenance,Actual,20911,17158,17241,16224,20741,19112,21310,21668,19668,19993,18722,17442,230190
F01,6130 - Intensive Care Unit,Expense,Medical Supplies,Budget,91420,82573,91420,88471,91420,88471,91420,91420,88471,91420,88471,91420,1076397
F01,6130 - Intensive Care Unit,Expense,Medical Supplies,Actual,100477,86137,93384,96226,80105,90589,96922,87315,101256,86967,89976,102650,1112004
F01,6130 - Intensive Care Unit,Expense,Other Operating,Budget,7384,6669,7384,7146,7384,7146,7384,7384,7146,7384,7146,7384,86941
F01,6130 - Intensive Care Unit,Expense,Other Operating,Actual,8145,6440,6632,7931,7735,7370,7826,6979,8730,7193,7502,7940,90423
F01,6130 - Intensive Care Unit,Expense,Pharmaceuticals,Budget,84388,76221,84388,81666,84388,81666,84388,84388,81666,84388,81666,84388,993601
F01,6130 - Intensive Care Unit,Expense,Pharmaceuticals,Actual,101548,69929,78469,94711,89219,72761,83626,91087,74704,82101,71836,90727,1000718
F01,6130 - Intensive Care Unit,Expense,Purchased Services,Budget,15823,14292,15823,15312,15823,15312,15823,15823,15312,15823,15312,15823,186301
F01,6130 - Intensive Care Unit,Expense,Purchased Services,Actual,16758,14730,14897,14854,17391,15738,16121,17959,15028,14652,15722,16179,190029
F01,6130 - Intensive Care Unit,Expense,Salaries & Wages,Budget,580167,524022,580167,561452,580167,561452,580167,580167,561452,580167,561452,580167,6830999
F01,6130 - Intensive Care Unit,Expense,Salaries & Wages,Actual,615418,541380,577194,551853,585933,520370,574257,557149,558729,566232,531571,600520,6780606
F01,6140 - Orthopedics & Spine,Revenue,Net Patient Service Revenue,Budget,792976,716238,792976,767396,792976,767396,792976,792976,767396,792976,767396,792976,9336654
F01,6140 - Orthopedics & Spine,Revenue,Net Patient Service Revenue,Actual,855161,718198,832462,842672,784619,832321,791434,766071,824708,789303,719069,847599,9603617
F01,6140 - Orthopedics & Spine,Expense,Employee Benefits,Budget,111005,100263,111005,107424,111005,107424,111005,111005,107424,111005,107424,111005,1306994
F01,6140 - Orthopedics & Spine,Expense,Employee Benefits,Actual,122749,105675,112688,106838,112255,102921,114960,118896,108165,111442,108793,113429,1338811
F01,6140 - Orthopedics & Spine,Expense,Equipment & Maintenance,Budget,10636,9607,10636,10293,10636,10293,10636,10636,10293,10636,10293,10636,125231
F01,6140 - Orthopedics & Spine,Expense,Equipment & Maintenance,Actual,9869,8771,11709,10395,10044,11134,10045,10199,8612,10841,9949,9712,121280
F01,6140 - Orthopedics & Spine,Expense,Medical Supplies,Budget,59951,54149,59951,58017,59951,58017,59951,59951,58017,59951,58017,59951,705874
F01,6140 - Orthopedics & Spine,Expense,Medical Supplies,Actual,60901,61690,58970,60249,61021,61769,58801,61030,52741,62684,62524,67091,729471
F01,6140 - Orthopedics & Spine,Expense,Other Operating,Budget,8122,7336,8122,7860,8122,7860,8122,8122,7860,8122,7860,8122,95630
F01,6140 - Orthopedics & Spine,Expense,Other Operating,Actual,9186,8356,7980,8815,8367,8882,7743,6711,8828,8739,7316,9540,100463
F01,6140 - Orthopedics & Spine,Expense,Pharmaceuticals,Budget,46413,41922,46413,44916,46413,44916,46413,46413,44916,46413,44916,46413,546477
F01,6140 - Orthopedics & Spine,Expense,Pharmaceuticals,Actual,47992,42237,47565,44738,51531,32356,52278,49281,46387,42484,53670,41882,552401
F01,6140 - Orthopedics & Spine,Expense,Purchased Services,Budget,17405,15721,17405,16844,17405,16844,17405,17405,16844,17405,16844,17405,204932
F01,6140 - Orthopedics & Spine,Expense,Purchased Services,Actual,19243,17517,18642,18562,15613,15685,18624,17327,14359,16135,16098,16782,204587
F01,6140 - Orthopedics & Spine,Expense,Salaries & Wages,Budget,396448,358082,396448,383659,396448,383659,396448,396448,383659,396448,383659,396448,4667854
F01,6140 - Orthopedics & Spine,Expense,Salaries & Wages,Actual,427771,392854,426727,396174,422264,412463,414342,414194,395521,411167,412763,433334,4959574
F01,6150 - Oncology,Revenue,Net Patient Service Revenue,Budget,774605,699643,774605,749618,774605,749618,774605,774605,749618,774605,749618,774605,9120350
F01,6150 - Oncology,Revenue,Net Patient Service Revenue,Actual,734887,700581,796899,740807,809007,739184,775499,750009,679790,715954,714561,816172,8973350
F01,6150 - Oncology,Expense,Employee Benefits,Budget,90823,82033,90823,87893,90823,87893,90823,90823,87893,90823,87893,90823,1069366
F01,6150 - Oncology,Expense,Employee Benefits,Actual,93740,83267,83497,82589,89768,84566,87058,87008,82871,85593,81815,85668,1027440
F01,6150 - Oncology,Expense,Equipment & Maintenance,Budget,8703,7860,8703,8422,8703,8422,8703,8703,8422,8703,8422,8703,102469
F01,6150 - Oncology,Expense,Equipment & Maintenance,Actual,9260,8892,9833,9444,9981,9314,9350,9253,8112,9307,8684,7743,109173
F01,6150 - Oncology,Expense,Medical Supplies,Budget,49050,44304,49050,47468,49050,47468,49050,49050,47468,49050,47468,49050,577526
F01,6150 - Oncology,Expense,Medical Supplies,Actual,40981,45207,48819,51871,46693,54590,40431,49783,46696,56899,48373,46479,576822
F01,6150 - Oncology,Expense,Other Operating,Budget,6646,6002,6646,6431,6646,6431,6646,6646,6431,6646,6431,6646,78248
F01,6150 - Oncology,Expense,Other Operating,Actual,6320,5020,6378,7629,7509,5576,6340,6700,6580,6869,6358,6164,77443
F01,6150 - Oncology,Expense,Pharmaceuticals,Budget,197784,178644,197784,191404,197784,191404,197784,197784,191404,197784,191404,197784,2328748
F01,6150 - Oncology,Expense,Pharmaceuticals,Actual,221326,191338,198245,215467,190746,222605,237715,200601,171184,228126,207259,219248,2503860
F01,6150 - Oncology,Expense,Purchased Services,Budget,14240,12862,14240,13781,14240,13781,14240,14240,13781,14240,13781,14240,167666
F01,6150 - Oncology,Expense,Purchased Services,Actual,13305,11803,14326,13035,15166,14499,12584,12782,14651,15885,13532,14217,165785
F01,6150 - Oncology,Expense,Salaries & Wages,Budget,324366,292976,324366,313903,324366,313903,324366,324366,313903,324366,313903,324366,3819150
F01,6150 - Oncology,Expense,Salaries & Wages,Actual,335181,304308,323205,298033,323383,314008,315700,316750,315201,326993,309964,316054,3798780
F01,6160 - Neuroscience & Stroke,Revenue,Net Patient Service Revenue,Budget,501075,452584,501075,484913,501075,484913,501075,501075,484913,501075,484913,501075,5899761
F01,6160 - Neuroscience & Stroke,Revenue,Net Patient Service Revenue,Actual,586457,467017,538664,547688,534219,501194,513580,551986,517524,557127,475610,537085,6328151
F01,6160 - Neuroscience & Stroke,Expense,Employee Benefits,Budget,80731,72918,80731,78127,80731,78127,80731,80731,78127,80731,78127,80731,950543
F01,6160 - Neuroscience & Stroke,Expense,Employee Benefits,Actual,83892,77251,78686,80173,82534,78592,82600,84624,77724,82257,81456,86848,976637
F01,6160 - Neuroscience & Stroke,Expense,Equipment & Maintenance,Budget,7736,6987,7736,7486,7736,7486,7736,7736,7486,7736,7486,7736,91083
F01,6160 - Neuroscience & Stroke,Expense,Equipment & Maintenance,Actual,7998,8027,7167,8073,7676,8143,6948,6648,6443,7004,6602,8002,88731
F01,6160 - Neuroscience & Stroke,Expense,Medical Supplies,Budget,43600,39381,43600,42194,43600,42194,43600,43600,42194,43600,42194,43600,513357
F01,6160 - Neuroscience & Stroke,Expense,Medical Supplies,Actual,40692,40337,46214,40733,42258,47302,48544,44547,41251,45941,37776,43078,518673
F01,6160 - Neuroscience & Stroke,Expense,Other Operating,Budget,5907,5335,5907,5717,5907,5717,5907,5907,5717,5907,5717,5907,69552
F01,6160 - Neuroscience & Stroke,Expense,Other Operating,Actual,6278,4729,5020,5207,6458,4722,5641,5653,5689,5049,5092,5774,65312
F01,6160 - Neuroscience & Stroke,Expense,Pharmaceuticals,Budget,33755,30489,33755,32666,33755,32666,33755,33755,32666,33755,32666,33755,397438
F01,6160 - Neuroscience & Stroke,Expense,Pharmaceuticals,Actual,32579,36177,28567,31827,39912,34392,31740,34941,30657,32573,36286,34408,404059
F01,6160 - Neuroscience & Stroke,Expense,Purchased Services,Budget,12658,11433,12658,12250,12658,12250,12658,12658,12250,12658,12250,12658,149039
F01,6160 - Neuroscience & Stroke,Expense,Purchased Services,Actual,13242,10949,12299,13142,12450,11486,12166,14161,11403,12372,12550,13196,149416
F01,6160 - Neuroscience & Stroke,Expense,Salaries & Wages,Budget,288325,260423,288325,279025,288325,279025,288325,288325,279025,288325,279025,288325,3394798
F01,6160 - Neuroscience & Stroke,Expense,Salaries & Wages,Actual,301344,270882,291545,266937,279331,259268,277980,278118,280498,284946,276179,316944,3383972
F01,6170 - Labor & Delivery,Revenue,Net Patient Service Revenue,Budget,602710,544383,602710,583268,602710,583268,602710,602710,583268,602710,583268,602710,7096425
F01,6170 - Labor & Delivery,Revenue,Net Patient Service Revenue,Actual,623541,522778,544977,575836,605525,576237,628895,583953,563286,586508,556314,600457,6968307
F01,6170 - Labor & Delivery,Expense,Employee Benefits,Budget,100914,91148,100914,97659,100914,97659,100914,100914,97659,100914,97659,100914,1188182
F01,6170 - Labor & Delivery,Expense,Employee Benefits,Actual,100236,91048,93934,88213,95470,91218,97187,98600,91315,102522,88520,100259,1138522
F01,6170 - Labor & Delivery,Expense,Equipment & Maintenance,Budget,9669,8734,9669,9358,9669,9358,9669,9669,9358,9669,9358,9669,113849
F01,6170 - Labor & Delivery,Expense,Equipment & Maintenance,Actual,10015,9239,10273,9253,10496,10678,9259,9171,10870,9826,9528,9567,118175
F01,6170 - Labor & Delivery,Expense,Medical Supplies,Budget,54501,49226,54501,52742,54501,52742,54501,54501,52742,54501,52742,54501,641701
F01,6170 - Labor & Delivery,Expense,Medical Supplies,Actual,56062,54020,56684,55604,45080,52599,55236,56283,51463,61984,47734,57801,650550
F01,6170 - Labor & Delivery,Expense,Other Operating,Budget,7384,6669,7384,7146,7384,7146,7384,7384,7146,7384,7146,7384,86941
F01,6170 - Labor & Delivery,Expense,Other Operating,Actual,7336,7145,7502,6726,8273,7682,6556,7927,6949,6632,7787,7318,87833
F01,6170 - Labor & Delivery,Expense,Pharmaceuticals,Budget,42194,38111,42194,40833,42194,40833,42194,42194,40833,42194,40833,42194,496801
F01,6170 - Labor & Delivery,Expense,Pharmaceuticals,Actual,43074,34375,34836,37221,44994,39776,38712,38720,39743,41046,39884,38022,470403
F01,6170 - Labor & Delivery,Expense,Purchased Services,Budget,15823,14292,15823,15312,15823,15312,15823,15823,15312,15823,15312,15823,186301
F01,6170 - Labor & Delivery,Expense,Purchased Services,Actual,19178,13001,15081,15518,16509,14721,15282,16054,17471,16013,14889,17602,191319
F01,6170 - Labor & Delivery,Expense,Salaries & Wages,Budget,360407,325529,360407,348781,360407,348781,360407,360407,348781,360407,348781,360407,4243502
F01,6170 - Labor & Delivery,Expense,Salaries & Wages,Actual,393254,350791,369203,371899,375297,349920,380953,362337,362613,381189,364127,400396,4461979
F01,6180 - Pediatrics,Revenue,Net Patient Service Revenue,Budget,372262,336236,372262,360254,372262,360254,372262,372262,360254,372262,360254,372262,4383086
F01,6180 - Pediatrics,Revenue,Net Patient Service Revenue,Actual,375799,360728,367309,376036,394126,381246,367254,382776,371031,393466,327849,412263,4509883
F01,6180 - Pediatrics,Expense,Employee Benefits,Budget,70640,63804,70640,68361,70640,68361,70640,70640,68361,70640,68361,70640,831728
F01,6180 - Pediatrics,Expense,Employee Benefits,Actual,68178,65670,65752,62346,69788,68427,68038,66295,66882,67115,65619,74313,808423
F01,6180 - Pediatrics,Expense,Equipment & Maintenance,Budget,6769,6114,6769,6550,6769,6550,6769,6769,6550,6769,6550,6769,79697
F01,6180 - Pediatrics,Expense,Equipment & Maintenance,Actual,6735,6129,6852,6455,7048,6135,7542,5955,6903,6068,5467,6651,77940
F01,6180 - Pediatrics,Expense,Medical Supplies,Budget,38150,34458,38150,36920,38150,36920,38150,38150,36920,38150,36920,38150,449188
F01,6180 - Pediatrics,Expense,Medical Supplies,Actual,41328,34937,31031,37738,37870,35469,33568,40619,38598,41432,37087,36048,445725
F01,6180 - Pediatrics,Expense,Other Operating,Budget,5169,4669,5169,5002,5169,5002,5169,5169,5002,5169,5002,5169,60860
F01,6180 - Pediatrics,Expense,Other Operating,Actual,5911,5222,4325,5500,4770,5213,5479,5060,4898,5398,4307,4793,60876
F01,6180 - Pediatrics,Expense,Pharmaceuticals,Budget,29536,26677,29536,28583,29536,28583,29536,29536,28583,29536,28583,29536,347761
F01,6180 - Pediatrics,Expense,Pharmaceuticals,Actual,32454,25038,29409,20358,30182,26276,26567,26470,22919,31032,31123,28796,330624
F01,6180 - Pediatrics,Expense,Purchased Services,Budget,11076,10004,11076,10719,11076,10719,11076,11076,10719,11076,10719,11076,130412
F01,6180 - Pediatrics,Expense,Purchased Services,Actual,12237,11113,10477,11578,12990,12663,12779,12948,11579,10211,10997,9758,139330
F01,6180 - Pediatrics,Expense,Salaries & Wages,Budget,252285,227870,252285,244147,252285,244147,252285,252285,244147,252285,244147,252285,2970453
F01,6180 - Pediatrics,Expense,Salaries & Wages,Actual,256970,242238,252389,242932,248267,243639,263034,250915,239090,244533,245142,259815,2988964
F01,6190 - Behavioral Health,Revenue,Net Patient Service Revenue,Budget,446715,403483,446715,432304,446715,432304,446715,446715,432304,446715,432304,446715,5259704
F01,6190 - Behavioral Health,Revenue,Net Patient Service Revenue,Actual,428086,377230,400403,406604,393822,394965,406172,444899,405852,432101,418372,461865,4970371
F01,6190 - Behavioral Health,Expense,Employee Benefits,Budget,90823,82033,90823,87893,90823,87893,90823,90823,87893,90823,87893,90823,1069366
F01,6190 - Behavioral Health,Expense,Employee Benefits,Actual,91991,82935,87504,85344,86695,84317,87469,92064,85546,86793,88274,94060,1052992
F01,6190 - Behavioral Health,Expense,Equipment & Maintenance,Budget,8703,7860,8703,8422,8703,8422,8703,8703,8422,8703,8422,8703,102469
F01,6190 - Behavioral Health,Expense,Equipment & Maintenance,Actual,9211,8213,8738,8550,8434,7718,8785,9190,8485,9142,8832,9139,104437
F01,6190 - Behavioral Health,Expense,Medical Supplies,Budget,49050,44304,49050,47468,49050,47468,49050,49050,47468,49050,47468,49050,577526
F01,6190 - Behavioral Health,Expense,Medical Supplies,Actual,53472,46358,56239,45055,54558,48483,51214,48637,47373,48832,48224,53345,601790
F01,6190 - Behavioral Health,Expense,Other Operating,Budget,6646,6002,6646,6431,6646,6431,6646,6646,6431,6646,6431,6646,78248
F01,6190 - Behavioral Health,Expense,Other Operating,Actual,6693,5763,6644,6797,6392,5462,6368,6855,5693,6890,6752,6772,77081
F01,6190 - Behavioral Health,Expense,Pharmaceuticals,Budget,37975,34300,37975,36750,37975,36750,37975,37975,36750,37975,36750,37975,447125
F01,6190 - Behavioral Health,Expense,Pharmaceuticals,Actual,40873,44490,38573,31974,49602,43409,47347,34670,36202,35985,35773,40937,479835
F01,6190 - Behavioral Health,Expense,Purchased Services,Budget,14240,12862,14240,13781,14240,13781,14240,14240,13781,14240,13781,14240,167666
F01,6190 - Behavioral Health,Expense,Purchased Services,Actual,14121,14229,14716,13675,14896,13358,14418,14188,15772,11946,14693,14271,170283
F01,6190 - Behavioral Health,Expense,Salaries & Wages,Budget,324366,292976,324366,313903,324366,313903,324366,324366,313903,324366,313903,324366,3819150
F01,6190 - Behavioral Health,Expense,Salaries & Wages,Actual,339782,290573,324038,307990,321412,306295,326875,328408,307786,304466,303299,325457,3786381
F01,6195 - Observation Unit,Revenue,Net Patient Service Revenue,Budget,375806,339438,375806,363683,375806,363683,375806,375806,363683,375806,363683,375806,4424812
F01,6195 - Observation Unit,Revenue,Net Patient Service Revenue,Actual,363900,324386,364593,354890,356736,338919,342142,359801,332443,366689,360220,393773,4258492
F01,6195 - Observation Unit,Expense,Employee Benefits,Budget,60548,54689,60548,58595,60548,58595,60548,60548,58595,60548,58595,60548,712905
F01,6195 - Observation Unit,Expense,Employee Benefits,Actual,63091,58336,62677,62219,63339,64612,63084,64240,63158,63782,61786,65739,756063
F01,6195 - Observation Unit,Expense,Equipment & Maintenance,Budget,5802,5240,5802,5615,5802,5615,5802,5802,5615,5802,5615,5802,68314
F01,6195 - Observation Unit,Expense,Equipment & Maintenance,Actual,6726,4869,6333,6400,6091,5535,6016,5356,6247,6291,5472,6027,71363
F01,6195 - Observation Unit,Expense,Medical Supplies,Budget,32700,29536,32700,31645,32700,31645,32700,32700,31645,32700,31645,32700,385016
F01,6195 - Observation Unit,Expense,Medical Supplies,Actual,31388,27344,35982,29272,31937,38755,31765,31895,30206,29806,30532,34864,383746
F01,6195 - Observation Unit,Expense,Other Operating,Budget,4430,4002,4430,4287,4430,4287,4430,4430,4287,4430,4287,4430,52160
F01,6195 - Observation Unit,Expense,Other Operating,Actual,4669,3550,4788,4736,4413,4082,4471,4266,4015,4455,4346,4247,52038
F01,6195 - Observation Unit,Expense,Pharmaceuticals,Budget,25316,22866,25316,24500,25316,24500,25316,25316,24500,25316,24500,25316,298078
F01,6195 - Observation Unit,Expense,Pharmaceuticals,Actual,23885,24489,28342,23865,29095,19152,25357,29090,23619,27659,27066,25365,306984
F01,6195 - Observation Unit,Expense,Purchased Services,Budget,9494,8575,9494,9187,9494,9187,9494,9494,9187,9494,9187,9494,111781
F01,6195 - Observation Unit,Expense,Purchased Services,Actual,9183,7936,8983,10331,8471,8905,8834,9411,8256,8867,7698,9015,105890
F01,6195 - Observation Unit,Expense,Salaries & Wages,Budget,216244,195317,216244,209268,216244,209268,216244,216244,209268,216244,209268,216244,2546097
F01,6195 - Observation Unit,Expense,Salaries & Wages,Actual,217179,192953,202171,206194,207671,200298,206808,208209,208937,204669,198151,218120,2471360
F01,6196 - Perioperative Services,Revenue,Net Patient Service Revenue,Budget,1942241,1754284,1942241,1879588,1942241,1879588,1942241,1942241,1879588,1942241,1879588,1942241,22868323
F01,6196 - Perioperative Services,Revenue,Net Patient Service Revenue,Actual,2205060,1936211,2014477,1866096,2028992,1872175,1968461,1969864,1909206,2031142,1747795,1973385,23522864
F01,6196 - Perioperative Services,Expense,Employee Benefits,Budget,152602,137834,152602,147679,152602,147679,152602,152602,147679,152602,147679,152602,1796764
F01,6196 - Perioperative Services,Expense,Employee Benefits,Actual,157180,142924,159396,152386,164781,158924,146655,148497,147545,148385,152861,164766,1844300
F01,6196 - Perioperative Services,Expense,Equipment & Maintenance,Budget,32700,29536,32700,31645,32700,31645,32700,32700,31645,32700,31645,32700,385016
F01,6196 - Perioperative Services,Expense,Equipment & Maintenance,Actual,35034,29826,33390,32940,36970,30459,33525,31582,33689,35656,31464,34603,399138
F01,6196 - Perioperative Services,Expense,Medical Supplies,Budget,747185,674877,747185,723082,747185,723082,747185,747185,723082,747185,723082,747185,8797500
F01,6196 - Perioperative Services,Expense,Medical Supplies,Actual,830906,746319,778539,705335,796365,668116,700130,725783,847034,688687,707311,769811,8964336
F01,6196 - Perioperative Services,Expense,Other Operating,Budget,16350,14768,16350,15823,16350,15823,16350,16350,15823,16350,15823,16350,192510
F01,6196 - Perioperative Services,Expense,Other Operating,Actual,17162,16627,18200,14976,13293,17798,17346,14616,17304,16207,19043,15770,198342
F01,6196 - Perioperative Services,Expense,Pharmaceuticals,Budget,5450,4923,5450,5274,5450,5274,5450,5450,5274,5450,5274,5450,64169
F01,6196 - Perioperative Services,Expense,Pharmaceuticals,Actual,5300,6089,5693,5281,5727,5490,5248,6201,6247,5755,4471,5431,66933
F01,6196 - Perioperative Services,Expense,Purchased Services,Budget,54501,49226,54501,52742,54501,52742,54501,54501,52742,54501,52742,54501,641701
F01,6196 - Perioperative Services,Expense,Purchased Services,Actual,50526,51325,54027,53109,47980,46678,60445,59104,59897,63359,56042,57790,660282
F01,6196 - Perioperative Services,Expense,Salaries & Wages,Budget,545005,492263,545005,527425,545005,527425,545005,545005,527425,545005,527425,545005,6416998
F01,6196 - Perioperative Services,Expense,Salaries & Wages,Actual,561379,502603,509113,543579,568680,519945,553116,542161,542261,533978,522640,552007,6451462
F01,6500 - Laboratory,Revenue,Net Patient Service Revenue,Budget,1096515,990402,1096515,1061145,1096515,1061145,1096515,1096515,1061145,1096515,1061145,1096515,12910587
F01,6500 - Laboratory,Revenue,Net Patient Service Revenue,Actual,1099590,972482,1228315,1020055,1169649,928610,1055759,1036772,1053954,1203409,1128114,1123354,13020063
F01,6500 - Laboratory,Expense,Employee Benefits,Budget,135372,122272,135372,131005,135372,131005,135372,135372,131005,135372,131005,135372,1593896
F01,6500 - Laboratory,Expense,Employee Benefits,Actual,151789,130387,135424,139006,137157,133679,135166,134093,136805,138409,132191,150646,1654752
F01,6500 - Laboratory,Expense,Equipment & Maintenance,Budget,29008,26201,29008,28073,29008,28073,29008,29008,28073,29008,28073,29008,341549
F01,6500 - Laboratory,Expense,Equipment & Maintenance,Actual,30730,21434,29176,23829,25054,28022,25389,32328,26615,25758,27638,29464,325437
F01,6500 - Laboratory,Expense,Medical Supplies,Budget,281293,254071,281293,272219,281293,272219,281293,281293,272219,281293,272219,281293,3311998
F01,6500 - Laboratory,Expense,Medical Supplies,Actual,321426,274536,228235,294780,266099,272643,264343,289261,265905,259713,227106,264488,3228535
F01,6500 - Laboratory,Expense,Other Operating,Budget,14504,13101,14504,14036,14504,14036,14504,14504,14036,14504,14036,14504,170773
F01,6500 - Laboratory,Expense,Other Operating,Actual,15899,12203,14153,12880,15487,12406,13801,14465,13360,15213,14263,14222,168352
F01,6500 - Laboratory,Expense,Pharmaceuticals,Budget,4835,4367,4835,4679,4835,4679,4835,4835,4679,4835,4679,4835,56928
F01,6500 - Laboratory,Expense,Pharmaceuticals,Actual,5132,4095,4334,5141,4487,3817,5620,5336,5094,4999,4269,4882,57206
F01,6500 - Laboratory,Expense,Purchased Services,Budget,48347,43668,48347,46788,48347,46788,48347,48347,46788,48347,46788,48347,569249
F01,6500 - Laboratory,Expense,Purchased Services,Actual,48246,40778,53785,51453,46153,41148,47717,49679,50448,55318,49057,49816,583598
F01,6500 - Laboratory,Expense,Salaries & Wages,Budget,483473,436685,483473,467877,483473,467877,483473,483473,467877,483473,467877,483473,5692504
F01,6500 - Laboratory,Expense,Salaries & Wages,Actual,508716,467699,506376,472895,511381,491853,509894,482940,484859,484518,485571,516316,5923018
F01,6510 - Radiology,Revenue,Net Patient Service Revenue,Budget,1012021,914085,1012021,979376,1012021,979376,1012021,1012021,979376,1012021,979376,1012021,11915736
F01,6510 - Radiology,Revenue,Net Patient Service Revenue,Actual,1005558,986036,1045463,1007073,930826,954413,1028474,1102644,1101735,1094244,991476,1062664,12310606
F01,6510 - Radiology,Expense,Employee Benefits,Budget,118143,106710,118143,114332,118143,114332,118143,118143,114332,118143,114332,118143,1391039
F01,6510 - Radiology,Expense,Employee Benefits,Actual,124086,109972,120482,115634,116313,108641,116542,118913,113449,113840,118115,119295,1395282
F01,6510 - Radiology,Expense,Equipment & Maintenance,Budget,158227,142915,158227,153123,158227,153123,158227,158227,153123,158227,153123,158227,1862996
F01,6510 - Radiology,Expense,Equipment & Maintenance,Actual,161451,146858,172413,142199,139375,166208,155751,139756,147175,162349,144724,138123,1816382
F01,6510 - Radiology,Expense,Medical Supplies,Budget,21097,19055,21097,20416,21097,20416,21097,21097,20416,21097,20416,21097,248398
F01,6510 - Radiology,Expense,Medical Supplies,Actual,20514,22131,21208,21111,24942,22538,22245,19299,20969,23487,20316,23308,262068
F01,6510 - Radiology,Expense,Other Operating,Budget,12658,11433,12658,12250,12658,12250,12658,12658,12250,12658,12250,12658,149039
F01,6510 - Radiology,Expense,Other Operating,Actual,10813,10748,12405,13073,12345,11132,11116,11336,11182,12296,9976,14413,140835
F01,6510 - Radiology,Expense,Pharmaceuticals,Budget,4219,3811,4219,4083,4219,4083,4219,4219,4083,4219,4083,4219,49676
F01,6510 - Radiology,Expense,Pharmaceuticals,Actual,4717,4221,4739,4029,4663,4435,4310,4700,4730,4462,4369,5119,54494
F01,6510 - Radiology,Expense,Purchased Services,Budget,42194,38111,42194,40833,42194,40833,42194,42194,40833,42194,40833,42194,496801
F01,6510 - Radiology,Expense,Purchased Services,Actual,47063,40512,41590,42120,42408,42475,40776,42156,42061,40590,40231,44522,506504
F01,6510 - Radiology,Expense,Salaries & Wages,Budget,421940,381107,421940,408329,421940,408329,421940,421940,408329,421940,408329,421940,4968003
F01,6510 - Radiology,Expense,Salaries & Wages,Actual,407119,377843,400090,390513,389638,373064,375754,388869,390494,430170,393251,415781,4732586
F01,6520 - Pharmacy,Expense,Employee Benefits,Budget,76301,68917,76301,73839,76301,73839,76301,76301,73839,76301,73839,76301,898380
F01,6520 - Pharmacy,Expense,Employee Benefits,Actual,82190,73898,78282,77684,76548,76747,76503,76829,74894,77068,74207,81623,926473
F01,6520 - Pharmacy,Expense,Equipment & Maintenance,Budget,16350,14768,16350,15823,16350,15823,16350,16350,15823,16350,15823,16350,192510
F01,6520 - Pharmacy,Expense,Equipment & Maintenance,Actual,16913,15900,14779,16590,14726,14973,17375,16487,18063,17576,16801,15232,195415
F01,6520 - Pharmacy,Expense,Medical Supplies,Budget,13625,12307,13625,13186,13625,13186,13625,13625,13186,13625,13186,13625,160426
F01,6520 - Pharmacy,Expense,Medical Supplies,Actual,14959,12306,12414,13936,13477,11732,12983,14211,15286,12982,12834,11274,158394
F01,6520 - Pharmacy,Expense,Other Operating,Budget,8175,7384,8175,7911,8175,7911,8175,8175,7911,8175,7911,8175,96253
F01,6520 - Pharmacy,Expense,Other Operating,Actual,9790,6487,8167,8308,8751,7706,8467,7906,7471,8322,8002,8254,97631
F01,6520 - Pharmacy,Expense,Pharmaceuticals,Budget,175808,158795,175808,170137,175808,170137,175808,175808,170137,175808,170137,175808,2069999
F01,6520 - Pharmacy,Expense,Pharmaceuticals,Actual,165005,173563,154404,178889,163493,174879,156477,164716,146602,193756,182806,147308,2001898
F01,6520 - Pharmacy,Expense,Purchased Services,Budget,27250,24613,27250,26371,27250,26371,27250,27250,26371,27250,26371,27250,320847
F01,6520 - Pharmacy,Expense,Purchased Services,Actual,27722,24430,27894,22707,26749,27470,25222,27824,27778,27805,26774,24590,316965
F01,6520 - Pharmacy,Expense,Salaries & Wages,Budget,272503,246132,272503,263712,272503,263712,272503,272503,263712,272503,263712,272503,3208501
F01,6520 - Pharmacy,Expense,Salaries & Wages,Actual,301553,277647,291254,285747,295408,277795,292344,290191,277700,296381,292504,302308,3480832
F02,6200 - Emergency Department,Revenue,Net Patient Service Revenue,Budget,536929,484968,536929,519608,536929,519608,536929,536929,519608,536929,519608,536929,6321903
F02,6200 - Emergency Department,Revenue,Net Patient Service Revenue,Actual,579720,515446,526493,595000,522271,542260,564139,579940,515822,514926,559671,568506,6584194
F02,6200 - Emergency Department,Expense,Employee Benefits,Budget,93530,84479,93530,90513,93530,90513,93530,93530,90513,93530,90513,93530,1101241
F02,6200 - Emergency Department,Expense,Employee Benefits,Actual,100150,87376,97415,92284,93894,91656,97693,101057,88999,94132,95446,103583,1143685
F02,6200 - Emergency Department,Expense,Equipment & Maintenance,Budget,16702,15085,16702,16163,16702,16163,16702,16702,16163,16702,16163,16702,196651
F02,6200 - Emergency Department,Expense,Equipment & Maintenance,Actual,17624,14593,18455,16717,16105,17233,15861,17160,16179,15339,18074,17972,201312
F02,6200 - Emergency Department,Expense,Medical Supplies,Budget,46765,42239,46765,45256,46765,45256,46765,46765,45256,46765,45256,46765,550618
F02,6200 - Emergency Department,Expense,Medical Supplies,Actual,48221,49213,45777,48264,56608,46370,49722,43675,43820,44621,50631,50979,577901
F02,6200 - Emergency Department,Expense,Other Operating,Budget,10021,9051,10021,9698,10021,9698,10021,10021,9698,10021,9698,10021,117990
F02,6200 - Emergency Department,Expense,Other Operating,Actual,8350,9451,10536,9289,11329,8891,9772,11054,8851,9525,10139,10171,117358
F02,6200 - Emergency Department,Expense,Pharmaceuticals,Budget,30063,27154,30063,29093,30063,29093,30063,30063,29093,30063,29093,30063,353967
F02,6200 - Emergency Department,Expense,Pharmaceuticals,Actual,28762,28268,31520,31320,24462,24571,31360,29492,31160,32992,29240,31964,355111
F02,6200 - Emergency Department,Expense,Purchased Services,Budget,40084,36205,40084,38791,40084,38791,40084,40084,38791,40084,38791,40084,471957
F02,6200 - Emergency Department,Expense,Purchased Services,Actual,39299,38088,38310,41167,37323,43721,39253,41720,36345,41784,43955,41402,482367
F02,6200 - Emergency Department,Expense,Salaries & Wages,Budget,334036,301710,334036,323260,334036,323260,334036,334036,323260,334036,323260,334036,3933002
F02,6200 - Emergency Department,Expense,Salaries & Wages,Actual,336862,306439,320906,297569,321521,317891,337625,332768,317015,320026,314749,349127,3872498
F02,6210 - Medical-Surgical,Revenue,Net Patient Service Revenue,Budget,876884,792022,876884,848596,876884,848596,876884,876884,848596,876884,848596,876884,10324594
F02,6210 - Medical-Surgical,Revenue,Net Patient Service Revenue,Actual,887672,866150,904149,864286,887104,896222,849163,866050,820515,843417,894153,921348,10500229
F02,6210 - Medical-Surgical,Expense,Employee Benefits,Budget,141279,127607,141279,136722,141279,136722,141279,141279,136722,141279,136722,141279,1663448
F02,6210 - Medical-Surgical,Expense,Employee Benefits,Actual,151678,133997,144454,134163,140829,133463,139976,139209,133821,140422,138157,137936,1668105
F02,6210 - Medical-Surgical,Expense,Equipment & Maintenance,Budget,13537,12227,13537,13101,13537,13101,13537,13537,13101,13537,13101,13537,159390
F02,6210 - Medical-Surgical,Expense,Equipment & Maintenance,Actual,15786,13286,11944,13950,13413,14815,13692,14450,12328,14795,14121,13920,166500
F02,6210 - Medical-Surgical,Expense,Medical Supplies,Budget,76301,68917,76301,73839,76301,73839,76301,76301,73839,76301,73839,76301,898380
F02,6210 - Medical-Surgical,Expense,Medical Supplies,Actual,88524,76927,87372,76700,86355,78492,84363,79499,74785,80919,59460,79500,952896
F02,6210 - Medical-Surgical,Expense,Other Operating,Budget,10338,9337,10338,10004,10338,10004,10338,10338,10004,10338,10004,10338,121719
F02,6210 - Medical-Surgical,Expense,Other Operating,Actual,11131,10221,9334,10209,10245,10699,9938,10791,9506,10635,8621,9207,120537
F02,6210 - Medical-Surgical,Expense,Pharmaceuticals,Budget,59072,53355,59072,57166,59072,57166,59072,59072,57166,59072,57166,59072,695523
F02,6210 - Medical-Surgical,Expense,Pharmaceuticals,Actual,65513,65138,52748,44268,60304,59958,70939,58386,54232,62188,55862,67765,717301
F02,6210 - Medical-Surgical,Expense,Purchased Services,Budget,22152,20008,22152,21437,22152,21437,22152,22152,21437,22152,21437,22152,260820
F02,6210 - Medical-Surgical,Expense,Purchased Services,Actual,20744,21489,20369,20915,21870,23604,22441,24581,21653,24652,23490,21634,267442
F02,6210 - Medical-Surgical,Expense,Salaries & Wages,Budget,504570,455740,504570,488293,504570,488293,504570,504570,488293,504570,488293,504570,5940902
F02,6210 - Medical-Surgical,Expense,Salaries & Wages,Actual,526711,499670,523285,494428,527905,493905,520594,500332,510203,523447,506007,544047,6170534
F02,6230 - Intensive Care Unit,Revenue,Net Patient Service Revenue,Budget,407451,368020,407451,394306,407451,394306,407451,407451,394306,407451,394306,407451,4797401
F02,6230 - Intensive Care Unit,Revenue,Net Patient Service Revenue,Actual,375668,371505,400959,406091,410657,372152,413437,409906,397041,410526,382159,431657,4781758
F02,6230 - Intensive Care Unit,Expense,Employee Benefits,Budget,64979,58690,64979,62883,64979,62883,64979,64979,62883,64979,62883,64979,765075
F02,6230 - Intensive Care Unit,Expense,Employee Benefits,Actual,66839,62751,63436,59851,62901,65561,63045,63051,59530,61418,60047,63498,751928
F02,6230 - Intensive Care Unit,Expense,Equipment & Maintenance,Budget,7736,6987,7736,7486,7736,7486,7736,7736,7486,7736,7486,7736,91083
F02,6230 - Intensive Care Unit,Expense,Equipment & Maintenance,Actual,6303,7172,8772,7370,7967,7669,7505,7414,7992,7279,7927,7314,90684
F02,6230 - Intensive Care Unit,Expense,Medical Supplies,Budget,36568,33029,36568,35388,36568,35388,36568,36568,35388,36568,35388,36568,430557
F02,6230 - Intensive Care Unit,Expense,Medical Supplies,Actual,39940,34208,35425,32071,38841,37022,34537,34745,41892,41637,38446,44588,453352
F02,6230 - Intensive Care Unit,Expense,Other Operating,Budget,2954,2668,2954,2858,2954,2858,2954,2954,2858,2954,2858,2954,34778
F02,6230 - Intensive Care Unit,Expense,Other Operating,Actual,3013,2586,2938,2891,2701,2665,3244,2909,2997,2750,2785,2917,34396
F02,6230 - Intensive Care Unit,Expense,Pharmaceuticals,Budget,33755,30489,33755,32666,33755,32666,33755,33755,32666,33755,32666,33755,397438
F02,6230 - Intensive Care Unit,Expense,Pharmaceuticals,Actual,34865,29328,35900,34022,41895,31296,36788,28873,31915,37256,28299,35996,406433
F02,6230 - Intensive Care Unit,Expense,Purchased Services,Budget,6329,5717,6329,6125,6329,6125,6329,6329,6125,6329,6125,6329,74520
F02,6230 - Intensive Care Unit,Expense,Purchased Services,Actual,6195,5850,6608,6948,7588,5348,6669,7339,6637,6924,6514,5886,78506
F02,6230 - Intensive Care Unit,Expense,Salaries & Wages,Budget,232067,209609,232067,224581,232067,224581,232067,232067,224581,232067,224581,232067,2732402
F02,6230 - Intensive Care Unit,Expense,Salaries & Wages,Actual,256923,229229,240869,239840,246342,245970,248671,248065,239984,241714,229872,256840,2924319
F02,6270 - Labor & Delivery,Revenue,Net Patient Service Revenue,Budget,313172,282865,313172,303069,313172,303069,313172,313172,303069,313172,303069,313172,3687345
F02,6270 - Labor & Delivery,Revenue,Net Patient Service Revenue,Actual,310471,272206,288756,304140,304455,303448,304581,320830,316762,323302,310931,342607,3702489
F02,6270 - Labor & Delivery,Expense,Employee Benefits,Budget,50457,45574,50457,48829,50457,48829,50457,50457,48829,50457,48829,50457,594089
F02,6270 - Labor & Delivery,Expense,Employee Benefits,Actual,53731,46139,51695,51348,51708,48017,51471,50001,47915,51295,49650,53543,606513
F02,6270 - Labor & Delivery,Expense,Equipment & Maintenance,Budget,4835,4367,4835,4679,4835,4679,4835,4835,4679,4835,4679,4835,56928
F02,6270 - Labor & Delivery,Expense,Equipment & Maintenance,Actual,4857,4373,4889,4223,5072,4650,4245,5228,4219,5150,4284,4822,56012
F02,6270 - Labor & Delivery,Expense,Medical Supplies,Budget,27250,24613,27250,26371,27250,26371,27250,27250,26371,27250,26371,27250,320847
F02,6270 - Labor & Delivery,Expense,Medical Supplies,Actual,29797,27683,26015,28542,25921,27199,26041,27872,27284,26516,27625,30957,331452
F02,6270 - Labor & Delivery,Expense,Other Operating,Budget,3692,3335,3692,3573,3692,3573,3692,3692,3573,3692,3573,3692,43471
F02,6270 - Labor & Delivery,Expense,Other Operating,Actual,3393,3145,3787,3564,3689,3930,3008,3692,3290,3330,3196,3690,41714
F02,6270 - Labor & Delivery,Expense,Pharmaceuticals,Budget,21097,19055,21097,20416,21097,20416,21097,21097,20416,21097,20416,21097,248398
F02,6270 - Labor & Delivery,Expense,Pharmaceuticals,Actual,19301,18368,22123,21908,21445,18482,20494,24450,18450,20603,24439,21284,251347
F02,6270 - Labor & Delivery,Expense,Purchased Services,Budget,7911,7146,7911,7656,7911,7656,7911,7911,7656,7911,7656,7911,93147
F02,6270 - Labor & Delivery,Expense,Purchased Services,Actual,8405,6943,8508,7816,6975,7180,7961,8106,8102,7674,7080,8856,93606
F02,6270 - Labor & Delivery,Expense,Salaries & Wages,Budget,180203,162764,180203,174390,180203,174390,180203,180203,174390,180203,174390,180203,2121745
F02,6270 - Labor & Delivery,Expense,Salaries & Wages,Actual,195896,175054,177934,177360,182891,183001,177345,181102,175702,182266,176666,192608,2177825
F03,6300 - Emergency Department,Revenue,Net Patient Service Revenue,Budget,720615,650878,720615,697368,720615,697368,720615,720615,697368,720615,697368,720615,8484655
F03,6300 - Emergency Department,Revenue,Net Patient Service Revenue,Actual,674800,634484,651646,660031,659805,697284,660269,704594,646529,698163,671070,635071,7993746
F03,6300 - Emergency Department,Expense,Employee Benefits,Budget,125527,113379,125527,121478,125527,121478,125527,125527,121478,125527,121478,125527,1477980
F03,6300 - Emergency Department,Expense,Employee Benefits,Actual,137661,117928,131010,123058,122729,126074,130514,128805,121844,124582,121329,138455,1523989
F03,6300 - Emergency Department,Expense,Equipment & Maintenance,Budget,22416,20246,22416,21692,22416,21692,22416,22416,21692,22416,21692,22416,263926
F03,6300 - Emergency Department,Expense,Equipment & Maintenance,Actual,22147,20669,20995,21737,23167,22812,24228,22466,23921,24461,24049,24099,274751
F03,6300 - Emergency Department,Expense,Medical Supplies,Budget,62764,56690,62764,60739,62764,60739,62764,62764,60739,62764,60739,62764,738994
F03,6300 - Emergency Department,Expense,Medical Supplies,Actual,69598,55356,59740,54873,64710,64455,45032,55339,59788,67212,63154,64789,724046
F03,6300 - Emergency Department,Expense,Other Operating,Budget,13449,12148,13449,13015,13449,13015,13449,13449,13015,13449,13015,13449,158351
F03,6300 - Emergency Department,Expense,Other Operating,Actual,11966,14246,15143,13267,14895,13781,14866,14190,13636,14658,12971,12568,166187
F03,6300 - Emergency Department,Expense,Pharmaceuticals,Budget,40348,36443,40348,39046,40348,39046,40348,40348,39046,40348,39046,40348,475063
F03,6300 - Emergency Department,Expense,Pharmaceuticals,Actual,39942,34951,35432,39322,41660,31210,41942,31142,35219,38961,37927,29570,437278
F03,6300 - Emergency Department,Expense,Purchased Services,Budget,53797,48591,53797,52062,53797,52062,53797,53797,52062,53797,52062,53797,633418
F03,6300 - Emergency Department,Expense,Purchased Services,Actual,60214,47256,56964,57917,63168,56629,51172,65864,53395,64776,59304,62139,698798
F03,6300 - Emergency Department,Expense,Salaries & Wages,Budget,448311,404926,448311,433849,448311,433849,448311,448311,433849,448311,433849,448311,5278499
F03,6300 - Emergency Department,Expense,Salaries & Wages,Actual,462754,428645,438010,419993,466085,426379,430121,438276,428712,452581,437628,480396,5309580
F03,6310 - Medical-Surgical,Revenue,Net Patient Service Revenue,Budget,939517,848596,939517,909210,939517,909210,939517,939517,909210,939517,909210,939517,11062055
F03,6310 - Medical-Surgical,Revenue,Net Patient Service Revenue,Actual,971913,873491,926742,877409,944024,912830,920650,828661,901416,817972,940294,966952,10882354
F03,6310 - Medical-Surgical,Expense,Employee Benefits,Budget,151371,136722,151371,146488,151371,146488,151371,151371,146488,151371,146488,151371,1782271
F03,6310 - Medical-Surgical,Expense,Employee Benefits,Actual,159590,143677,153143,141587,154928,154327,153712,150229,146793,147901,143541,158288,1807716
F03,6310 - Medical-Surgical,Expense,Equipment & Maintenance,Budget,14504,13101,14504,14036,14504,14036,14504,14504,14036,14504,14036,14504,170773
F03,6310 - Medical-Surgical,Expense,Equipment & Maintenance,Actual,12939,11673,17241,17447,16131,14172,14452,15794,14711,14166,12987,14462,176175
F03,6310 - Medical-Surgical,Expense,Medical Supplies,Budget,81751,73839,81751,79114,81751,79114,81751,81751,79114,81751,79114,81751,962552
F03,6310 - Medical-Surgical,Expense,Medical Supplies,Actual,82309,79448,81193,75013,80907,62644,75981,86252,84399,79575,84678,100245,972644
F03,6310 - Medical-Surgical,Expense,Other Operating,Budget,11076,10004,11076,10719,11076,10719,11076,11076,10719,11076,10719,11076,130412
F03,6310 - Medical-Surgical,Expense,Other Operating,Actual,11732,9955,12120,12048,11665,11734,11572,11795,10813,11126,10733,12135,137428
F03,6310 - Medical-Surgical,Expense,Pharmaceuticals,Budget,63291,57166,63291,61249,63291,61249,63291,63291,61249,63291,61249,63291,745199
F03,6310 - Medical-Surgical,Expense,Pharmaceuticals,Actual,69804,52464,70092,70639,66622,57893,64151,66559,70913,72642,68255,68546,798580
F03,6310 - Medical-Surgical,Expense,Purchased Services,Budget,23734,21437,23734,22968,23734,22968,23734,23734,22968,23734,22968,23734,279447
F03,6310 - Medical-Surgical,Expense,Purchased Services,Actual,25137,22549,24526,19739,22446,22483,24062,26704,21890,25468,23151,24081,282236
F03,6310 - Medical-Surgical,Expense,Salaries & Wages,Budget,540610,488293,540610,523171,540610,523171,540610,540610,523171,540610,523171,540610,6365247
F03,6310 - Medical-Surgical,Expense,Salaries & Wages,Actual,579798,521343,548254,551919,557652,528165,567385,568344,527713,560390,552924,577073,6640960
F03,6320 - Cardiac Step-Down,Revenue,Net Patient Service Revenue,Budget,501075,452584,501075,484913,501075,484913,501075,501075,484913,501075,484913,501075,5899761
F03,6320 - Cardiac Step-Down,Revenue,Net Patient Service Revenue,Actual,536922,494476,559398,513751,504080,492804,505756,472761,488779,503462,504024,508845,6085058
F03,6320 - Cardiac Step-Down,Expense,Employee Benefits,Budget,80731,72918,80731,78127,80731,78127,80731,80731,78127,80731,78127,80731,950543
F03,6320 - Cardiac Step-Down,Expense,Employee Benefits,Actual,83551,77690,81241,78342,80736,81944,84841,82670,74231,82024,81238,85390,973898
F03,6320 - Cardiac Step-Down,Expense,Equipment & Maintenance,Budget,7736,6987,7736,7486,7736,7486,7736,7736,7486,7736,7486,7736,91083
F03,6320 - Cardiac Step-Down,Expense,Equipment & Maintenance,Actual,8152,6441,7338,6669,7801,7681,6876,6428,7830,7080,8037,6808,87141
F03,6320 - Cardiac Step-Down,Expense,Medical Supplies,Budget,43600,39381,43600,42194,43600,42194,43600,43600,42194,43600,42194,43600,513357
F03,6320 - Cardiac Step-Down,Expense,Medical Supplies,Actual,48887,32989,41761,49046,38396,43330,46261,49165,38554,46443,41527,44287,520646
F03,6320 - Cardiac Step-Down,Expense,Other Operating,Budget,5907,5335,5907,5717,5907,5717,5907,5907,5717,5907,5717,5907,69552
F03,6320 - Cardiac Step-Down,Expense,Other Operating,Actual,5119,5891,5486,5512,5186,5530,5105,6221,5876,6359,5379,5483,67147
F03,6320 - Cardiac Step-Down,Expense,Pharmaceuticals,Budget,33755,30489,33755,32666,33755,32666,33755,33755,32666,33755,32666,33755,397438
F03,6320 - Cardiac Step-Down,Expense,Pharmaceuticals,Actual,36880,31267,30095,35436,32927,35904,33964,35652,34799,36076,33667,31919,408586
F03,6320 - Cardiac Step-Down,Expense,Purchased Services,Budget,12658,11433,12658,12250,12658,12250,12658,12658,12250,12658,12250,12658,149039
F03,6320 - Cardiac Step-Down,Expense,Purchased Services,Actual,12425,11907,14924,12944,14705,11551,12928,12566,12907,15351,12456,11962,156626
F03,6320 - Cardiac Step-Down,Expense,Salaries & Wages,Budget,288325,260423,288325,279025,288325,279025,288325,288325,279025,288325,279025,288325,3394798
F03,6320 - Cardiac Step-Down,Expense,Salaries & Wages,Actual,304487,274938,294229,290697,301528,293286,294644,309239,287319,299563,282212,308202,3540344
F03,6330 - Intensive Care Unit,Revenue,Net Patient Service Revenue,Budget,611175,552030,611175,591459,611175,591459,611175,611175,591459,611175,591459,611175,7196091
F03,6330 - Intensive Care Unit,Revenue,Net Patient Service Revenue,Actual,632070,587204,637244,599588,633355,637768,601829,624884,651319,669848,635338,693228,7603675
F03,6330 - Intensive Care Unit,Expense,Employee Benefits,Budget,97468,88036,97468,94324,97468,94324,97468,97468,94324,97468,94324,97468,1147608
F03,6330 - Intensive Care Unit,Expense,Employee Benefits,Actual,96798,86123,93155,96459,90251,88639,91613,93136,91270,94499,86235,104791,1112969
F03,6330 - Intensive Care Unit,Expense,Equipment & Maintenance,Budget,11603,10480,11603,11229,11603,11229,11603,11603,11229,11603,11229,11603,136617
F03,6330 - Intensive Care Unit,Expense,Equipment & Maintenance,Actual,12426,11843,12010,12773,14408,11879,12529,13178,11518,14802,12493,12227,152086
F03,6330 - Intensive Care Unit,Expense,Medical Supplies,Budget,54852,49544,54852,53083,54852,53083,54852,54852,53083,54852,53083,54852,645840
F03,6330 - Intensive Care Unit,Expense,Medical Supplies,Actual,53910,50450,66935,49325,58671,62234,58322,55700,43513,61736,56751,59455,677002
F03,6330 - Intensive Care Unit,Expense,Other Operating,Budget,4430,4002,4430,4287,4430,4287,4430,4430,4287,4430,4287,4430,52160
F03,6330 - Intensive Care Unit,Expense,Other Operating,Actual,4587,3471,4305,4462,4717,4155,4923,4171,4145,4446,4492,5149,53023
F03,6330 - Intensive Care Unit,Expense,Pharmaceuticals,Budget,50633,45733,50633,48999,50633,48999,50633,50633,48999,50633,48999,50633,596160
F03,6330 - Intensive Care Unit,Expense,Pharmaceuticals,Actual,54948,41238,46770,50513,50679,48920,49990,49857,50797,48844,40690,45634,578880
F03,6330 - Intensive Care Unit,Expense,Purchased Services,Budget,9494,8575,9494,9187,9494,9187,9494,9494,9187,9494,9187,9494,111781
F03,6330 - Intensive Care Unit,Expense,Purchased Services,Actual,8916,8775,10133,9459,8798,10335,9408,8816,9344,9872,9674,9663,113193
F03,6330 - Intensive Care Unit,Expense,Salaries & Wages,Budget,348100,314413,348100,336871,348100,336871,348100,348100,336871,348100,336871,348100,4098597
F03,6330 - Intensive Care Unit,Expense,Salaries & Wages,Actual,350327,322291,349963,333258,350927,323174,339564,351557,331895,352131,322216,365023,4092326
F03,6340 - Orthopedics,Revenue,Net Patient Service Revenue,Budget,438442,396012,438442,424299,438442,424299,438442,438442,424299,438442,424299,438442,5162302
F03,6340 - Orthopedics,Revenue,Net Patient Service Revenue,Actual,452439,447549,444937,419303,493012,453250,425470,449306,438242,475335,451495,464501,5414839
F03,6340 - Orthopedics,Expense,Employee Benefits,Budget,70640,63804,70640,68361,70640,68361,70640,70640,68361,70640,68361,70640,831728
F03,6340 - Orthopedics,Expense,Employee Benefits,Actual,70485,68335,69425,69907,69760,69766,70526,71914,70661,72124,70676,73479,847058
F03,6340 - Orthopedics,Expense,Equipment & Maintenance,Budget,6769,6114,6769,6550,6769,6550,6769,6769,6550,6769,6550,6769,79697
F03,6340 - Orthopedics,Expense,Equipment & Maintenance,Actual,7049,5798,7193,7177,6450,6576,6954,6791,7120,7600,6752,7158,82618
F03,6340 - Orthopedics,Expense,Medical Supplies,Budget,38150,34458,38150,36920,38150,36920,38150,38150,36920,38150,36920,38150,449188
F03,6340 - Orthopedics,Expense,Medical Supplies,Actual,35144,35575,42119,36553,36396,35453,38412,37711,42121,39380,37972,33630,450466
F03,6340 - Orthopedics,Expense,Other Operating,Budget,5169,4669,5169,5002,5169,5002,5169,5169,5002,5169,5002,5169,60860
F03,6340 - Orthopedics,Expense,Other Operating,Actual,4969,4698,4504,4629,4736,4815,5514,5341,4743,5560,4421,4379,58309
F03,6340 - Orthopedics,Expense,Pharmaceuticals,Budget,29536,26677,29536,28583,29536,28583,29536,29536,28583,29536,28583,29536,347761
F03,6340 - Orthopedics,Expense,Pharmaceuticals,Actual,29005,24469,32644,28448,30357,25587,19148,32071,31629,26779,26487,29932,336556
F03,6340 - Orthopedics,Expense,Purchased Services,Budget,11076,10004,11076,10719,11076,10719,11076,11076,10719,11076,10719,11076,130412
F03,6340 - Orthopedics,Expense,Purchased Services,Actual,13187,10673,10108,10059,10195,11021,12900,9358,9581,9893,10520,12173,129668
F03,6340 - Orthopedics,Expense,Salaries & Wages,Budget,252285,227870,252285,244147,252285,244147,252285,252285,244147,252285,244147,252285,2970453
F03,6340 - Orthopedics,Expense,Salaries & Wages,Actual,236760,229963,250746,234330,229906,224279,250520,240321,229841,251904,236850,262267,2877687
F04,6400 - Primary Care Clinic,Revenue,Net Patient Service Revenue,Budget,440659,398016,440659,426446,440659,426446,440659,440659,426446,440659,426446,440659,5188413
F04,6400 - Primary Care Clinic,Revenue,Net Patient Service Revenue,Actual,493119,464987,464726,420143,456995,479318,451987,474232,456564,454797,435709,463994,5516571
F04,6400 - Primary Care Clinic,Expense,Employee Benefits,Budget,80696,72887,80696,78093,80696,78093,80696,80696,78093,80696,78093,80696,950131
F04,6400 - Primary Care Clinic,Expense,Employee Benefits,Actual,82858,71741,78004,78979,74993,74394,76570,77966,76173,78620,72223,81603,924124
F04,6400 - Primary Care Clinic,Expense,Equipment & Maintenance,Budget,11955,10798,11955,11569,11955,11569,11955,11955,11569,11955,11569,11955,140759
F04,6400 - Primary Care Clinic,Expense,Equipment & Maintenance,Actual,11752,10378,11541,11109,9627,11352,11685,12307,11444,12768,11067,12502,137532
F04,6400 - Primary Care Clinic,Expense,Medical Supplies,Budget,17932,16197,17932,17354,17932,17354,17932,17932,17354,17932,17354,17932,211137
F04,6400 - Primary Care Clinic,Expense,Medical Supplies,Actual,17088,17770,17562,19615,19495,18130,20063,19874,17453,17587,17615,18763,221015
F04,6400 - Primary Care Clinic,Expense,Other Operating,Budget,14944,13498,14944,14462,14944,14462,14944,14944,14462,14944,14462,14944,175954
F04,6400 - Primary Care Clinic,Expense,Other Operating,Actual,13230,12299,12985,16411,15819,14133,13899,14220,12997,14798,14442,12571,167804
F04,6400 - Primary Care Clinic,Expense,Pharmaceuticals,Budget,5977,5399,5977,5785,5977,5785,5977,5977,5785,5977,5785,5977,70378
F04,6400 - Primary Care Clinic,Expense,Pharmaceuticals,Actual,4814,5609,5929,6324,6092,5273,4064,5152,4315,5103,5284,5990,63949
F04,6400 - Primary Care Clinic,Expense,Purchased Services,Budget,23910,21596,23910,23139,23910,23139,23910,23910,23139,23910,23139,23910,281522
F04,6400 - Primary Care Clinic,Expense,Purchased Services,Actual,27941,22087,26097,23598,22750,25884,22707,24649,21305,21993,25711,25893,290615
F04,6400 - Primary Care Clinic,Expense,Salaries & Wages,Budget,298874,269951,298874,289233,298874,289233,298874,298874,289233,298874,289233,298874,3519001
F04,6400 - Primary Care Clinic,Expense,Salaries & Wages,Actual,312003,285245,295417,286802,290384,270170,279302,288009,277574,289092,285457,305482,3464937
F04,6410 - Cardiology Clinic,Revenue,Net Patient Service Revenue,Budget,304640,275159,304640,294814,304640,294814,304640,304640,294814,304640,294814,304640,3586895
F04,6410 - Cardiology Clinic,Revenue,Net Patient Service Revenue,Actual,291871,272701,291465,308661,293696,280360,265402,308732,282563,294704,278295,308122,3476572
F04,6410 - Cardiology Clinic,Expense,Employee Benefits,Budget,45095,40731,45095,43640,45095,43640,45095,45095,43640,45095,43640,45095,530956
F04,6410 - Cardiology Clinic,Expense,Employee Benefits,Actual,47604,43377,46428,45456,47121,44593,45839,42570,44549,44799,43810,46998,543144
F04,6410 - Cardiology Clinic,Expense,Equipment & Maintenance,Budget,6681,6034,6681,6465,6681,6465,6681,6681,6465,6681,6465,6681,78661
F04,6410 - Cardiology Clinic,Expense,Equipment & Maintenance,Actual,7278,6310,7686,7472,6459,6899,7158,6830,5540,6095,6703,6885,81315
F04,6410 - Cardiology Clinic,Expense,Medical Supplies,Budget,10021,9051,10021,9698,10021,9698,10021,10021,9698,10021,9698,10021,117990
F04,6410 - Cardiology Clinic,Expense,Medical Supplies,Actual,10073,9581,10198,10880,9268,10147,11058,9767,10665,10385,9842,10719,122583
F04,6410 - Cardiology Clinic,Expense,Other Operating,Budget,8351,7543,8351,8082,8351,8082,8351,8351,8082,8351,8082,8351,98328
F04,6410 - Cardiology Clinic,Expense,Other Operating,Actual,8984,7126,9497,7200,8284,7964,8692,8733,6898,9143,7872,7881,98274
F04,6410 - Cardiology Clinic,Expense,Pharmaceuticals,Budget,3340,3017,3340,3233,3340,3233,3340,3340,3233,3340,3233,3340,39329
F04,6410 - Cardiology Clinic,Expense,Pharmaceuticals,Actual,3857,3070,3403,3800,3607,3526,4407,3622,3477,4077,3445,4166,44457
F04,6410 - Cardiology Clinic,Expense,Purchased Services,Budget,13361,12068,13361,12930,13361,12930,13361,13361,12930,13361,12930,13361,157315
F04,6410 - Cardiology Clinic,Expense,Purchased Services,Actual,13791,13245,12204,12353,13017,13027,12371,15001,13296,14323,11468,14016,158112
F04,6410 - Cardiology Clinic,Expense,Salaries & Wages,Budget,167018,150855,167018,161630,167018,161630,167018,167018,161630,167018,161630,167018,1966501
F04,6410 - Cardiology Clinic,Expense,Salaries & Wages,Actual,172777,149536,159015,158435,169949,152785,164333,162314,155472,157711,155198,173200,1930725
F04,6420 - Orthopedic Clinic,Revenue,Net Patient Service Revenue,Budget,268030,242092,268030,259383,268030,259383,268030,268030,259383,268030,259383,268030,3155834
F04,6420 - Orthopedic Clinic,Revenue,Net Patient Service Revenue,Actual,275490,256325,281832,258991,278841,281755,280072,278117,248528,283819,260633,277204,3261607
F04,6420 - Orthopedic Clinic,Expense,Employee Benefits,Budget,40348,36443,40348,39046,40348,39046,40348,40348,39046,40348,39046,40348,475063
F04,6420 - Orthopedic Clinic,Expense,Employee Benefits,Actual,43953,40288,40312,40153,41792,39143,40668,40675,37339,40735,39796,40533,485387
F04,6420 - Orthopedic Clinic,Expense,Equipment & Maintenance,Budget,5977,5399,5977,5785,5977,5785,5977,5977,5785,5977,5785,5977,70378
F04,6420 - Orthopedic Clinic,Expense,Equipment & Maintenance,Actual,6201,5585,6276,5636,5921,6841,6082,6129,5472,5130,5610,5445,70328
F04,6420 - Orthopedic Clinic,Expense,Medical Supplies,Budget,8966,8099,8966,8677,8966,8677,8966,8966,8677,8966,8677,8966,105569
F04,6420 - Orthopedic Clinic,Expense,Medical Supplies,Actual,9155,8804,7315,9021,7575,8372,8162,8831,9735,8856,9041,9244,104111
F04,6420 - Orthopedic Clinic,Expense,Other Operating,Budget,7472,6749,7472,7231,7472,7231,7472,7472,7231,7472,7231,7472,87977
F04,6420 - Orthopedic Clinic,Expense,Other Operating,Actual,7869,6068,7964,6942,7927,7513,7233,7497,8312,8290,7441,7522,90578
F04,6420 - Orthopedic Clinic,Expense,Pharmaceuticals,Budget,2989,2700,2989,2892,2989,2892,2989,2989,2892,2989,2892,2989,35191
F04,6420 - Orthopedic Clinic,Expense,Pharmaceuticals,Actual,2985,3287,2797,2860,3107,3007,3066,2820,2790,2448,2503,3490,35160
F04,6420 - Orthopedic Clinic,Expense,Purchased Services,Budget,11955,10798,11955,11569,11955,11569,11955,11955,11569,11955,11569,11955,140759
F04,6420 - Orthopedic Clinic,Expense,Purchased Services,Actual,14135,10326,11128,11078,11416,10179,12121,12404,11060,14057,12611,11652,142167
F04,6420 - Orthopedic Clinic,Expense,Salaries & Wages,Budget,149437,134975,149437,144616,149437,144616,149437,149437,144616,149437,144616,149437,1759498
F04,6420 - Orthopedic Clinic,Expense,Salaries & Wages,Actual,159547,148446,152905,150722,149712,148954,154146,152383,151536,153664,154416,165458,1841889
F04,6430 - Infusion & Oncology Clinic,Revenue,Net Patient Service Revenue,Budget,975514,881113,975514,944049,975514,944049,975514,975514,944049,975514,944049,975514,11485907
F04,6430 - Infusion & Oncology Clinic,Revenue,Net Patient Service Revenue,Actual,1021434,993775,985777,967386,1046557,953197,1052916,1076905,1003742,979492,999960,1099161,12180302
F04,6430 - Infusion & Oncology Clinic,Expense,Employee Benefits,Budget,54588,49306,54588,52828,54588,52828,54588,54588,52828,54588,52828,54588,642734
F04,6430 - Infusion & Oncology Clinic,Expense,Employee Benefits,Actual,57652,50956,55992,55838,53418,54853,53613,53578,53791,56587,54212,55026,655516
F04,6430 - Infusion & Oncology Clinic,Expense,Equipment & Maintenance,Budget,8087,7305,8087,7826,8087,7826,8087,8087,7826,8087,7826,8087,95218
F04,6430 - Infusion & Oncology Clinic,Expense,Equipment & Maintenance,Actual,8543,8285,6965,7628,8207,7422,8402,8331,8432,7213,8290,8630,96348
F04,6430 - Infusion & Oncology Clinic,Expense,Medical Supplies,Budget,12131,10957,12131,11739,12131,11739,12131,12131,11739,12131,11739,12131,142830
F04,6430 - Infusion & Oncology Clinic,Expense,Medical Supplies,Actual,13248,11765,12353,10649,12511,12108,12138,10920,11996,10706,10522,15192,144108
F04,6430 - Infusion & Oncology Clinic,Expense,Other Operating,Budget,10109,9131,10109,9783,10109,9783,10109,10109,9783,10109,9783,10109,119026
F04,6430 - Infusion & Oncology Clinic,Expense,Other Operating,Actual,11051,9289,10221,9755,9225,9966,11040,9673,11260,11423,8993,8838,120734
F04,6430 - Infusion & Oncology Clinic,Expense,Pharmaceuticals,Budget,545005,492263,545005,527425,545005,527425,545005,545005,527425,545005,527425,545005,6416998
F04,6430 - Infusion & Oncology Clinic,Expense,Pharmaceuticals,Actual,533798,446859,587981,601363,436063,545353,542803,547311,604870,599770,405649,523891,6375711
F04,6430 - Infusion & Oncology Clinic,Expense,Purchased Services,Budget,16174,14609,16174,15653,16174,15653,16174,16174,15653,16174,15653,16174,190439
F04,6430 - Infusion & Oncology Clinic,Expense,Purchased Services,Actual,16287,14451,17648,16476,15750,14982,15090,16390,15869,17129,16689,14574,191335
F04,6430 - Infusion & Oncology Clinic,Expense,Salaries & Wages,Budget,202179,182614,202179,195658,202179,195658,202179,202179,195658,202179,195658,202179,2380499
F04,6430 - Infusion & Oncology Clinic,Expense,Salaries & Wages,Actual,221462,208092,212750,210505,219477,205227,226643,227279,207023,224383,214971,223904,2601716
F04,6440 - Endocrinology & Diabetes Clinic,Revenue,Net Patient Service Revenue,Budget,148448,134080,148448,143657,148448,143657,148448,148448,143657,148448,143657,148448,1747844
F04,6440 - Endocrinology & Diabetes Clinic,Revenue,Net Patient Service Revenue,Actual,148151,131038,146666,131943,148843,133901,143081,146185,132297,146314,144169,153316,1705904
F04,6440 - Endocrinology & Diabetes Clinic,Expense,Employee Benefits,Budget,26108,23581,26108,25265,26108,25265,26108,26108,25265,26108,25265,26108,307397
F04,6440 - Endocrinology & Diabetes Clinic,Expense,Employee Benefits,Actual,26553,24417,26561,24580,24825,24837,26480,24767,25719,25744,23878,25652,304013
F04,6440 - Endocrinology & Diabetes Clinic,Expense,Equipment & Maintenance,Budget,3868,3493,3868,3743,3868,3743,3868,3868,3743,3868,3743,3868,45541
F04,6440 - Endocrinology & Diabetes Clinic,Expense,Equipment & Maintenance,Actual,4168,3956,4114,3816,4357,3292,4607,3883,3802,3510,4031,3402,46938
F04,6440 - Endocrinology & Diabetes Clinic,Expense,Medical Supplies,Budget,5802,5240,5802,5615,5802,5615,5802,5802,5615,5802,5615,5802,68314
F04,6440 - Endocrinology & Diabetes Clinic,Expense,Medical Supplies,Actual,5916,5490,5228,5737,5089,5550,6002,5626,4657,4971,4997,6370,65633
F04,6440 - Endocrinology & Diabetes Clinic,Expense,Other Operating,Budget,4835,4367,4835,4679,4835,4679,4835,4835,4679,4835,4679,4835,56928
F04,6440 - Endocrinology & Diabetes Clinic,Expense,Other Operating,Actual,4468,4582,5163,4793,5087,4471,3938,4469,4202,4508,4619,4838,55138
F04,6440 - Endocrinology & Diabetes Clinic,Expense,Pharmaceuticals,Budget,1934,1747,1934,1872,1934,1872,1934,1934,1872,1934,1872,1934,22773
F04,6440 - Endocrinology & Diabetes Clinic,Expense,Pharmaceuticals,Actual,1823,1864,2380,1748,1963,1529,1707,1810,1892,1398,1911,2151,22176
F04,6440 - Endocrinology & Diabetes Clinic,Expense,Purchased Services,Budget,7736,6987,7736,7486,7736,7486,7736,7736,7486,7736,7486,7736,91083
F04,6440 - Endocrinology & Diabetes Clinic,Expense,Purchased Services,Actual,7367,6912,7573,7544,7240,8590,7347,8261,8081,7741,6783,8444,91883
F04,6440 - Endocrinology & Diabetes Clinic,Expense,Salaries & Wages,Budget,96695,87337,96695,93575,96695,93575,96695,96695,93575,96695,93575,96695,1138502
F04,6440 - Endocrinology & Diabetes Clinic,Expense,Salaries & Wages,Actual,104486,90130,100413,92126,102230,91871,99792,97955,89376,99563,91950,102469,1162361
F04,6450 - Pediatric Clinic,Revenue,Net Patient Service Revenue,Budget,203095,183440,203095,196543,203095,196543,203095,203095,196543,203095,196543,203095,2391277
F04,6450 - Pediatric Clinic,Revenue,Net Patient Service Revenue,Actual,225132,210755,201253,195972,203617,209926,230493,206205,201508,218339,206794,207808,2517802
F04,6450 - Pediatric Clinic,Expense,Employee Benefits,Budget,37975,34300,37975,36750,37975,36750,37975,37975,36750,37975,36750,37975,447125
F04,6450 - Pediatric Clinic,Expense,Employee Benefits,Actual,40102,35985,37572,37733,40073,37592,40277,39175,37426,40280,38874,39620,464709
F04,6450 - Pediatric Clinic,Expense,Equipment & Maintenance,Budget,5626,5081,5626,5444,5626,5444,5626,5626,5444,5626,5444,5626,66239
F04,6450 - Pediatric Clinic,Expense,Equipment & Maintenance,Actual,5526,4892,5671,5315,5849,6135,5251,5961,6210,5669,5702,5435,67616
F04,6450 - Pediatric Clinic,Expense,Medical Supplies,Budget,8439,7622,8439,8167,8439,8167,8439,8439,8167,8439,8167,8439,99363
F04,6450 - Pediatric Clinic,Expense,Medical Supplies,Actual,10090,7772,7993,7468,8684,8500,7230,7695,6847,9084,8642,8627,98632
F04,6450 - Pediatric Clinic,Expense,Other Operating,Budget,7032,6352,7032,6805,7032,6805,7032,7032,6805,7032,6805,7032,82796
F04,6450 - Pediatric Clinic,Expense,Other Operating,Actual,6367,7249,6764,6191,6756,6494,7074,7347,7449,7056,7064,5941,81752
F04,6450 - Pediatric Clinic,Expense,Pharmaceuticals,Budget,2813,2541,2813,2722,2813,2722,2813,2813,2722,2813,2722,2813,33120
F04,6450 - Pediatric Clinic,Expense,Pharmaceuticals,Actual,3293,2423,3357,2712,3290,2380,2769,2489,2637,3043,2522,2229,33144
F04,6450 - Pediatric Clinic,Expense,Purchased Services,Budget,11252,10163,11252,10889,11252,10889,11252,11252,10889,11252,10889,11252,132483
F04,6450 - Pediatric Clinic,Expense,Purchased Services,Actual,10991,11301,12174,10013,10637,11338,11424,11704,11953,11324,10987,11249,135095
F04,6450 - Pediatric Clinic,Expense,Salaries & Wages,Budget,140647,127036,140647,136110,140647,136110,140647,140647,136110,140647,136110,140647,1656005
F04,6450 - Pediatric Clinic,Expense,Salaries & Wages,Actual,145418,133091,140764,141940,132037,133699,147282,146018,143766,139806,135430,155715,1694966
