StockID,SKU,ItemDescription,Category,Vendor,UnitOfMeasure,UnitCost,LocationDeptID,QtyOnHand,ParLevel,ReorderPoint,ReorderQty,LeadTimeDays,LastCountDate,ExpirationDate,LotNumber
STK4001,SKU-10007,Nitrile Exam Gloves Small (Box/100),PPE,Harbor Health Products,Box,8.22,D300,527,481,140,341,2,2025-12-08,,
STK4002,SKU-10014,Nitrile Exam Gloves Medium (Box/100),PPE,Northstar Medical Supply,Box,7.80,D110,403,800,313,487,5,2025-12-23,,
STK4003,SKU-10014,Nitrile Exam Gloves Medium (Box/100),PPE,Northstar Medical Supply,Box,7.80,D196,578,800,225,575,2,2025-11-27,,
STK4004,SKU-10021,Nitrile Exam Gloves Large (Box/100),PPE,Northstar Medical Supply,Box,9.28,D180,550,491,179,312,3,2025-12-17,,
STK4005,SKU-10021,Nitrile Exam Gloves Large (Box/100),PPE,Northstar Medical Supply,Box,9.28,D196,495,460,155,305,2,2025-11-28,,
STK4006,SKU-10021,Nitrile Exam Gloves Large (Box/100),PPE,Northstar Medical Supply,Box,9.28,D210,324,497,193,304,10,2025-12-23,,
STK4007,SKU-10028,Nitrile Exam Gloves X-Large (Box/100),PPE,Northstar Medical Supply,Box,7.29,D300,703,788,290,498,7,2025-12-22,,
STK4008,SKU-10035,"Isolation Gown, Level 2 Regular",PPE,CareLine Distributors,Case,54.86,D170,0,72,18,54,3,2025-12-29,,
STK4009,SKU-10035,"Isolation Gown, Level 2 Regular",PPE,CareLine Distributors,Case,54.86,D200,47,174,48,126,2,2025-11-17,,
STK4010,SKU-10042,"Isolation Gown, Level 2 X-Large",PPE,CareLine Distributors,Case,51.32,D170,65,55,19,36,7,2025-11-19,,
STK4011,SKU-10042,"Isolation Gown, Level 2 X-Large",PPE,CareLine Distributors,Case,51.32,D196,82,77,26,51,2,2025-12-08,,
STK4012,SKU-10049,N95 Respirator Small (Box/20),PPE,Northstar Medical Supply,Box,31.56,D140,263,226,86,140,3,2025-11-25,2026-12-11,L567778
STK4013,SKU-10049,N95 Respirator Small (Box/20),PPE,Northstar Medical Supply,Box,31.56,D150,126,225,88,137,10,2025-12-04,2026-06-08,L705867
STK4014,SKU-10049,N95 Respirator Small (Box/20),PPE,Northstar Medical Supply,Box,31.56,D500,37,150,53,97,3,2025-11-26,2026-04-14,L670999
STK4015,SKU-10056,N95 Respirator Regular (Box/20),PPE,Northstar Medical Supply,Box,30.79,D111,121,148,39,109,3,2025-12-23,2026-10-29,L274021
STK4016,SKU-10056,N95 Respirator Regular (Box/20),PPE,Northstar Medical Supply,Box,30.79,D170,36,117,32,85,10,2025-11-22,2027-04-10,L412381
STK4017,SKU-10056,N95 Respirator Regular (Box/20),PPE,Northstar Medical Supply,Box,30.79,D196,71,153,60,93,3,2025-11-28,2026-04-06,L805667
STK4018,SKU-10063,"Procedure Mask, Ear Loop (Box/50)",PPE,CareLine Distributors,Box,5.82,D150,90,426,155,271,5,2025-12-27,,
STK4019,SKU-10063,"Procedure Mask, Ear Loop (Box/50)",PPE,CareLine Distributors,Box,5.82,D200,158,430,110,320,7,2025-12-25,,
STK4020,SKU-10063,"Procedure Mask, Ear Loop (Box/50)",PPE,CareLine Distributors,Box,5.82,D310,441,800,310,490,3,2025-12-08,,
STK4021,SKU-10070,"Face Shield, Full Length (Box/24)",PPE,Harbor Health Products,Box,19.06,D111,182,142,49,93,3,2025-11-23,,
STK4022,SKU-10070,"Face Shield, Full Length (Box/24)",PPE,Harbor Health Products,Box,19.06,D170,337,288,110,178,5,2025-12-13,,
STK4023,SKU-10070,"Face Shield, Full Length (Box/24)",PPE,Harbor Health Products,Box,19.06,D180,191,322,109,213,3,2025-11-30,,
STK4024,SKU-10077,"Shoe Covers, Non-Skid (Case/300)",PPE,Keystone Lab Solutions,Case,40.02,D110,121,115,44,71,5,2025-11-18,,
STK4025,SKU-10077,"Shoe Covers, Non-Skid (Case/300)",PPE,Keystone Lab Solutions,Case,40.02,D140,46,93,32,61,3,2025-12-16,,
STK4026,SKU-10077,"Shoe Covers, Non-Skid (Case/300)",PPE,Keystone Lab Solutions,Case,40.02,D196,213,164,42,122,5,2025-12-18,,
STK4027,SKU-10084,IV Catheter 14G x 1.16 in,IV Supplies,Pinnacle Biomedical,Box,60.04,D110,44,64,22,42,14,2025-11-16,2026-07-30,L227031
STK4028,SKU-10091,IV Catheter 16G x 1.16 in,IV Supplies,Pinnacle Biomedical,Box,69.18,D111,71,108,40,68,5,2025-12-10,2025-12-18,L323955
STK4029,SKU-10098,IV Catheter 18G x 1.16 in,IV Supplies,Pinnacle Biomedical,Box,73.33,D150,50,76,29,47,3,2025-11-25,2026-12-26,L551785
STK4030,SKU-10098,IV Catheter 18G x 1.16 in,IV Supplies,Pinnacle Biomedical,Box,73.33,D170,118,132,46,86,7,2025-12-01,2027-01-05,L490763
STK4031,SKU-10105,IV Catheter 20G x 1.16 in,IV Supplies,Pinnacle Biomedical,Box,69.13,D210,151,148,41,107,5,2025-12-13,2026-09-07,L262859
STK4032,SKU-10105,IV Catheter 20G x 1.16 in,IV Supplies,Pinnacle Biomedical,Box,69.13,D500,104,190,74,116,5,2025-12-04,2026-08-24,L416786
STK4033,SKU-10112,IV Catheter 22G x 1.16 in,IV Supplies,Pinnacle Biomedical,Box,68.17,D150,7,52,19,33,7,2025-12-03,2025-10-27,L236652
STK4034,SKU-10112,IV Catheter 22G x 1.16 in,IV Supplies,Pinnacle Biomedical,Box,68.17,D310,15,132,35,97,5,2025-11-30,2027-03-22,L564515
STK4035,SKU-10119,IV Catheter 24G x 1.16 in,IV Supplies,Pinnacle Biomedical,Box,63.47,D140,93,69,19,50,2,2025-12-04,2027-01-28,L705292
STK4036,SKU-10119,IV Catheter 24G x 1.16 in,IV Supplies,Pinnacle Biomedical,Box,63.47,D180,33,92,28,64,3,2025-12-24,2027-03-18,L791852
STK4037,SKU-10119,IV Catheter 24G x 1.16 in,IV Supplies,Pinnacle Biomedical,Box,63.47,D200,102,355,94,261,5,2025-12-07,2028-04-26,L343745
STK4038,SKU-10126,"Primary IV Tubing Set, 60 Drop",IV Supplies,Pinnacle Biomedical,Case,104.04,D180,50,38,12,26,3,2025-12-02,2028-08-21,L290377
STK4039,SKU-10133,"Primary IV Tubing Set, 15 Drop",IV Supplies,Pinnacle Biomedical,Case,104.81,D150,47,88,26,62,3,2025-11-16,2027-01-07,L815156
STK4040,SKU-10133,"Primary IV Tubing Set, 15 Drop",IV Supplies,Pinnacle Biomedical,Case,104.81,D210,102,115,40,75,2,2025-12-07,2027-07-24,L747790
STK4041,SKU-10140,"Primary IV Tubing Set, Pump Compatible",IV Supplies,Pinnacle Biomedical,Case,95.16,D130,118,121,43,78,14,2025-12-23,2026-05-27,L880339
STK4042,SKU-10140,"Primary IV Tubing Set, Pump Compatible",IV Supplies,Pinnacle Biomedical,Case,95.16,D310,50,102,32,70,2,2025-12-01,2026-03-11,L504964
STK4043,SKU-10147,Saline Flush Syringe 3 mL (Box/30),IV Supplies,Northstar Medical Supply,Box,8.76,D110,0,569,150,419,7,2025-12-28,2028-03-28,L146270
STK4044,SKU-10147,Saline Flush Syringe 3 mL (Box/30),IV Supplies,Northstar Medical Supply,Box,8.76,D130,430,336,109,227,5,2025-12-09,2025-11-08,L221415
STK4045,SKU-10147,Saline Flush Syringe 3 mL (Box/30),IV Supplies,Northstar Medical Supply,Box,8.76,D150,725,789,219,570,3,2025-12-11,2026-11-03,L253721
STK4046,SKU-10147,Saline Flush Syringe 3 mL (Box/30),IV Supplies,Northstar Medical Supply,Box,8.76,D170,362,800,203,597,14,2025-11-30,2028-06-24,L217895
STK4047,SKU-10154,Saline Flush Syringe 5 mL (Box/30),IV Supplies,Keystone Lab Solutions,Box,8.67,D100,260,247,83,164,3,2025-12-25,2028-02-14,L883793
STK4048,SKU-10161,Saline Flush Syringe 10 mL (Box/30),IV Supplies,Northstar Medical Supply,Box,8.22,D120,192,457,151,306,2,2025-11-26,2027-01-09,L655616
STK4049,SKU-10161,Saline Flush Syringe 10 mL (Box/30),IV Supplies,Northstar Medical Supply,Box,8.22,D170,412,328,102,226,5,2025-12-01,2028-07-01,L901870
STK4050,SKU-10161,Saline Flush Syringe 10 mL (Box/30),IV Supplies,Northstar Medical Supply,Box,8.22,D200,303,377,124,253,2,2025-12-10,2026-09-05,L867580
STK4051,SKU-10168,IV Start Kit with Chlorhexidine,IV Supplies,Apex Surgical Co.,Each,2.15,D140,921,800,255,545,3,2025-12-07,2027-12-16,L950718
STK4052,SKU-10168,IV Start Kit with Chlorhexidine,IV Supplies,Apex Surgical Co.,Each,2.15,D180,1061,800,307,493,5,2025-11-28,2028-06-09,L637549
STK4053,SKU-10168,IV Start Kit with Chlorhexidine,IV Supplies,Apex Surgical Co.,Each,2.15,D200,900,800,291,509,2,2025-12-18,2027-05-07,L957908
STK4054,SKU-10175,IV Extension Set 7 in,IV Supplies,Pinnacle Biomedical,Each,2.06,D110,268,800,213,587,3,2025-12-28,2025-12-05,L305460
STK4055,SKU-10182,IV Extension Set 30 in,IV Supplies,Pinnacle Biomedical,Each,1.79,D140,616,800,227,573,5,2025-12-15,2026-10-13,L676690
STK4056,SKU-10182,IV Extension Set 30 in,IV Supplies,Pinnacle Biomedical,Each,1.79,D180,544,800,278,522,7,2025-12-28,2028-01-20,L889112
STK4057,SKU-10182,IV Extension Set 30 in,IV Supplies,Pinnacle Biomedical,Each,1.79,D500,398,800,269,531,7,2025-12-01,2028-08-20,L753895
STK4058,SKU-10189,Gauze Sponge 2x2 Sterile (Pack/2),Wound Care,Northstar Medical Supply,Pack,0.41,D200,604,800,200,600,7,2025-11-20,2025-09-09,L959544
STK4059,SKU-10189,Gauze Sponge 2x2 Sterile (Pack/2),Wound Care,Northstar Medical Supply,Pack,0.41,D210,966,800,212,588,3,2025-12-05,2027-12-17,L643166
STK4060,SKU-10196,Gauze Sponge 4x4 Sterile (Pack/2),Wound Care,Northstar Medical Supply,Pack,0.42,D111,1051,800,294,506,3,2025-11-16,2027-11-10,L883540
STK4061,SKU-10196,Gauze Sponge 4x4 Sterile (Pack/2),Wound Care,Northstar Medical Supply,Pack,0.42,D170,380,800,253,547,10,2025-11-20,2028-09-10,L862513
STK4062,SKU-10196,Gauze Sponge 4x4 Sterile (Pack/2),Wound Care,Northstar Medical Supply,Pack,0.42,D210,49,800,254,546,2,2025-12-19,2026-10-02,L490041
STK4063,SKU-10203,Foam Dressing 3x3,Wound Care,Harbor Health Products,Each,4.71,D120,343,800,277,523,5,2025-12-08,2026-03-23,L623581
STK4064,SKU-10203,Foam Dressing 3x3,Wound Care,Harbor Health Products,Each,4.71,D180,358,406,129,277,3,2025-12-11,2026-05-17,L497960
STK4065,SKU-10203,Foam Dressing 3x3,Wound Care,Harbor Health Products,Each,4.71,D500,235,410,133,277,2,2025-12-07,2028-09-04,L735242
STK4066,SKU-10210,Foam Dressing 4x4,Wound Care,Harbor Health Products,Each,5.12,D111,192,800,210,590,5,2025-11-17,2027-12-17,L232324
STK4067,SKU-10210,Foam Dressing 4x4,Wound Care,Harbor Health Products,Each,5.12,D150,134,800,319,481,5,2025-12-19,2027-07-29,L638150
STK4068,SKU-10217,Foam Dressing 6x6,Wound Care,Keystone Lab Solutions,Each,4.80,D120,380,800,313,487,10,2025-12-13,2028-01-31,L101868
STK4069,SKU-10217,Foam Dressing 6x6,Wound Care,Keystone Lab Solutions,Each,4.80,D130,451,513,146,367,10,2025-12-31,2027-09-18,L951644
STK4070,SKU-10217,Foam Dressing 6x6,Wound Care,Keystone Lab Solutions,Each,4.80,D170,171,287,92,195,2,2025-12-09,2028-03-05,L842949
STK4071,SKU-10217,Foam Dressing 6x6,Wound Care,Keystone Lab Solutions,Each,4.80,D180,23,800,304,496,7,2025-12-24,2026-06-18,L241779
STK4072,SKU-10224,Transparent Film Dressing 2.4x2.8,Wound Care,Harbor Health Products,Each,0.79,D110,977,800,268,532,3,2025-12-04,2026-02-03,L439364
STK4073,SKU-10224,Transparent Film Dressing 2.4x2.8,Wound Care,Harbor Health Products,Each,0.79,D180,1004,800,232,568,10,2025-11-22,2028-08-16,L392397
STK4074,SKU-10224,Transparent Film Dressing 2.4x2.8,Wound Care,Harbor Health Products,Each,0.79,D196,583,800,269,531,3,2025-12-02,2025-12-18,L557125
STK4075,SKU-10224,Transparent Film Dressing 2.4x2.8,Wound Care,Harbor Health Products,Each,0.79,D210,987,800,282,518,2,2025-12-26,2028-08-12,L772202
STK4076,SKU-10231,Transparent Film Dressing 4x4.75,Wound Care,Harbor Health Products,Each,0.88,D170,437,800,279,521,10,2025-11-16,2025-11-09,L948932
STK4077,SKU-10231,Transparent Film Dressing 4x4.75,Wound Care,Harbor Health Products,Each,0.88,D180,1028,800,251,549,7,2025-12-23,2026-12-29,L123853
STK4078,SKU-10231,Transparent Film Dressing 4x4.75,Wound Care,Harbor Health Products,Each,0.88,D210,225,800,235,565,7,2025-12-09,2027-11-02,L209670
STK4079,SKU-10238,Abdominal Pad 8x10 Sterile,Wound Care,Northstar Medical Supply,Each,0.57,D310,0,800,241,559,7,2025-11-24,2026-08-02,L629557
STK4080,SKU-10245,Silver Alginate Dressing 2x2,Wound Care,Pinnacle Biomedical,Each,12.46,D150,299,336,98,238,3,2025-12-19,2028-06-30,L411657
STK4081,SKU-10245,Silver Alginate Dressing 2x2,Wound Care,Pinnacle Biomedical,Each,12.46,D196,725,577,156,421,2,2025-12-30,2027-06-14,L780527
STK4082,SKU-10252,Silver Alginate Dressing 4x5,Wound Care,Pinnacle Biomedical,Each,13.32,D140,242,298,86,212,7,2025-11-17,2027-04-23,L955840
STK4083,SKU-10252,Silver Alginate Dressing 4x5,Wound Care,Pinnacle Biomedical,Each,13.32,D150,152,218,82,136,2,2025-12-31,2027-10-18,L147835
STK4084,SKU-10252,Silver Alginate Dressing 4x5,Wound Care,Pinnacle Biomedical,Each,13.32,D180,99,291,92,199,3,2025-12-14,2028-04-11,L691707
STK4085,SKU-10259,Elastic Bandage 2 in,Wound Care,CareLine Distributors,Each,1.29,D180,574,800,277,523,7,2025-12-19,,
STK4086,SKU-10259,Elastic Bandage 2 in,Wound Care,CareLine Distributors,Each,1.29,D200,878,800,275,525,2,2025-11-28,,
STK4087,SKU-10259,Elastic Bandage 2 in,Wound Care,CareLine Distributors,Each,1.29,D300,1076,800,248,552,14,2025-12-19,,
STK4088,SKU-10266,Elastic Bandage 4 in,Wound Care,Summit Orthopedic Systems,Each,1.38,D500,788,800,305,495,3,2025-11-28,,
STK4089,SKU-10273,Elastic Bandage 6 in,Wound Care,CareLine Distributors,Each,1.30,D100,633,800,300,500,7,2025-12-29,,
STK4090,SKU-10273,Elastic Bandage 6 in,Wound Care,CareLine Distributors,Each,1.30,D111,129,800,277,523,7,2025-12-06,,
STK4091,SKU-10273,Elastic Bandage 6 in,Wound Care,CareLine Distributors,Each,1.30,D120,914,800,234,566,5,2025-12-25,,
STK4092,SKU-10280,"Nasal Cannula, Adult",Respiratory,Northstar Medical Supply,Each,0.96,D200,961,800,289,511,5,2025-12-19,,
STK4093,SKU-10287,"Nasal Cannula, Pediatric",Respiratory,Northstar Medical Supply,Each,0.91,D110,809,800,207,593,2,2025-12-05,,
STK4094,SKU-10287,"Nasal Cannula, Pediatric",Respiratory,Northstar Medical Supply,Each,0.91,D111,135,800,238,562,3,2025-12-01,,
STK4095,SKU-10294,"Nasal Cannula, Infant",Respiratory,Northstar Medical Supply,Each,0.99,D111,974,800,228,572,7,2025-12-04,,
STK4096,SKU-10294,"Nasal Cannula, Infant",Respiratory,Northstar Medical Supply,Each,0.99,D180,603,800,287,513,2,2025-11-24,,
STK4097,SKU-10294,"Nasal Cannula, Infant",Respiratory,Northstar Medical Supply,Each,0.99,D200,1016,800,271,529,2,2025-11-25,,
STK4098,SKU-10301,"Non-Rebreather Mask, Adult",Respiratory,CareLine Distributors,Each,2.29,D110,947,800,238,562,5,2025-12-08,,
STK4099,SKU-10308,"Non-Rebreather Mask, Pediatric",Respiratory,Northstar Medical Supply,Each,2.16,D100,477,800,204,596,5,2025-11-27,,
STK4100,SKU-10308,"Non-Rebreather Mask, Pediatric",Respiratory,Northstar Medical Supply,Each,2.16,D110,586,800,249,551,14,2025-11-28,,
STK4101,SKU-10308,"Non-Rebreather Mask, Pediatric",Respiratory,Northstar Medical Supply,Each,2.16,D200,607,697,201,496,3,2025-12-06,,
STK4102,SKU-10315,Nebulizer Kit with Mouthpiece,Respiratory,CareLine Distributors,Each,3.11,D100,401,414,128,286,3,2025-12-07,,
STK4103,SKU-10315,Nebulizer Kit with Mouthpiece,Respiratory,CareLine Distributors,Each,3.11,D110,1026,800,256,544,14,2025-12-12,,
STK4104,SKU-10315,Nebulizer Kit with Mouthpiece,Respiratory,CareLine Distributors,Each,3.11,D111,950,716,192,524,5,2025-12-05,,
STK4105,SKU-10315,Nebulizer Kit with Mouthpiece,Respiratory,CareLine Distributors,Each,3.11,D180,660,685,178,507,3,2025-12-27,,
STK4106,SKU-10322,Suction Canister 1200 mL,Respiratory,CareLine Distributors,Each,3.28,D130,299,800,238,562,10,2025-12-05,,
STK4107,SKU-10329,Suction Canister 1500 mL,Respiratory,CareLine Distributors,Each,3.00,D100,991,800,290,510,5,2025-12-07,,
STK4108,SKU-10329,Suction Canister 1500 mL,Respiratory,CareLine Distributors,Each,3.00,D130,491,697,272,425,5,2025-12-14,,
STK4109,SKU-10329,Suction Canister 1500 mL,Respiratory,CareLine Distributors,Each,3.00,D180,507,504,179,325,5,2025-11-18,,
STK4110,SKU-10336,Suction Canister 3000 mL,Respiratory,CareLine Distributors,Each,3.06,D100,472,800,209,591,3,2025-11-27,,
STK4111,SKU-10336,Suction Canister 3000 mL,Respiratory,CareLine Distributors,Each,3.06,D130,1046,800,294,506,2,2025-11-19,,
STK4112,SKU-10343,Yankauer Suction Tip,Respiratory,CareLine Distributors,Each,0.77,D130,752,800,265,535,3,2025-12-23,,
STK4113,SKU-10343,Yankauer Suction Tip,Respiratory,CareLine Distributors,Each,0.77,D180,140,800,315,485,10,2025-11-18,,
STK4114,SKU-10343,Yankauer Suction Tip,Respiratory,CareLine Distributors,Each,0.77,D300,478,800,274,526,2,2025-11-30,,
STK4115,SKU-10350,Endotracheal Tube 6.5 mm Cuffed,Respiratory,CareLine Distributors,Each,7.47,D110,0,487,123,364,2,2025-12-08,2027-05-22,L618214
STK4116,SKU-10350,Endotracheal Tube 6.5 mm Cuffed,Respiratory,CareLine Distributors,Each,7.47,D130,385,358,139,219,5,2025-12-11,2026-01-05,L456539
STK4117,SKU-10350,Endotracheal Tube 6.5 mm Cuffed,Respiratory,CareLine Distributors,Each,7.47,D180,41,326,89,237,5,2025-12-31,2026-04-16,L672777
STK4118,SKU-10350,Endotracheal Tube 6.5 mm Cuffed,Respiratory,CareLine Distributors,Each,7.47,D200,250,319,125,194,7,2025-12-12,2027-12-20,L891879
STK4119,SKU-10357,Endotracheal Tube 7.0 mm Cuffed,Respiratory,Pinnacle Biomedical,Each,6.87,D130,206,401,132,269,10,2025-11-25,2026-10-01,L752128
STK4120,SKU-10357,Endotracheal Tube 7.0 mm Cuffed,Respiratory,Pinnacle Biomedical,Each,6.87,D200,41,754,244,510,2,2025-12-31,2025-12-30,L776015
STK4121,SKU-10364,Endotracheal Tube 7.5 mm Cuffed,Respiratory,Pinnacle Biomedical,Each,7.24,D111,400,333,90,243,10,2025-12-27,2025-11-23,L207562
STK4122,SKU-10364,Endotracheal Tube 7.5 mm Cuffed,Respiratory,Pinnacle Biomedical,Each,7.24,D130,294,387,108,279,3,2025-12-05,2027-11-27,L633099
STK4123,SKU-10364,Endotracheal Tube 7.5 mm Cuffed,Respiratory,Pinnacle Biomedical,Each,7.24,D200,228,422,155,267,7,2025-12-30,2026-03-21,L348427
STK4124,SKU-10371,Endotracheal Tube 8.0 mm Cuffed,Respiratory,Pinnacle Biomedical,Each,6.65,D100,641,791,300,491,3,2025-12-22,2027-09-21,L475434
STK4125,SKU-10371,Endotracheal Tube 8.0 mm Cuffed,Respiratory,Pinnacle Biomedical,Each,6.65,D300,392,602,182,420,5,2025-12-25,2027-11-14,L857893
STK4126,SKU-10378,"Blood Culture Bottle, Aerobic",Lab Supplies,Keystone Lab Solutions,Each,8.39,D100,343,470,177,293,2,2025-11-25,2026-10-20,L683507
STK4127,SKU-10378,"Blood Culture Bottle, Aerobic",Lab Supplies,Keystone Lab Solutions,Each,8.39,D130,244,281,96,185,3,2025-12-31,2027-02-15,L263639
STK4128,SKU-10385,"Blood Culture Bottle, Anaerobic",Lab Supplies,Harbor Health Products,Each,7.01,D100,807,635,172,463,5,2025-11-27,2027-12-30,L369929
STK4129,SKU-10385,"Blood Culture Bottle, Anaerobic",Lab Supplies,Harbor Health Products,Each,7.01,D130,567,491,157,334,10,2025-11-19,2027-10-10,L287181
STK4130,SKU-10385,"Blood Culture Bottle, Anaerobic",Lab Supplies,Harbor Health Products,Each,7.01,D500,277,786,251,535,10,2025-12-09,2027-12-17,L267601
STK4131,SKU-10392,"Blood Culture Bottle, Pediatric",Lab Supplies,Northstar Medical Supply,Each,7.78,D130,142,490,137,353,10,2025-12-02,2027-01-24,L198662
STK4132,SKU-10392,"Blood Culture Bottle, Pediatric",Lab Supplies,Northstar Medical Supply,Each,7.78,D500,330,798,246,552,5,2025-11-21,2028-07-31,L980734
STK4133,SKU-10399,Vacutainer Tube Lavender 4 mL (Box/100),Lab Supplies,Keystone Lab Solutions,Box,22.26,D100,112,288,106,182,3,2025-12-17,2026-07-30,L191680
STK4134,SKU-10406,Vacutainer Tube Light Blue 2.7 mL (Box/100),Lab Supplies,Keystone Lab Solutions,Box,27.57,D100,20,120,44,76,7,2025-12-12,2028-09-08,L128438
STK4135,SKU-10406,Vacutainer Tube Light Blue 2.7 mL (Box/100),Lab Supplies,Keystone Lab Solutions,Box,27.57,D130,79,219,60,159,10,2025-12-04,2027-08-05,L223246
STK4136,SKU-10406,Vacutainer Tube Light Blue 2.7 mL (Box/100),Lab Supplies,Keystone Lab Solutions,Box,27.57,D500,366,362,106,256,3,2025-12-31,2028-09-21,L275121
STK4137,SKU-10413,Vacutainer Tube Gold SST 5 mL (Box/100),Lab Supplies,Keystone Lab Solutions,Box,25.93,D100,34,395,133,262,5,2025-12-26,2026-12-22,L924519
STK4138,SKU-10413,Vacutainer Tube Gold SST 5 mL (Box/100),Lab Supplies,Keystone Lab Solutions,Box,25.93,D130,139,110,37,73,10,2025-12-18,2028-09-19,L862034
STK4139,SKU-10413,Vacutainer Tube Gold SST 5 mL (Box/100),Lab Supplies,Keystone Lab Solutions,Box,25.93,D500,147,231,91,140,2,2025-12-25,2028-02-08,L195017
STK4140,SKU-10420,Vacutainer Tube Green 4 mL (Box/100),Lab Supplies,Keystone Lab Solutions,Box,26.67,D100,111,143,56,87,3,2025-12-07,2026-07-06,L202327
STK4141,SKU-10420,Vacutainer Tube Green 4 mL (Box/100),Lab Supplies,Keystone Lab Solutions,Box,26.67,D130,51,100,38,62,2,2025-11-30,2026-12-03,L172766
STK4142,SKU-10420,Vacutainer Tube Green 4 mL (Box/100),Lab Supplies,Keystone Lab Solutions,Box,26.67,D500,44,105,30,75,2,2025-11-17,2026-12-11,L888933
STK4143,SKU-10427,Vacutainer Tube Gray 4 mL (Box/100),Lab Supplies,Keystone Lab Solutions,Box,23.86,D130,167,210,82,128,3,2025-11-27,2026-07-24,L645022
STK4144,SKU-10427,Vacutainer Tube Gray 4 mL (Box/100),Lab Supplies,Keystone Lab Solutions,Box,23.86,D500,156,259,87,172,5,2025-11-22,2028-05-28,L591818
STK4145,SKU-10434,Safety Lancet 21G (Box/200),Lab Supplies,Keystone Lab Solutions,Box,21.46,D100,333,255,67,188,3,2025-12-31,2027-01-31,L676170
STK4146,SKU-10434,Safety Lancet 21G (Box/200),Lab Supplies,Keystone Lab Solutions,Box,21.46,D500,351,423,116,307,3,2025-11-23,2027-12-14,L813216
STK4147,SKU-10441,Safety Lancet 23G (Box/200),Lab Supplies,Harbor Health Products,Box,20.74,D130,263,255,68,187,2,2025-12-10,2027-06-20,L979392
STK4148,SKU-10448,Specimen Container 4 oz Sterile,Lab Supplies,Keystone Lab Solutions,Each,0.45,D100,223,800,248,552,7,2025-12-12,,
STK4149,SKU-10448,Specimen Container 4 oz Sterile,Lab Supplies,Keystone Lab Solutions,Each,0.45,D130,985,800,268,532,7,2025-12-28,,
STK4150,SKU-10448,Specimen Container 4 oz Sterile,Lab Supplies,Keystone Lab Solutions,Each,0.45,D500,349,800,280,520,7,2025-12-21,,
STK4151,SKU-10455,Glucose Test Strips (Box/50),Lab Supplies,Keystone Lab Solutions,Box,19.15,D500,706,524,201,323,7,2025-12-03,2026-08-13,L927136
STK4152,SKU-10462,Urinalysis Reagent Strips (Bottle/100),Lab Supplies,Northstar Medical Supply,Bottle,34.35,D100,125,264,93,171,7,2025-12-17,2027-09-27,L416823
STK4153,SKU-10462,Urinalysis Reagent Strips (Bottle/100),Lab Supplies,Northstar Medical Supply,Bottle,34.35,D500,94,188,58,130,10,2025-11-22,2027-02-17,L602287
STK4154,SKU-10469,Absorbable Suture 2-0,Surgical,Apex Surgical Co.,Box,121.99,D100,45,38,13,25,10,2025-12-16,2026-09-23,L289056
STK4155,SKU-10476,Absorbable Suture 3-0,Surgical,CareLine Distributors,Box,100.58,D100,95,93,35,58,2,2025-12-26,2027-01-13,L548965
STK4156,SKU-10476,Absorbable Suture 3-0,Surgical,CareLine Distributors,Box,100.58,D200,66,73,19,54,2,2025-12-15,2026-01-27,L308334
STK4157,SKU-10483,Absorbable Suture 4-0,Surgical,Apex Surgical Co.,Box,116.75,D200,0,89,24,65,10,2025-11-23,2026-07-28,L190346
STK4158,SKU-10490,Nylon Suture 3-0,Surgical,Apex Surgical Co.,Box,62.58,D196,55,55,16,39,2,2025-12-12,2026-12-15,L922768
STK4159,SKU-10490,Nylon Suture 3-0,Surgical,Apex Surgical Co.,Box,62.58,D200,24,82,22,60,3,2025-12-21,2026-04-09,L887965
STK4160,SKU-10497,Nylon Suture 4-0,Surgical,Apex Surgical Co.,Box,65.10,D100,56,59,15,44,5,2025-11-18,2028-05-18,L263161
STK4161,SKU-10497,Nylon Suture 4-0,Surgical,Apex Surgical Co.,Box,65.10,D200,13,127,44,83,10,2025-11-16,2026-10-02,L405637
STK4162,SKU-10504,Nylon Suture 5-0,Surgical,Pinnacle Biomedical,Box,69.55,D196,0,52,14,38,2,2025-11-17,2028-04-22,L988525
STK4163,SKU-10504,Nylon Suture 5-0,Surgical,Pinnacle Biomedical,Box,69.55,D300,87,183,71,112,10,2025-12-03,2026-08-10,L755825
STK4164,SKU-10511,Surgical Blade #10 (Box/50),Surgical,Apex Surgical Co.,Box,23.51,D300,737,717,240,477,10,2025-12-12,,
STK4165,SKU-10518,Surgical Blade #11 (Box/50),Surgical,Apex Surgical Co.,Box,27.03,D100,192,210,71,139,3,2025-12-10,,
STK4166,SKU-10518,Surgical Blade #11 (Box/50),Surgical,Apex Surgical Co.,Box,27.03,D196,66,187,51,136,3,2025-12-23,,
STK4167,SKU-10518,Surgical Blade #11 (Box/50),Surgical,Apex Surgical Co.,Box,27.03,D300,120,197,67,130,2,2025-12-17,,
STK4168,SKU-10525,Surgical Blade #15 (Box/50),Surgical,Apex Surgical Co.,Box,24.77,D100,35,143,53,90,2,2025-11-23,,
STK4169,SKU-10525,Surgical Blade #15 (Box/50),Surgical,Apex Surgical Co.,Box,24.77,D200,345,307,102,205,10,2025-11-19,,
STK4170,SKU-10532,Skin Stapler 35W,Surgical,Apex Surgical Co.,Each,14.27,D196,129,111,43,68,3,2025-12-29,,
STK4171,SKU-10532,Skin Stapler 35W,Surgical,Apex Surgical Co.,Each,14.27,D200,355,335,93,242,5,2025-12-14,,
STK4172,SKU-10539,Laparoscopic Trocar 5 mm,Surgical,Apex Surgical Co.,Each,91.65,D100,80,128,40,88,3,2025-11-16,,
STK4173,SKU-10539,Laparoscopic Trocar 5 mm,Surgical,Apex Surgical Co.,Each,91.65,D200,129,120,47,73,10,2025-12-05,,
STK4174,SKU-10539,Laparoscopic Trocar 5 mm,Surgical,Apex Surgical Co.,Each,91.65,D300,79,81,24,57,7,2025-11-22,,
STK4175,SKU-10546,Laparoscopic Trocar 12 mm,Surgical,Apex Surgical Co.,Each,96.71,D200,45,81,26,55,14,2025-12-20,,
STK4176,SKU-10546,Laparoscopic Trocar 12 mm,Surgical,Apex Surgical Co.,Each,96.71,D300,118,107,32,75,10,2025-12-22,,
STK4177,SKU-10553,Universal Surgical Drape Pack,Surgical,Apex Surgical Co.,Each,34.22,D100,358,511,142,369,7,2025-12-25,,
STK4178,SKU-10553,Universal Surgical Drape Pack,Surgical,Apex Surgical Co.,Each,34.22,D196,221,194,57,137,5,2025-12-14,,
STK4179,SKU-10560,"Surgical Gown, Sterile Large",Surgical,Apex Surgical Co.,Each,4.46,D100,182,787,302,485,5,2025-11-28,,
STK4180,SKU-10560,"Surgical Gown, Sterile Large",Surgical,Apex Surgical Co.,Each,4.46,D196,299,313,120,193,2,2025-12-13,,
STK4181,SKU-10560,"Surgical Gown, Sterile Large",Surgical,Apex Surgical Co.,Each,4.46,D200,734,800,213,587,3,2025-12-17,,
STK4182,SKU-10560,"Surgical Gown, Sterile Large",Surgical,Apex Surgical Co.,Each,4.46,D300,561,682,205,477,5,2025-12-26,,
STK4183,SKU-10567,"Surgical Gown, Sterile X-Large",Surgical,Northstar Medical Supply,Each,5.35,D196,258,404,150,254,3,2025-12-23,,
STK4184,SKU-10574,"Hip Femoral Stem, Size 10",Orthopedic Implants,Summit Orthopedic Systems,Each,2621.52,D196,12,9,3,6,2,2025-11-19,,
STK4185,SKU-10581,"Hip Femoral Stem, Size 11",Orthopedic Implants,Summit Orthopedic Systems,Each,2868.04,D196,5,4,1,3,7,2025-12-24,,
STK4186,SKU-10588,"Hip Femoral Stem, Size 12",Orthopedic Implants,Summit Orthopedic Systems,Each,2674.84,D196,1,3,1,2,5,2025-11-18,,
STK4187,SKU-10595,"Hip Femoral Stem, Size 13",Orthopedic Implants,Summit Orthopedic Systems,Each,2533.67,D196,5,17,5,12,14,2025-11-21,,
STK4188,SKU-10602,"Hip Femoral Stem, Size 14",Orthopedic Implants,Summit Orthopedic Systems,Each,2792.40,D196,3,5,2,3,10,2025-12-29,,
STK4189,SKU-10609,"Knee Tibial Tray, Size 3",Orthopedic Implants,Summit Orthopedic Systems,Each,1814.37,D196,6,6,2,4,3,2025-12-15,,
STK4190,SKU-10616,"Knee Tibial Tray, Size 4",Orthopedic Implants,Summit Orthopedic Systems,Each,2087.13,D196,4,4,1,3,3,2025-12-12,,
STK4191,SKU-10623,"Knee Tibial Tray, Size 5",Orthopedic Implants,Summit Orthopedic Systems,Each,2024.44,D196,2,12,3,9,3,2025-12-06,,
STK4192,SKU-10630,"Knee Tibial Tray, Size 6",Orthopedic Implants,Keystone Lab Solutions,Each,1829.20,D196,5,9,3,6,5,2025-11-26,,
STK4193,SKU-10637,Cortical Screw 3.5 mm x 20 mm,Orthopedic Implants,Summit Orthopedic Systems,Each,50.28,D196,205,205,72,133,3,2025-11-16,,
STK4194,SKU-10644,Cortical Screw 3.5 mm x 30 mm,Orthopedic Implants,Summit Orthopedic Systems,Each,48.46,D196,25,58,21,37,5,2025-11-18,,
STK4195,SKU-10651,Cortical Screw 3.5 mm x 40 mm,Orthopedic Implants,Summit Orthopedic Systems,Each,43.65,D196,146,200,66,134,14,2025-12-14,,
STK4196,SKU-10658,Locking Plate 6-Hole,Orthopedic Implants,Summit Orthopedic Systems,Each,625.77,D196,22,23,9,14,2,2025-12-30,,
STK4197,SKU-10665,Locking Plate 8-Hole,Orthopedic Implants,Summit Orthopedic Systems,Each,580.07,D196,12,14,5,9,5,2025-11-22,,
STK4198,SKU-10672,Locking Plate 10-Hole,Orthopedic Implants,Summit Orthopedic Systems,Each,592.11,D196,2,21,6,15,7,2025-12-13,,
STK4199,SKU-10679,Drug-Eluting Stent 2.5 x 18 mm,Cardiac,Pinnacle Biomedical,Each,1392.43,D130,18,15,6,9,5,2025-12-23,2027-01-06,L597164
STK4200,SKU-10686,Drug-Eluting Stent 3.0 x 18 mm,Cardiac,Pinnacle Biomedical,Each,1484.05,D120,7,9,3,6,3,2025-11-26,2026-10-29,L863579
STK4201,SKU-10686,Drug-Eluting Stent 3.0 x 18 mm,Cardiac,Pinnacle Biomedical,Each,1484.05,D130,17,13,5,8,2,2025-12-22,2026-02-17,L717064
STK4202,SKU-10686,Drug-Eluting Stent 3.0 x 18 mm,Cardiac,Pinnacle Biomedical,Each,1484.05,D196,6,11,4,7,10,2025-12-15,2028-06-14,L696204
STK4203,SKU-10693,Drug-Eluting Stent 3.5 x 23 mm,Cardiac,Pinnacle Biomedical,Each,1458.48,D100,4,10,3,7,3,2025-12-04,2027-12-11,L673777
STK4204,SKU-10693,Drug-Eluting Stent 3.5 x 23 mm,Cardiac,Pinnacle Biomedical,Each,1458.48,D120,8,6,2,4,3,2025-12-23,2028-03-01,L686202
STK4205,SKU-10693,Drug-Eluting Stent 3.5 x 23 mm,Cardiac,Pinnacle Biomedical,Each,1458.48,D130,17,18,7,11,10,2025-11-19,2028-02-02,L619521
STK4206,SKU-10700,Guide Wire 0.035 in x 150 cm,Cardiac,Pinnacle Biomedical,Each,40.13,D120,75,228,91,137,5,2025-11-28,2027-10-04,L989259
STK4207,SKU-10700,Guide Wire 0.035 in x 150 cm,Cardiac,Pinnacle Biomedical,Each,40.13,D130,161,198,70,128,2,2025-11-26,2027-03-12,L953245
STK4208,SKU-10707,Guide Wire 0.035 in x 260 cm,Cardiac,Pinnacle Biomedical,Each,37.34,D100,0,83,25,58,2,2025-12-11,2026-08-21,L724793
STK4209,SKU-10707,Guide Wire 0.035 in x 260 cm,Cardiac,Pinnacle Biomedical,Each,37.34,D196,329,319,118,201,7,2025-12-13,2027-04-07,L766796
STK4210,SKU-10714,ECG Electrodes (Pack/30),Cardiac,Northstar Medical Supply,Pack,5.58,D120,877,800,295,505,10,2025-11-16,2026-10-13,L273814
STK4211,SKU-10714,ECG Electrodes (Pack/30),Cardiac,Northstar Medical Supply,Pack,5.58,D196,358,270,96,174,2,2025-12-24,2028-03-22,L866223
STK4212,SKU-10721,"Defibrillator Pads, Adult",Cardiac,Pinnacle Biomedical,Pair,40.29,D196,32,168,50,118,7,2025-12-21,2027-03-05,L337962
STK4213,SKU-10728,"Defibrillator Pads, Pediatric",Cardiac,Pinnacle Biomedical,Pair,41.27,D120,208,212,73,139,5,2025-12-01,2028-08-31,L329003
STK4214,SKU-10728,"Defibrillator Pads, Pediatric",Cardiac,Pinnacle Biomedical,Pair,41.27,D130,95,154,55,99,10,2025-12-18,2028-04-10,L738041
STK4215,SKU-10728,"Defibrillator Pads, Pediatric",Cardiac,Pinnacle Biomedical,Pair,41.27,D196,0,195,59,136,2,2025-11-21,2026-12-29,L354334
STK4216,SKU-10735,"Patient Gown, Standard",Linens,Harbor Health Products,Dozen,39.37,D110,171,172,56,116,5,2025-12-24,,
STK4217,SKU-10735,"Patient Gown, Standard",Linens,Harbor Health Products,Dozen,39.37,D196,18,119,36,83,5,2025-11-29,,
STK4218,SKU-10742,"Patient Gown, Bariatric",Linens,Harbor Health Products,Dozen,34.14,D170,329,277,92,185,5,2025-11-25,,
STK4219,SKU-10742,"Patient Gown, Bariatric",Linens,Harbor Health Products,Dozen,34.14,D180,97,98,36,62,7,2025-12-06,,
STK4220,SKU-10749,"Patient Gown, Pediatric",Linens,Harbor Health Products,Dozen,35.76,D210,165,250,77,173,10,2025-12-07,,
STK4221,SKU-10756,Bath Blanket,Linens,Harbor Health Products,Dozen,47.30,D170,92,69,24,45,3,2025-11-19,,
STK4222,SKU-10756,Bath Blanket,Linens,Harbor Health Products,Dozen,47.30,D200,227,288,107,181,3,2025-12-13,,
STK4223,SKU-10763,Fitted Bed Sheet,Linens,Harbor Health Products,Dozen,47.86,D170,24,54,18,36,10,2025-12-08,,
STK4224,SKU-10763,Fitted Bed Sheet,Linens,Harbor Health Products,Dozen,47.86,D500,241,187,70,117,7,2025-11-30,,
STK4225,SKU-10770,Foley Catheter Tray 14 Fr,Patient Care,Northstar Medical Supply,Each,10.41,D120,204,318,112,206,7,2025-12-08,2026-10-03,L963468
STK4226,SKU-10770,Foley Catheter Tray 14 Fr,Patient Care,Northstar Medical Supply,Each,10.41,D150,58,163,41,122,14,2025-12-16,2028-04-12,L257408
STK4227,SKU-10777,Foley Catheter Tray 16 Fr,Patient Care,Northstar Medical Supply,Each,11.86,D100,257,235,63,172,2,2025-12-01,2028-08-01,L603441
STK4228,SKU-10777,Foley Catheter Tray 16 Fr,Patient Care,Northstar Medical Supply,Each,11.86,D130,143,175,64,111,2,2025-11-21,2027-08-08,L771391
STK4229,SKU-10777,Foley Catheter Tray 16 Fr,Patient Care,Northstar Medical Supply,Each,11.86,D170,208,546,174,372,2,2025-12-20,2026-12-23,L622391
STK4230,SKU-10784,Foley Catheter Tray 18 Fr,Patient Care,Northstar Medical Supply,Each,11.62,D110,240,255,101,154,7,2025-12-14,2027-06-15,L216747
STK4231,SKU-10784,Foley Catheter Tray 18 Fr,Patient Care,Northstar Medical Supply,Each,11.62,D140,270,211,65,146,3,2025-12-24,2025-11-06,L245650
STK4232,SKU-10791,"Incontinence Brief, Medium (Pack/18)",Patient Care,CareLine Distributors,Pack,11.72,D100,463,580,197,383,3,2025-12-12,,
STK4233,SKU-10791,"Incontinence Brief, Medium (Pack/18)",Patient Care,CareLine Distributors,Pack,11.72,D130,419,343,90,253,2,2025-12-19,,
STK4234,SKU-10791,"Incontinence Brief, Medium (Pack/18)",Patient Care,CareLine Distributors,Pack,11.72,D210,102,206,75,131,3,2025-12-23,,
STK4235,SKU-10798,"Incontinence Brief, Large (Pack/18)",Patient Care,CareLine Distributors,Pack,11.62,D140,217,244,93,151,10,2025-12-14,,
STK4236,SKU-10798,"Incontinence Brief, Large (Pack/18)",Patient Care,CareLine Distributors,Pack,11.62,D170,76,258,65,193,10,2025-12-18,,
STK4237,SKU-10805,"Incontinence Brief, X-Large (Pack/18)",Patient Care,CareLine Distributors,Pack,12.06,D180,97,300,105,195,10,2025-12-31,,
STK4238,SKU-10805,"Incontinence Brief, X-Large (Pack/18)",Patient Care,CareLine Distributors,Pack,12.06,D500,198,450,123,327,7,2025-11-26,,
STK4239,SKU-10812,Thermometer Probe Covers (Box/200),Patient Care,Northstar Medical Supply,Box,9.17,D200,12,195,64,131,10,2025-12-07,,
STK4240,SKU-10812,Thermometer Probe Covers (Box/200),Patient Care,Northstar Medical Supply,Box,9.17,D210,318,800,207,593,2,2025-12-26,,
STK4241,SKU-10819,Disposable Washcloths (Pack/8),Patient Care,CareLine Distributors,Pack,1.99,D120,345,800,237,563,7,2025-11-26,,
STK4242,SKU-10819,Disposable Washcloths (Pack/8),Patient Care,CareLine Distributors,Pack,1.99,D300,303,800,297,503,3,2025-12-24,,
STK4243,SKU-10826,"Sequential Compression Sleeve, Knee Length",Patient Care,Pinnacle Biomedical,Pair,34.27,D170,102,236,90,146,3,2025-12-26,,
STK4244,SKU-10833,"Sequential Compression Sleeve, Thigh Length",Patient Care,Pinnacle Biomedical,Pair,30.74,D130,7,167,42,125,5,2025-12-11,,
STK4245,SKU-10840,Hand Sanitizer Foam 1000 mL,Patient Care,Harbor Health Products,Each,9.56,D110,303,594,221,373,14,2025-12-08,2026-12-06,L312690
STK4246,SKU-10840,Hand Sanitizer Foam 1000 mL,Patient Care,Harbor Health Products,Each,9.56,D140,361,379,129,250,10,2025-11-30,2027-12-06,L551698
STK4247,SKU-10847,Oral Syringe 1 mL (Box/100),Pharmacy Supplies,Northstar Medical Supply,Box,14.25,D120,400,658,220,438,7,2025-12-07,,
STK4248,SKU-10847,Oral Syringe 1 mL (Box/100),Pharmacy Supplies,Northstar Medical Supply,Box,14.25,D170,739,606,159,447,5,2025-12-02,,
STK4249,SKU-10847,Oral Syringe 1 mL (Box/100),Pharmacy Supplies,Northstar Medical Supply,Box,14.25,D200,631,800,206,594,5,2025-12-07,,
STK4250,SKU-10854,Oral Syringe 5 mL (Box/100),Pharmacy Supplies,Northstar Medical Supply,Box,13.02,D210,186,279,100,179,3,2025-12-29,,
STK4251,SKU-10854,Oral Syringe 5 mL (Box/100),Pharmacy Supplies,Northstar Medical Supply,Box,13.02,D500,167,221,74,147,5,2025-12-02,,
STK4252,SKU-10861,Oral Syringe 10 mL (Box/100),Pharmacy Supplies,Northstar Medical Supply,Box,13.43,D170,270,335,104,231,5,2025-12-12,,
STK4253,SKU-10861,Oral Syringe 10 mL (Box/100),Pharmacy Supplies,Northstar Medical Supply,Box,13.43,D210,204,630,241,389,3,2025-12-15,,
STK4254,SKU-10868,Pill Crusher Pouches (Box/1000),Pharmacy Supplies,CareLine Distributors,Box,23.63,D100,183,216,81,135,5,2025-12-24,,
STK4255,SKU-10868,Pill Crusher Pouches (Box/1000),Pharmacy Supplies,CareLine Distributors,Box,23.63,D170,111,138,54,84,3,2025-12-17,,
STK4256,SKU-10875,IV Bag Label Roll,Pharmacy Supplies,CareLine Distributors,Roll,8.36,D111,0,447,148,299,5,2025-12-26,,
STK4257,SKU-10875,IV Bag Label Roll,Pharmacy Supplies,CareLine Distributors,Roll,8.36,D180,752,655,228,427,5,2025-12-29,,
